OrderID,OrderDate,FiscalQuarter,Region,Channel,Dealer,Salesperson,Product,Category,MaterialOrType,Units,UnitPrice,DiscountRate,Revenue,COGS,GrossMargin,BackorderRisk,Notes
NAW-10000,2025-01-01,FY25 Q1,Northeast,Artist Relations,Bayfront Studio Gear,Elliot Chen,Hardshell Case,Accessory,Case,94,220.93,0.03,20767.42,13498.82,7268.6,Medium,Accessory attach opportunity
NAW-10001,2025-01-01,FY25 Q1,Northeast,Dealer,Prairie Note,Taylor Brooks,Phosphor Bronze Strings,Accessory,String set,149,16.64,0,2479.36,1041.33,1438.03,Medium,Accessory attach opportunity
NAW-10002,2025-01-01,FY25 Q1,Northeast,Education,Metro Music Supply,Elliot Chen,Harbor OM,Guitar,Spruce/Rosewood,17,1974.96,0,33574.32,18130.13,15444.19,Low,Back-to-school promotion
NAW-10003,2025-01-01,FY25 Q1,Northeast,Artist Relations,Main Street Frets,Elliot Chen,Summit Grand Auditorium,Guitar,Spruce/Walnut,12,1496.66,0.1,17959.92,10057.56,7902.36,Medium,Dealer replenishment
NAW-10004,2025-01-01,FY25 Q1,Northeast,Distributor,Lakeside Strings,Priya Shah,Coated Lifespan Strings,Accessory,String set,27,23.71,0.05,640.17,249.67,390.5,High,Artist clinic follow-up
NAW-10005,2025-01-01,FY25 Q1,Northeast,Education,Riverbend Instruments,Alex Rivera,Phosphor Bronze Strings,Accessory,String set,110,15.81,0.05,1739.1,730.42,1008.68,Low,Back-to-school promotion
NAW-10006,2025-01-01,FY25 Q1,Northeast,Education,Bayfront Studio Gear,Jordan Lee,Premium Strap,Accessory,Accessory,62,45.86,0.1,2843.32,1307.93,1535.39,Medium,Back-to-school promotion
NAW-10007,2025-01-01,FY25 Q1,Northeast,Artist Relations,Cedar Hall Music,Samira Khan,Trail Mini,Guitar,HPL/Sapele,30,456.68,0.12,13700.4,8768.26,4932.14,Medium,Holiday prebuild
NAW-10008,2025-01-01,FY25 Q1,Northeast,Distributor,Blue Ridge Music,Casey Morgan,Premium Strap,Accessory,Accessory,107,44.84,0.12,4797.88,2207.02,2590.86,Low,Back-to-school promotion
NAW-10009,2025-01-01,FY25 Q1,Northeast,Dealer,Pacific Pick House,Morgan Evans,Harbor OM,Guitar,Spruce/Rosewood,7,1816.96,0.08,12718.72,6868.11,5850.61,High,Holiday prebuild
NAW-10010,2025-01-01,FY25 Q1,Northeast,Dealer,Riverbend Instruments,Samira Khan,Humidifier Kit,Accessory,Care,42,26.54,0.12,1114.68,479.31,635.37,Low,Holiday prebuild
NAW-10011,2025-01-01,FY25 Q1,Northeast,Distributor,Riverbend Instruments,Jordan Lee,Aurora Dreadnought,Guitar,Spruce/Mahogany,37,1215.86,0.1,44986.82,26092.36,18894.46,High,Artist clinic follow-up
NAW-10012,2025-01-01,FY25 Q1,Northeast,Education,Copper Canyon Guitars,Samira Khan,Coated Lifespan Strings,Accessory,String set,39,22.96,0.08,895.44,349.22,546.22,Low,Artist clinic follow-up
NAW-10013,2025-01-01,FY25 Q1,Northeast,E-commerce,Riverbend Instruments,Priya Shah,Aurora Dreadnought,Guitar,Spruce/Mahogany,16,1242.88,0.08,19886.08,11533.93,8352.15,High,Accessory attach opportunity
NAW-10014,2025-01-01,FY25 Q1,Northeast,Education,Metro Music Supply,Samira Khan,Aurora Dreadnought,Guitar,Spruce/Mahogany,6,1188.84,0.12,7133.04,4137.16,2995.88,Low,Accessory attach opportunity
NAW-10015,2025-01-01,FY25 Q1,Northeast,Dealer,Soundpost Music,Priya Shah,Coated Lifespan Strings,Accessory,String set,130,22.96,0.08,2984.8,1164.07,1820.73,High,Artist clinic follow-up
NAW-10016,2025-01-01,FY25 Q1,Northeast,Artist Relations,Prairie Note,Morgan Evans,Premium Strap,Accessory,Accessory,90,49.43,0.03,4448.7,2046.4,2402.3,High,Holiday prebuild
NAW-10017,2025-01-01,FY25 Q1,Northeast,Artist Relations,Main Street Frets,Alex Rivera,Summit Grand Auditorium,Guitar,Spruce/Walnut,5,1613.07,0.03,8065.35,4516.6,3548.75,High,Dealer replenishment
NAW-10018,2025-01-01,FY25 Q1,Northeast,Dealer,Metro Music Supply,Alex Rivera,Stage Cutaway,Guitar,Spruce/Ovangkol,30,1122.26,0.1,33667.8,19864.0,13803.8,Medium,Dealer replenishment
NAW-10019,2025-01-01,FY25 Q1,Northeast,Distributor,Riverbend Instruments,Taylor Brooks,Summit Grand Auditorium,Guitar,Spruce/Walnut,2,1613.07,0.03,3226.14,1806.64,1419.5,Medium,Back-to-school promotion
NAW-10020,2025-01-01,FY25 Q1,Northeast,Artist Relations,Prairie Note,Samira Khan,Trail Mini,Guitar,HPL/Sapele,3,518.96,0,1556.88,996.4,560.48,Low,Dealer replenishment
NAW-10021,2025-01-01,FY25 Q1,Northeast,Dealer,Copper Canyon Guitars,Dana Hart,Northstar Ukulele,Instrument,Mahogany,35,326.66,0.1,11433.1,6974.19,4458.91,Low,Dealer replenishment
NAW-10022,2025-01-01,FY25 Q1,Northeast,Education,Copper Canyon Guitars,Jordan Lee,Trail Mini,Guitar,HPL/Sapele,26,456.68,0.12,11873.68,7599.16,4274.52,Low,Back-to-school promotion
NAW-10023,2025-01-01,FY25 Q1,Northeast,E-commerce,Metro Music Supply,Riley Stone,Harbor OM,Guitar,Spruce/Rosewood,29,1777.46,0.1,51546.34,27835.02,23711.32,Low,Holiday prebuild
NAW-10024,2025-01-01,FY25 Q1,Northeast,Distributor,Riverbend Instruments,Dana Hart,Phosphor Bronze Strings,Accessory,String set,50,14.98,0.1,749.0,314.58,434.42,Low,Accessory attach opportunity
NAW-10025,2025-01-01,FY25 Q1,Northeast,E-commerce,Cedar Hall Music,Jordan Lee,Harbor OM,Guitar,Spruce/Rosewood,17,1974.96,0,33574.32,18130.13,15444.19,Low,Accessory attach opportunity
NAW-10026,2025-01-01,FY25 Q1,Northeast,E-commerce,Bayfront Studio Gear,Casey Morgan,Foundry Custom,Guitar,Adirondack/Maple,20,3202.28,0.12,64045.6,31382.34,32663.26,Low,Holiday prebuild
NAW-10027,2025-01-01,FY25 Q1,Northeast,E-commerce,Blue Ridge Music,Taylor Brooks,Summit Grand Auditorium,Guitar,Spruce/Walnut,5,1579.81,0.05,7899.05,4423.47,3475.58,Low,Artist clinic follow-up
NAW-10028,2025-01-01,FY25 Q1,Southeast,E-commerce,Blue Ridge Music,Dana Hart,Foundry Custom,Guitar,Adirondack/Maple,23,3258.27,0.03,74940.21,36720.7,38219.51,Medium,Accessory attach opportunity
NAW-10029,2025-01-01,FY25 Q1,Southeast,Dealer,Riverbend Instruments,Jordan Lee,Northstar Ukulele,Instrument,Mahogany,14,318.29,0.05,4456.06,2718.2,1737.86,Medium,Back-to-school promotion
NAW-10030,2025-01-01,FY25 Q1,Southeast,Artist Relations,Blue Ridge Music,Morgan Evans,Aurora Dreadnought,Guitar,Spruce/Mahogany,34,1097.4,0.12,37311.6,21640.73,15670.87,Medium,Holiday prebuild
NAW-10031,2025-01-01,FY25 Q1,Southeast,E-commerce,Pacific Pick House,Morgan Evans,Foundry Custom,Guitar,Adirondack/Maple,18,3359.04,0,60462.72,29626.73,30835.99,Medium,Back-to-school promotion
NAW-10032,2025-01-01,FY25 Q1,Southeast,Education,Blue Ridge Music,Riley Stone,Coated Lifespan Strings,Accessory,String set,26,21.89,0.05,569.14,221.96,347.18,Low,Dealer replenishment
NAW-10033,2025-01-01,FY25 Q1,Southeast,Dealer,Pacific Pick House,Priya Shah,Trail Mini,Guitar,HPL/Sapele,8,464.67,0.03,3717.36,2379.11,1338.25,High,Dealer replenishment
NAW-10034,2025-01-01,FY25 Q1,Southeast,E-commerce,Desert Tone Co.,Taylor Brooks,Summit Grand Auditorium,Guitar,Spruce/Walnut,32,1350.84,0.12,43226.88,24207.05,19019.83,Medium,Artist clinic follow-up
NAW-10035,2025-01-01,FY25 Q1,Southeast,Dealer,Desert Tone Co.,Jordan Lee,Stage Cutaway,Guitar,Spruce/Ovangkol,31,1093.49,0.05,33898.19,19999.93,13898.26,High,Dealer replenishment
NAW-10036,2025-01-01,FY25 Q1,Southeast,Artist Relations,Main Street Frets,Priya Shah,Phosphor Bronze Strings,Accessory,String set,49,14.59,0.05,714.91,300.26,414.65,Low,Accessory attach opportunity
NAW-10037,2025-01-01,FY25 Q1,Southeast,Artist Relations,Bayfront Studio Gear,Alex Rivera,Trail Mini,Guitar,HPL/Sapele,2,455.09,0.05,910.18,582.52,327.66,Low,Artist clinic follow-up
NAW-10038,2025-01-01,FY25 Q1,Southeast,Distributor,Soundpost Music,Priya Shah,Humidifier Kit,Accessory,Care,79,27.0,0.03,2133.0,917.19,1215.81,Medium,Back-to-school promotion
NAW-10039,2025-01-01,FY25 Q1,Southeast,Education,Metro Music Supply,Taylor Brooks,Phosphor Bronze Strings,Accessory,String set,125,13.52,0.12,1690.0,709.8,980.2,Low,Accessory attach opportunity
NAW-10040,2025-01-01,FY25 Q1,Southeast,Dealer,Bayfront Studio Gear,Morgan Evans,Coated Lifespan Strings,Accessory,String set,136,21.89,0.05,2977.04,1161.05,1815.99,Low,Holiday prebuild
NAW-10041,2025-01-01,FY25 Q1,Southeast,Education,Blue Ridge Music,Samira Khan,Coated Lifespan Strings,Accessory,String set,70,23.04,0,1612.8,628.99,983.81,High,Dealer replenishment
NAW-10042,2025-01-01,FY25 Q1,Southeast,E-commerce,Riverbend Instruments,Alex Rivera,Premium Strap,Accessory,Accessory,129,45.63,0.03,5886.27,2707.68,3178.59,Medium,Holiday prebuild
NAW-10043,2025-01-01,FY25 Q1,Southeast,E-commerce,Copper Canyon Guitars,Dana Hart,Stage Cutaway,Guitar,Spruce/Ovangkol,35,1116.51,0.03,39077.85,23055.93,16021.92,Medium,Accessory attach opportunity
NAW-10044,2025-01-01,FY25 Q1,Southeast,Dealer,Cedar Hall Music,Elliot Chen,Stage Cutaway,Guitar,Spruce/Ovangkol,13,1116.51,0.03,14514.63,8563.63,5951.0,Medium,Holiday prebuild
NAW-10045,2025-01-01,FY25 Q1,Southeast,Distributor,Desert Tone Co.,Dana Hart,Northstar Ukulele,Instrument,Mahogany,32,318.29,0.05,10185.28,6213.02,3972.26,Low,Back-to-school promotion
NAW-10046,2025-01-01,FY25 Q1,Southeast,Artist Relations,Cedar Hall Music,Dana Hart,Aurora Dreadnought,Guitar,Spruce/Mahogany,34,1097.4,0.12,37311.6,21640.73,15670.87,Medium,Accessory attach opportunity
NAW-10047,2025-01-01,FY25 Q1,Southeast,Education,Soundpost Music,Taylor Brooks,Summit Grand Auditorium,Guitar,Spruce/Walnut,28,1350.84,0.12,37823.52,21181.17,16642.35,Low,Back-to-school promotion
NAW-10048,2025-01-01,FY25 Q1,Southeast,Dealer,Main Street Frets,Jordan Lee,Premium Strap,Accessory,Accessory,93,43.28,0.08,4025.04,1851.52,2173.52,Medium,Holiday prebuild
NAW-10049,2025-01-01,FY25 Q1,Southeast,E-commerce,Cedar Hall Music,Casey Morgan,Phosphor Bronze Strings,Accessory,String set,79,13.52,0.12,1068.08,448.59,619.49,Low,Accessory attach opportunity
NAW-10050,2025-01-01,FY25 Q1,Southeast,Dealer,Copper Canyon Guitars,Jordan Lee,Humidifier Kit,Accessory,Care,137,27.84,0,3814.08,1640.05,2174.03,Low,Artist clinic follow-up
NAW-10051,2025-01-01,FY25 Q1,Southeast,Dealer,Prairie Note,Elliot Chen,Foundry Custom,Guitar,Adirondack/Maple,28,3258.27,0.03,91231.56,44703.46,46528.1,Low,Holiday prebuild
NAW-10052,2025-01-01,FY25 Q1,Southeast,E-commerce,Cedar Hall Music,Riley Stone,Harbor OM,Guitar,Spruce/Rosewood,17,1731.89,0.05,29442.13,15898.75,13543.38,Medium,Back-to-school promotion
NAW-10053,2025-01-01,FY25 Q1,Southeast,Dealer,Bayfront Studio Gear,Jordan Lee,Aurora Dreadnought,Guitar,Spruce/Mahogany,16,1209.63,0.03,19354.08,11225.37,8128.71,Medium,Accessory attach opportunity
NAW-10054,2025-01-01,FY25 Q1,Southeast,Artist Relations,Desert Tone Co.,Dana Hart,Premium Strap,Accessory,Accessory,72,47.04,0,3386.88,1557.96,1828.92,High,Accessory attach opportunity
NAW-10055,2025-01-01,FY25 Q1,Southeast,E-commerce,Soundpost Music,Priya Shah,Coated Lifespan Strings,Accessory,String set,78,22.35,0.03,1743.3,679.89,1063.41,Low,Back-to-school promotion
NAW-10056,2025-01-01,FY25 Q1,Midwest,Artist Relations,Lakeside Strings,Alex Rivera,Foundry Custom,Guitar,Adirondack/Maple,35,2993.74,0.08,104780.9,51342.64,53438.26,Medium,Dealer replenishment
NAW-10057,2025-01-01,FY25 Q1,Midwest,Education,Main Street Frets,Taylor Brooks,Harbor OM,Guitar,Spruce/Rosewood,6,1554.14,0.12,9324.84,5035.41,4289.43,High,Dealer replenishment
NAW-10058,2025-01-01,FY25 Q1,Midwest,Artist Relations,Metro Music Supply,Morgan Evans,Coated Lifespan Strings,Accessory,String set,95,22.32,0,2120.4,826.96,1293.44,Low,Holiday prebuild
NAW-10059,2025-01-01,FY25 Q1,Midwest,E-commerce,Copper Canyon Guitars,Elliot Chen,Aurora Dreadnought,Guitar,Spruce/Mahogany,20,1208.07,0,24161.4,14013.61,10147.79,Medium,Accessory attach opportunity
NAW-10060,2025-01-01,FY25 Q1,Midwest,Education,Pacific Pick House,Alex Rivera,Premium Strap,Accessory,Accessory,58,44.2,0.03,2563.6,1179.26,1384.34,Medium,Artist clinic follow-up
NAW-10061,2025-01-01,FY25 Q1,Midwest,Distributor,Pacific Pick House,Riley Stone,Trail Mini,Guitar,HPL/Sapele,8,440.87,0.05,3526.96,2257.25,1269.71,Low,Back-to-school promotion
NAW-10062,2025-01-01,FY25 Q1,Midwest,Distributor,Bayfront Studio Gear,Priya Shah,Stage Cutaway,Guitar,Spruce/Ovangkol,18,1081.62,0.03,19469.16,11486.8,7982.36,Low,Back-to-school promotion
NAW-10063,2025-01-01,FY25 Q1,Midwest,Dealer,Riverbend Instruments,Taylor Brooks,Northstar Ukulele,Instrument,Mahogany,28,314.83,0.03,8815.24,5377.3,3437.94,Low,Artist clinic follow-up
NAW-10064,2025-01-01,FY25 Q1,Midwest,E-commerce,Main Street Frets,Jordan Lee,Harbor OM,Guitar,Spruce/Rosewood,17,1766.07,0,30023.19,16212.52,13810.67,Low,Back-to-school promotion
NAW-10065,2025-01-01,FY25 Q1,Midwest,Artist Relations,Riverbend Instruments,Morgan Evans,Northstar Ukulele,Instrument,Mahogany,16,292.11,0.1,4673.76,2850.99,1822.77,Low,Holiday prebuild
NAW-10066,2025-01-01,FY25 Q1,Midwest,Artist Relations,Soundpost Music,Samira Khan,Hardshell Case,Accessory,Case,20,183.3,0.1,3666.0,2382.9,1283.1,Low,Back-to-school promotion
NAW-10067,2025-01-01,FY25 Q1,Midwest,Education,Riverbend Instruments,Jordan Lee,Humidifier Kit,Accessory,Care,88,26.16,0.03,2302.08,989.89,1312.19,Medium,Artist clinic follow-up
NAW-10068,2025-01-01,FY25 Q1,Midwest,Dealer,Desert Tone Co.,Priya Shah,Humidifier Kit,Accessory,Care,77,24.27,0.1,1868.79,803.58,1065.21,Medium,Holiday prebuild
NAW-10069,2025-01-01,FY25 Q1,Midwest,Education,Main Street Frets,Dana Hart,Aurora Dreadnought,Guitar,Spruce/Mahogany,26,1171.83,0.03,30467.58,17671.2,12796.38,High,Holiday prebuild
NAW-10070,2025-01-01,FY25 Q1,Midwest,Artist Relations,Desert Tone Co.,Taylor Brooks,Summit Grand Auditorium,Guitar,Spruce/Walnut,33,1487.07,0,49073.31,27481.05,21592.26,Low,Accessory attach opportunity
NAW-10071,2025-01-01,FY25 Q1,Midwest,Artist Relations,Desert Tone Co.,Jordan Lee,Stage Cutaway,Guitar,Spruce/Ovangkol,32,981.26,0.12,31400.32,18526.19,12874.13,Low,Dealer replenishment
NAW-10072,2025-01-01,FY25 Q1,Midwest,Education,Soundpost Music,Morgan Evans,Premium Strap,Accessory,Accessory,75,45.57,0,3417.75,1572.16,1845.59,Low,Artist clinic follow-up
NAW-10073,2025-01-01,FY25 Q1,Midwest,Distributor,Riverbend Instruments,Dana Hart,Foundry Custom,Guitar,Adirondack/Maple,33,3156.45,0.03,104162.85,51039.8,53123.05,Low,Accessory attach opportunity
NAW-10074,2025-01-01,FY25 Q1,Midwest,Education,Metro Music Supply,Casey Morgan,Phosphor Bronze Strings,Accessory,String set,103,14.14,0.05,1456.42,611.7,844.72,Low,Back-to-school promotion
NAW-10075,2025-01-01,FY25 Q1,Midwest,Distributor,Desert Tone Co.,Taylor Brooks,Hardshell Case,Accessory,Case,24,197.56,0.03,4741.44,3081.94,1659.5,Medium,Holiday prebuild
NAW-10076,2025-01-01,FY25 Q1,Midwest,E-commerce,Main Street Frets,Samira Khan,Coated Lifespan Strings,Accessory,String set,68,20.09,0.1,1366.12,532.79,833.33,High,Artist clinic follow-up
NAW-10077,2025-01-01,FY25 Q1,Midwest,Dealer,Lakeside Strings,Casey Morgan,Summit Grand Auditorium,Guitar,Spruce/Walnut,25,1487.07,0,37176.75,20818.98,16357.77,Medium,Dealer replenishment
NAW-10078,2025-01-01,FY25 Q1,Midwest,Artist Relations,Main Street Frets,Riley Stone,Summit Grand Auditorium,Guitar,Spruce/Walnut,27,1308.62,0.12,35332.74,19786.33,15546.41,Low,Holiday prebuild
NAW-10079,2025-01-01,FY25 Q1,Midwest,Artist Relations,Lakeside Strings,Dana Hart,Phosphor Bronze Strings,Accessory,String set,101,14.43,0.03,1457.43,612.12,845.31,High,Holiday prebuild
NAW-10080,2025-01-01,FY25 Q1,Midwest,Dealer,Desert Tone Co.,Taylor Brooks,Coated Lifespan Strings,Accessory,String set,79,21.65,0.03,1710.35,667.04,1043.31,High,Dealer replenishment
NAW-10081,2025-01-01,FY25 Q1,Midwest,Artist Relations,Bayfront Studio Gear,Elliot Chen,Hardshell Case,Accessory,Case,100,203.67,0,20367.0,13238.55,7128.45,Low,Accessory attach opportunity
NAW-10082,2025-01-01,FY25 Q1,Midwest,Artist Relations,Bayfront Studio Gear,Taylor Brooks,Aurora Dreadnought,Guitar,Spruce/Mahogany,28,1171.83,0.03,32811.24,19030.52,13780.72,Medium,Accessory attach opportunity
NAW-10083,2025-01-01,FY25 Q1,Midwest,Dealer,Copper Canyon Guitars,Casey Morgan,Premium Strap,Accessory,Accessory,21,43.29,0.05,909.09,418.18,490.91,Medium,Artist clinic follow-up
NAW-10084,2025-01-01,FY25 Q1,Southwest,E-commerce,Metro Music Supply,Taylor Brooks,Hardshell Case,Accessory,Case,43,214.62,0,9228.66,5998.63,3230.03,Low,Artist clinic follow-up
NAW-10085,2025-01-01,FY25 Q1,Southwest,E-commerce,Desert Tone Co.,Jordan Lee,Humidifier Kit,Accessory,Care,42,27.57,0.03,1157.94,497.91,660.03,Low,Dealer replenishment
NAW-10086,2025-01-01,FY25 Q1,Southwest,Education,Prairie Note,Casey Morgan,Northstar Ukulele,Instrument,Mahogany,5,331.76,0.03,1658.8,1011.87,646.93,Medium,Artist clinic follow-up
NAW-10087,2025-01-01,FY25 Q1,Southwest,Artist Relations,Prairie Note,Taylor Brooks,Harbor OM,Guitar,Spruce/Rosewood,18,1861.02,0,33498.36,18089.11,15409.25,Medium,Back-to-school promotion
NAW-10088,2025-01-01,FY25 Q1,Southwest,Education,Metro Music Supply,Taylor Brooks,Phosphor Bronze Strings,Accessory,String set,143,13.8,0.12,1973.4,828.83,1144.57,Low,Back-to-school promotion
NAW-10089,2025-01-01,FY25 Q1,Southwest,Education,Pacific Pick House,Morgan Evans,Humidifier Kit,Accessory,Care,142,25.58,0.1,3632.36,1561.91,2070.45,Medium,Back-to-school promotion
NAW-10090,2025-01-01,FY25 Q1,Southwest,E-commerce,Copper Canyon Guitars,Priya Shah,Humidifier Kit,Accessory,Care,152,25.01,0.12,3801.52,1634.65,2166.87,Low,Holiday prebuild
NAW-10091,2025-01-01,FY25 Q1,Southwest,Distributor,Main Street Frets,Morgan Evans,Humidifier Kit,Accessory,Care,50,25.01,0.12,1250.5,537.72,712.78,Medium,Dealer replenishment
NAW-10092,2025-01-01,FY25 Q1,Southwest,E-commerce,Prairie Note,Morgan Evans,Northstar Ukulele,Instrument,Mahogany,37,342.02,0,12654.74,7719.39,4935.35,Low,Holiday prebuild
NAW-10093,2025-01-01,FY25 Q1,Southwest,Dealer,Metro Music Supply,Dana Hart,Coated Lifespan Strings,Accessory,String set,128,22.81,0.03,2919.68,1138.68,1781.0,Medium,Back-to-school promotion
NAW-10094,2025-01-01,FY25 Q1,Southwest,Dealer,Bayfront Studio Gear,Morgan Evans,Harbor OM,Guitar,Spruce/Rosewood,19,1637.7,0.12,31116.3,16802.8,14313.5,Low,Dealer replenishment
NAW-10095,2025-01-01,FY25 Q1,Southwest,Education,Metro Music Supply,Elliot Chen,Foundry Custom,Guitar,Adirondack/Maple,7,3257.57,0.05,22802.99,11173.47,11629.52,Medium,Back-to-school promotion
NAW-10096,2025-01-01,FY25 Q1,Southwest,Distributor,Soundpost Music,Dana Hart,Premium Strap,Accessory,Accessory,34,42.26,0.12,1436.84,660.95,775.89,Low,Artist clinic follow-up
NAW-10097,2025-01-01,FY25 Q1,Southwest,Dealer,Soundpost Music,Elliot Chen,Hardshell Case,Accessory,Case,64,188.87,0.12,12087.68,7856.99,4230.69,High,Artist clinic follow-up
NAW-10098,2025-01-01,FY25 Q1,Southwest,Distributor,Main Street Frets,Dana Hart,Coated Lifespan Strings,Accessory,String set,96,21.17,0.1,2032.32,792.6,1239.72,High,Holiday prebuild
NAW-10099,2025-01-01,FY25 Q1,Southwest,Education,Blue Ridge Music,Dana Hart,Humidifier Kit,Accessory,Care,138,28.42,0,3921.96,1686.44,2235.52,Medium,Back-to-school promotion
NAW-10100,2025-01-01,FY25 Q1,Southwest,Artist Relations,Copper Canyon Guitars,Jordan Lee,Northstar Ukulele,Instrument,Mahogany,16,307.82,0.1,4925.12,3004.32,1920.8,Low,Accessory attach opportunity
NAW-10101,2025-01-01,FY25 Q1,Southwest,Distributor,Main Street Frets,Samira Khan,Trail Mini,Guitar,HPL/Sapele,22,464.57,0.05,10220.54,6541.15,3679.39,Low,Back-to-school promotion
NAW-10102,2025-01-01,FY25 Q1,Southwest,Artist Relations,Main Street Frets,Morgan Evans,Trail Mini,Guitar,HPL/Sapele,21,449.9,0.08,9447.9,6046.66,3401.24,Medium,Accessory attach opportunity
NAW-10103,2025-01-01,FY25 Q1,Southwest,E-commerce,Pacific Pick House,Casey Morgan,Summit Grand Auditorium,Guitar,Spruce/Walnut,37,1567.02,0,57979.74,32468.65,25511.09,High,Back-to-school promotion
NAW-10104,2025-01-01,FY25 Q1,Southwest,Distributor,Metro Music Supply,Morgan Evans,Summit Grand Auditorium,Guitar,Spruce/Walnut,11,1567.02,0,17237.22,9652.84,7584.38,Low,Back-to-school promotion
NAW-10105,2025-01-01,FY25 Q1,Southwest,Education,Copper Canyon Guitars,Dana Hart,Summit Grand Auditorium,Guitar,Spruce/Walnut,19,1520.01,0.03,28880.19,16172.91,12707.28,Medium,Back-to-school promotion
NAW-10106,2025-01-01,FY25 Q1,Southwest,Artist Relations,Soundpost Music,Samira Khan,Coated Lifespan Strings,Accessory,String set,82,22.81,0.03,1870.42,729.46,1140.96,Medium,Dealer replenishment
NAW-10107,2025-01-01,FY25 Q1,Southwest,Dealer,Cedar Hall Music,Casey Morgan,Foundry Custom,Guitar,Adirondack/Maple,9,3154.7,0.08,28392.3,13912.23,14480.07,High,Dealer replenishment
NAW-10108,2025-01-01,FY25 Q1,Southwest,Dealer,Lakeside Strings,Elliot Chen,Phosphor Bronze Strings,Accessory,String set,108,15.21,0.03,1642.68,689.93,952.75,Low,Back-to-school promotion
NAW-10109,2025-01-01,FY25 Q1,Southwest,Dealer,Pacific Pick House,Alex Rivera,Humidifier Kit,Accessory,Care,118,27.0,0.05,3186.0,1369.98,1816.02,Low,Holiday prebuild
NAW-10110,2025-01-01,FY25 Q1,Southwest,Dealer,Pacific Pick House,Priya Shah,Harbor OM,Guitar,Spruce/Rosewood,19,1861.02,0,35359.38,19094.07,16265.31,Low,Dealer replenishment
NAW-10111,2025-01-01,FY25 Q1,Southwest,Distributor,Desert Tone Co.,Dana Hart,Summit Grand Auditorium,Guitar,Spruce/Walnut,25,1488.67,0.05,37216.75,20841.38,16375.37,Low,Back-to-school promotion
NAW-10112,2025-01-01,FY25 Q1,West,Dealer,Riverbend Instruments,Taylor Brooks,Humidifier Kit,Accessory,Care,124,29.88,0.08,3705.12,1593.2,2111.92,Medium,Artist clinic follow-up
NAW-10113,2025-01-01,FY25 Q1,West,Education,Cedar Hall Music,Casey Morgan,Premium Strap,Accessory,Accessory,141,54.88,0,7738.08,3559.52,4178.56,Medium,Dealer replenishment
NAW-10114,2025-01-01,FY25 Q1,West,E-commerce,Main Street Frets,Jordan Lee,Coated Lifespan Strings,Accessory,String set,27,24.19,0.1,653.13,254.72,398.41,Medium,Accessory attach opportunity
NAW-10115,2025-01-01,FY25 Q1,West,Artist Relations,Pacific Pick House,Riley Stone,Trail Mini,Guitar,HPL/Sapele,21,502.99,0.1,10562.79,6760.19,3802.6,Medium,Accessory attach opportunity
NAW-10116,2025-01-01,FY25 Q1,West,E-commerce,Soundpost Music,Samira Khan,Premium Strap,Accessory,Accessory,26,48.29,0.12,1255.54,577.55,677.99,Low,Accessory attach opportunity
NAW-10117,2025-01-01,FY25 Q1,West,Education,Blue Ridge Music,Casey Morgan,Stage Cutaway,Guitar,Spruce/Ovangkol,22,1302.59,0.03,28656.98,16907.62,11749.36,Low,Back-to-school promotion
NAW-10118,2025-01-01,FY25 Q1,West,Distributor,Blue Ridge Music,Alex Rivera,Foundry Custom,Guitar,Adirondack/Maple,16,3801.31,0.03,60820.96,29802.27,31018.69,Medium,Dealer replenishment
NAW-10119,2025-01-01,FY25 Q1,West,Artist Relations,Blue Ridge Music,Riley Stone,Premium Strap,Accessory,Accessory,47,54.88,0,2579.36,1186.51,1392.85,Low,Accessory attach opportunity
NAW-10120,2025-01-01,FY25 Q1,West,E-commerce,Bayfront Studio Gear,Samira Khan,Stage Cutaway,Guitar,Spruce/Ovangkol,21,1208.59,0.1,25380.39,14974.43,10405.96,Low,Artist clinic follow-up
NAW-10121,2025-01-01,FY25 Q1,West,E-commerce,Desert Tone Co.,Riley Stone,Summit Grand Auditorium,Guitar,Spruce/Walnut,23,1790.88,0,41190.24,23066.53,18123.71,Medium,Accessory attach opportunity
NAW-10122,2025-01-01,FY25 Q1,West,Dealer,Lakeside Strings,Morgan Evans,Aurora Dreadnought,Guitar,Spruce/Mahogany,24,1454.88,0,34917.12,20251.93,14665.19,Low,Accessory attach opportunity
NAW-10123,2025-01-01,FY25 Q1,West,Education,Soundpost Music,Casey Morgan,Phosphor Bronze Strings,Accessory,String set,115,16.13,0.1,1854.95,779.08,1075.87,High,Accessory attach opportunity
NAW-10124,2025-01-01,FY25 Q1,West,Distributor,Prairie Note,Samira Khan,Humidifier Kit,Accessory,Care,98,29.88,0.08,2928.24,1259.14,1669.1,Low,Accessory attach opportunity
NAW-10125,2025-01-01,FY25 Q1,West,Dealer,Metro Music Supply,Dana Hart,Summit Grand Auditorium,Guitar,Spruce/Walnut,7,1647.61,0.08,11533.27,6458.63,5074.64,Low,Accessory attach opportunity
NAW-10126,2025-01-01,FY25 Q1,West,E-commerce,Prairie Note,Dana Hart,Hardshell Case,Accessory,Case,122,233.02,0.05,28428.44,18478.49,9949.95,High,Holiday prebuild
NAW-10127,2025-01-01,FY25 Q1,West,Distributor,Copper Canyon Guitars,Alex Rivera,Humidifier Kit,Accessory,Care,93,28.58,0.12,2657.94,1142.91,1515.03,High,Dealer replenishment
NAW-10128,2025-01-01,FY25 Q1,West,Distributor,Bayfront Studio Gear,Riley Stone,Phosphor Bronze Strings,Accessory,String set,141,17.02,0.05,2399.82,1007.92,1391.9,Medium,Artist clinic follow-up
NAW-10129,2025-01-01,FY25 Q1,West,Artist Relations,Lakeside Strings,Priya Shah,Premium Strap,Accessory,Accessory,133,49.39,0.1,6568.87,3021.68,3547.19,Medium,Dealer replenishment
NAW-10130,2025-01-01,FY25 Q1,West,Education,Prairie Note,Casey Morgan,Phosphor Bronze Strings,Accessory,String set,65,16.13,0.1,1048.45,440.35,608.1,Medium,Artist clinic follow-up
NAW-10131,2025-01-01,FY25 Q1,West,Dealer,Copper Canyon Guitars,Elliot Chen,Harbor OM,Guitar,Spruce/Rosewood,25,1956.73,0.08,48918.25,26415.86,22502.39,Low,Holiday prebuild
NAW-10132,2025-01-01,FY25 Q1,West,Artist Relations,Riverbend Instruments,Dana Hart,Aurora Dreadnought,Guitar,Spruce/Mahogany,32,1280.29,0.12,40969.28,23762.18,17207.1,High,Artist clinic follow-up
NAW-10133,2025-01-01,FY25 Q1,West,Education,Riverbend Instruments,Elliot Chen,Trail Mini,Guitar,HPL/Sapele,22,502.99,0.1,11065.78,7082.1,3983.68,Low,Dealer replenishment
NAW-10134,2025-01-01,FY25 Q1,West,Dealer,Prairie Note,Alex Rivera,Phosphor Bronze Strings,Accessory,String set,140,17.38,0.03,2433.2,1021.94,1411.26,High,Artist clinic follow-up
NAW-10135,2025-01-01,FY25 Q1,West,Education,Blue Ridge Music,Priya Shah,Trail Mini,Guitar,HPL/Sapele,27,491.81,0.12,13278.87,8498.48,4780.39,High,Holiday prebuild
NAW-10136,2025-01-01,FY25 Q1,West,E-commerce,Bayfront Studio Gear,Riley Stone,Hardshell Case,Accessory,Case,123,233.02,0.05,28661.46,18629.95,10031.51,Medium,Holiday prebuild
NAW-10137,2025-01-01,FY25 Q1,West,Dealer,Pacific Pick House,Priya Shah,Aurora Dreadnought,Guitar,Spruce/Mahogany,22,1411.23,0.03,31047.06,18007.29,13039.77,Medium,Holiday prebuild
NAW-10138,2025-01-01,FY25 Q1,West,E-commerce,Cedar Hall Music,Morgan Evans,Stage Cutaway,Guitar,Spruce/Ovangkol,8,1235.45,0.08,9883.6,5831.32,4052.28,High,Accessory attach opportunity
NAW-10139,2025-01-01,FY25 Q1,West,Distributor,Metro Music Supply,Priya Shah,Phosphor Bronze Strings,Accessory,String set,26,17.38,0.03,451.88,189.79,262.09,High,Artist clinic follow-up
NAW-10140,2025-01-01,FY25 Q1,Northeast,Artist Relations,Lakeside Strings,Riley Stone,Foundry Custom,Guitar,Adirondack/Maple,31,3595.29,0.05,111453.99,54612.46,56841.53,Low,Accessory attach opportunity
NAW-10141,2025-01-01,FY25 Q1,Northeast,Distributor,Cedar Hall Music,Dana Hart,Coated Lifespan Strings,Accessory,String set,29,23.36,0.1,677.44,264.2,413.24,Medium,Back-to-school promotion
NAW-10142,2025-01-01,FY25 Q1,Northeast,Education,Desert Tone Co.,Casey Morgan,Trail Mini,Guitar,HPL/Sapele,31,523.53,0.03,16229.43,10386.84,5842.59,Low,Holiday prebuild
NAW-10143,2025-01-01,FY25 Q1,Northeast,E-commerce,Prairie Note,Riley Stone,Northstar Ukulele,Instrument,Mahogany,17,339.73,0.1,5775.41,3523.0,2252.41,Medium,Dealer replenishment
NAW-10144,2025-01-01,FY25 Q1,Northeast,Distributor,Lakeside Strings,Casey Morgan,Trail Mini,Guitar,HPL/Sapele,3,523.53,0.03,1570.59,1005.18,565.41,Low,Dealer replenishment
NAW-10145,2025-01-01,FY25 Q1,Northeast,Dealer,Riverbend Instruments,Casey Morgan,Foundry Custom,Guitar,Adirondack/Maple,7,3784.52,0,26491.64,12980.9,13510.74,Medium,Back-to-school promotion
NAW-10146,2025-01-01,FY25 Q1,Northeast,Artist Relations,Copper Canyon Guitars,Elliot Chen,Hardshell Case,Accessory,Case,76,208.45,0.12,15842.2,10297.43,5544.77,Low,Artist clinic follow-up
NAW-10147,2025-01-01,FY25 Q1,Northeast,Dealer,Prairie Note,Morgan Evans,Phosphor Bronze Strings,Accessory,String set,52,17.31,0,900.12,378.05,522.07,High,Dealer replenishment
NAW-10148,2025-01-01,FY25 Q1,Northeast,E-commerce,Bayfront Studio Gear,Dana Hart,Trail Mini,Guitar,HPL/Sapele,26,496.54,0.08,12910.04,8262.43,4647.61,Medium,Holiday prebuild
NAW-10149,2025-01-01,FY25 Q1,Northeast,Distributor,Blue Ridge Music,Priya Shah,Coated Lifespan Strings,Accessory,String set,137,24.66,0.05,3378.42,1317.58,2060.84,High,Dealer replenishment
NAW-10150,2025-01-01,FY25 Q1,Northeast,Dealer,Desert Tone Co.,Riley Stone,Harbor OM,Guitar,Spruce/Rosewood,3,1848.56,0.1,5545.68,2994.67,2551.01,Medium,Accessory attach opportunity
NAW-10151,2025-01-01,FY25 Q1,Northeast,Distributor,Main Street Frets,Alex Rivera,Humidifier Kit,Accessory,Care,141,27.6,0.12,3891.6,1673.39,2218.21,Low,Accessory attach opportunity
NAW-10152,2025-01-01,FY25 Q1,Northeast,Education,Bayfront Studio Gear,Elliot Chen,Northstar Ukulele,Instrument,Mahogany,25,347.28,0.08,8682.0,5296.02,3385.98,Medium,Accessory attach opportunity
NAW-10153,2025-01-01,FY25 Q1,Northeast,Artist Relations,Soundpost Music,Riley Stone,Humidifier Kit,Accessory,Care,130,29.8,0.05,3874.0,1665.82,2208.18,Low,Dealer replenishment
NAW-10154,2025-01-01,FY25 Q1,Northeast,E-commerce,Cedar Hall Music,Dana Hart,Humidifier Kit,Accessory,Care,61,30.43,0.03,1856.23,798.18,1058.05,Medium,Back-to-school promotion
NAW-10155,2025-01-01,FY25 Q1,Northeast,Artist Relations,Pacific Pick House,Casey Morgan,Aurora Dreadnought,Guitar,Spruce/Mahogany,16,1236.4,0.12,19782.4,11473.79,8308.61,High,Accessory attach opportunity
NAW-10156,2025-01-01,FY25 Q1,Northeast,Education,Metro Music Supply,Elliot Chen,Phosphor Bronze Strings,Accessory,String set,28,16.44,0.05,460.32,193.33,266.99,High,Accessory attach opportunity
NAW-10157,2025-01-01,FY25 Q1,Northeast,Artist Relations,Main Street Frets,Jordan Lee,Humidifier Kit,Accessory,Care,57,28.23,0.1,1609.11,691.92,917.19,Low,Holiday prebuild
NAW-10158,2025-01-01,FY25 Q1,Northeast,Dealer,Main Street Frets,Casey Morgan,Coated Lifespan Strings,Accessory,String set,64,23.36,0.1,1495.04,583.07,911.97,Medium,Dealer replenishment
NAW-10159,2025-01-01,FY25 Q1,Northeast,E-commerce,Pacific Pick House,Morgan Evans,Foundry Custom,Guitar,Adirondack/Maple,31,3481.76,0.08,107934.56,52887.93,55046.63,Low,Dealer replenishment
NAW-10160,2025-01-01,FY25 Q1,Northeast,Artist Relations,Blue Ridge Music,Taylor Brooks,Summit Grand Auditorium,Guitar,Spruce/Walnut,18,1556.53,0.1,28017.54,15689.82,12327.72,Low,Accessory attach opportunity
NAW-10161,2025-01-01,FY25 Q1,Northeast,Dealer,Lakeside Strings,Samira Khan,Foundry Custom,Guitar,Adirondack/Maple,24,3406.07,0.1,81745.68,40055.38,41690.3,Medium,Accessory attach opportunity
NAW-10162,2025-01-01,FY25 Q1,Northeast,Dealer,Lakeside Strings,Morgan Evans,Harbor OM,Guitar,Spruce/Rosewood,30,1992.34,0.03,59770.2,32275.91,27494.29,Low,Back-to-school promotion
NAW-10163,2025-01-01,FY25 Q1,Northeast,Distributor,Desert Tone Co.,Priya Shah,Humidifier Kit,Accessory,Care,158,29.8,0.05,4708.4,2024.61,2683.79,Low,Accessory attach opportunity
NAW-10164,2025-01-01,FY25 Q1,Northeast,Education,Desert Tone Co.,Elliot Chen,Trail Mini,Guitar,HPL/Sapele,36,512.73,0.05,18458.28,11813.3,6644.98,Low,Accessory attach opportunity
NAW-10165,2025-01-01,FY25 Q1,Northeast,Artist Relations,Lakeside Strings,Casey Morgan,Aurora Dreadnought,Guitar,Spruce/Mahogany,23,1236.4,0.12,28437.2,16493.58,11943.62,Low,Holiday prebuild
NAW-10166,2025-01-01,FY25 Q1,Northeast,Distributor,Soundpost Music,Alex Rivera,Stage Cutaway,Guitar,Spruce/Ovangkol,24,1193.09,0.08,28634.16,16894.15,11740.01,Medium,Artist clinic follow-up
NAW-10167,2025-01-01,FY25 Q1,Northeast,Distributor,Bayfront Studio Gear,Alex Rivera,Foundry Custom,Guitar,Adirondack/Maple,3,3406.07,0.1,10218.21,5006.92,5211.29,Medium,Dealer replenishment
NAW-10168,2025-01-01,FY25 Q1,Southeast,Artist Relations,Bayfront Studio Gear,Taylor Brooks,Trail Mini,Guitar,HPL/Sapele,11,483.26,0.03,5315.86,3402.15,1913.71,Low,Back-to-school promotion
NAW-10169,2025-01-01,FY25 Q1,Southeast,Artist Relations,Metro Music Supply,Morgan Evans,Harbor OM,Guitar,Spruce/Rosewood,24,1706.37,0.1,40952.88,22114.56,18838.32,High,Holiday prebuild
NAW-10170,2025-01-01,FY25 Q1,Southeast,Education,Cedar Hall Music,Elliot Chen,Aurora Dreadnought,Guitar,Spruce/Mahogany,25,1296.92,0,32423.0,18805.34,13617.66,Low,Back-to-school promotion
NAW-10171,2025-01-01,FY25 Q1,Southeast,E-commerce,Cedar Hall Music,Elliot Chen,Humidifier Kit,Accessory,Care,30,26.64,0.08,799.2,343.66,455.54,Medium,Back-to-school promotion
NAW-10172,2025-01-01,FY25 Q1,Southeast,Distributor,Riverbend Instruments,Jordan Lee,Humidifier Kit,Accessory,Care,49,26.06,0.1,1276.94,549.08,727.86,Low,Dealer replenishment
NAW-10173,2025-01-01,FY25 Q1,Southeast,Distributor,Desert Tone Co.,Taylor Brooks,Phosphor Bronze Strings,Accessory,String set,110,15.5,0.03,1705.0,716.1,988.9,High,Back-to-school promotion
NAW-10174,2025-01-01,FY25 Q1,Southeast,Artist Relations,Metro Music Supply,Priya Shah,Northstar Ukulele,Instrument,Mahogany,38,331.02,0.05,12578.76,7673.04,4905.72,Medium,Holiday prebuild
NAW-10175,2025-01-01,FY25 Q1,Southeast,E-commerce,Blue Ridge Music,Elliot Chen,Northstar Ukulele,Instrument,Mahogany,27,313.6,0.1,8467.2,5164.99,3302.21,Medium,Artist clinic follow-up
NAW-10176,2025-01-01,FY25 Q1,Southeast,Dealer,Soundpost Music,Taylor Brooks,Premium Strap,Accessory,Accessory,22,43.05,0.12,947.1,435.67,511.43,Medium,Artist clinic follow-up
NAW-10177,2025-01-01,FY25 Q1,Southeast,Education,Bayfront Studio Gear,Taylor Brooks,Northstar Ukulele,Instrument,Mahogany,28,313.6,0.1,8780.8,5356.29,3424.51,Low,Accessory attach opportunity
NAW-10178,2025-01-01,FY25 Q1,Southeast,E-commerce,Pacific Pick House,Jordan Lee,Harbor OM,Guitar,Spruce/Rosewood,4,1744.28,0.08,6977.12,3767.64,3209.48,Medium,Accessory attach opportunity
NAW-10179,2025-01-01,FY25 Q1,Southeast,Education,Copper Canyon Guitars,Morgan Evans,Hardshell Case,Accessory,Case,56,192.41,0.12,10774.96,7003.72,3771.24,Low,Back-to-school promotion
NAW-10180,2025-01-01,FY25 Q1,Southeast,Artist Relations,Soundpost Music,Priya Shah,Premium Strap,Accessory,Accessory,149,47.45,0.03,7070.05,3252.22,3817.83,Medium,Dealer replenishment
NAW-10181,2025-01-01,FY25 Q1,Southeast,Education,Desert Tone Co.,Riley Stone,Trail Mini,Guitar,HPL/Sapele,24,438.42,0.12,10522.08,6734.13,3787.95,Low,Holiday prebuild
NAW-10182,2025-01-01,FY25 Q1,Southeast,Distributor,Metro Music Supply,Riley Stone,Harbor OM,Guitar,Spruce/Rosewood,21,1744.28,0.08,36629.88,19780.14,16849.74,Low,Holiday prebuild
NAW-10183,2025-01-01,FY25 Q1,Southeast,Distributor,Main Street Frets,Priya Shah,Phosphor Bronze Strings,Accessory,String set,154,14.06,0.12,2165.24,909.4,1255.84,Low,Dealer replenishment
NAW-10184,2025-01-01,FY25 Q1,Southeast,Artist Relations,Lakeside Strings,Jordan Lee,Phosphor Bronze Strings,Accessory,String set,41,15.97,0,654.77,275.0,379.77,High,Back-to-school promotion
NAW-10185,2025-01-01,FY25 Q1,Southeast,E-commerce,Metro Music Supply,Taylor Brooks,Foundry Custom,Guitar,Adirondack/Maple,3,3493.4,0,10480.2,5135.3,5344.9,Medium,Artist clinic follow-up
NAW-10186,2025-01-01,FY25 Q1,Southeast,Artist Relations,Cedar Hall Music,Elliot Chen,Trail Mini,Guitar,HPL/Sapele,23,438.42,0.12,10083.66,6453.54,3630.12,Low,Dealer replenishment
NAW-10187,2025-01-01,FY25 Q1,Southeast,E-commerce,Bayfront Studio Gear,Morgan Evans,Stage Cutaway,Guitar,Spruce/Ovangkol,37,1197.08,0,44291.96,26132.26,18159.7,Low,Back-to-school promotion
NAW-10188,2025-01-01,FY25 Q1,Southeast,Distributor,Desert Tone Co.,Jordan Lee,Harbor OM,Guitar,Spruce/Rosewood,24,1801.16,0.05,43227.84,23343.03,19884.81,High,Holiday prebuild
NAW-10189,2025-01-01,FY25 Q1,Southeast,Dealer,Blue Ridge Music,Samira Khan,Trail Mini,Guitar,HPL/Sapele,9,473.29,0.05,4259.61,2726.15,1533.46,Low,Back-to-school promotion
NAW-10190,2025-01-01,FY25 Q1,Southeast,Dealer,Lakeside Strings,Jordan Lee,Foundry Custom,Guitar,Adirondack/Maple,10,3074.19,0.12,30741.9,15063.53,15678.37,Medium,Holiday prebuild
NAW-10191,2025-01-01,FY25 Q1,Southeast,Distributor,Blue Ridge Music,Elliot Chen,Phosphor Bronze Strings,Accessory,String set,24,14.7,0.08,352.8,148.18,204.62,Low,Accessory attach opportunity
NAW-10192,2025-01-01,FY25 Q1,Southeast,Distributor,Main Street Frets,Priya Shah,Humidifier Kit,Accessory,Care,63,25.48,0.12,1605.24,690.25,914.99,Medium,Artist clinic follow-up
NAW-10193,2025-01-01,FY25 Q1,Southeast,Education,Main Street Frets,Priya Shah,Phosphor Bronze Strings,Accessory,String set,47,14.38,0.1,675.86,283.86,392.0,High,Dealer replenishment
NAW-10194,2025-01-01,FY25 Q1,Southeast,E-commerce,Soundpost Music,Elliot Chen,Phosphor Bronze Strings,Accessory,String set,147,14.38,0.1,2113.86,887.82,1226.04,Low,Holiday prebuild
NAW-10195,2025-01-01,FY25 Q1,Southeast,Dealer,Pacific Pick House,Priya Shah,Harbor OM,Guitar,Spruce/Rosewood,35,1839.08,0.03,64367.8,34758.61,29609.19,Low,Artist clinic follow-up
NAW-10196,2025-01-01,FY25 Q1,Midwest,Artist Relations,Riverbend Instruments,Dana Hart,Hardshell Case,Accessory,Case,106,186.4,0.12,19758.4,12842.96,6915.44,Medium,Back-to-school promotion
NAW-10197,2025-01-01,FY25 Q1,Midwest,Education,Metro Music Supply,Alex Rivera,Summit Grand Auditorium,Guitar,Spruce/Walnut,6,1391.9,0.1,8351.4,4676.78,3674.62,Low,Back-to-school promotion
NAW-10198,2025-01-01,FY25 Q1,Midwest,Artist Relations,Riverbend Instruments,Elliot Chen,Hardshell Case,Accessory,Case,133,190.64,0.1,25355.12,16480.83,8874.29,High,Accessory attach opportunity
NAW-10199,2025-01-01,FY25 Q1,Midwest,Artist Relations,Main Street Frets,Elliot Chen,Humidifier Kit,Accessory,Care,136,25.24,0.1,3432.64,1476.04,1956.6,High,Holiday prebuild
NAW-10200,2025-01-01,FY25 Q1,Midwest,Distributor,Blue Ridge Music,Samira Khan,Phosphor Bronze Strings,Accessory,String set,112,15.01,0.03,1681.12,706.07,975.05,Medium,Accessory attach opportunity
NAW-10201,2025-01-01,FY25 Q1,Midwest,Distributor,Blue Ridge Music,Dana Hart,Humidifier Kit,Accessory,Care,53,25.24,0.1,1337.72,575.22,762.5,Medium,Artist clinic follow-up
NAW-10202,2025-01-01,FY25 Q1,Midwest,Distributor,Main Street Frets,Jordan Lee,Stage Cutaway,Guitar,Spruce/Ovangkol,12,1101.69,0.05,13220.28,7799.97,5420.31,Low,Back-to-school promotion
NAW-10203,2025-01-01,FY25 Q1,Midwest,E-commerce,Copper Canyon Guitars,Alex Rivera,Premium Strap,Accessory,Accessory,85,43.6,0.08,3706.0,1704.76,2001.24,Medium,Artist clinic follow-up
NAW-10204,2025-01-01,FY25 Q1,Midwest,E-commerce,Cedar Hall Music,Priya Shah,Harbor OM,Guitar,Spruce/Rosewood,16,1836.71,0,29387.36,15869.17,13518.19,Medium,Artist clinic follow-up
NAW-10205,2025-01-01,FY25 Q1,Midwest,Education,Lakeside Strings,Priya Shah,Hardshell Case,Accessory,Case,48,190.64,0.1,9150.72,5947.97,3202.75,Medium,Back-to-school promotion
NAW-10206,2025-01-01,FY25 Q1,Midwest,Artist Relations,Copper Canyon Guitars,Taylor Brooks,Humidifier Kit,Accessory,Care,116,27.21,0.03,3156.36,1357.23,1799.13,Medium,Accessory attach opportunity
NAW-10207,2025-01-01,FY25 Q1,Midwest,Education,Copper Canyon Guitars,Dana Hart,Coated Lifespan Strings,Accessory,String set,58,21.36,0.08,1238.88,483.16,755.72,Medium,Back-to-school promotion
NAW-10208,2025-01-01,FY25 Q1,Midwest,E-commerce,Desert Tone Co.,Jordan Lee,Summit Grand Auditorium,Guitar,Spruce/Walnut,30,1546.55,0,46396.5,25982.04,20414.46,Medium,Back-to-school promotion
NAW-10209,2025-01-01,FY25 Q1,Midwest,Dealer,Bayfront Studio Gear,Casey Morgan,Northstar Ukulele,Instrument,Mahogany,23,297.05,0.12,6832.15,4167.61,2664.54,Low,Back-to-school promotion
NAW-10210,2025-01-01,FY25 Q1,Midwest,Dealer,Cedar Hall Music,Riley Stone,Hardshell Case,Accessory,Case,89,186.4,0.12,16589.6,10783.24,5806.36,Low,Artist clinic follow-up
NAW-10211,2025-01-01,FY25 Q1,Midwest,E-commerce,Prairie Note,Samira Khan,Foundry Custom,Guitar,Adirondack/Maple,2,3215.02,0.05,6430.04,3150.72,3279.32,Low,Holiday prebuild
NAW-10212,2025-01-01,FY25 Q1,Midwest,Artist Relations,Pacific Pick House,Jordan Lee,Foundry Custom,Guitar,Adirondack/Maple,25,3384.23,0,84605.75,41456.82,43148.93,Medium,Holiday prebuild
NAW-10213,2025-01-01,FY25 Q1,Midwest,Dealer,Blue Ridge Music,Alex Rivera,Stage Cutaway,Guitar,Spruce/Ovangkol,29,1066.9,0.08,30940.1,18254.66,12685.44,Low,Artist clinic follow-up
NAW-10214,2025-01-01,FY25 Q1,Midwest,Artist Relations,Desert Tone Co.,Casey Morgan,Foundry Custom,Guitar,Adirondack/Maple,19,3113.49,0.08,59156.31,28986.59,30169.72,Low,Accessory attach opportunity
NAW-10215,2025-01-01,FY25 Q1,Midwest,Dealer,Riverbend Instruments,Priya Shah,Aurora Dreadnought,Guitar,Spruce/Mahogany,32,1218.7,0.03,38998.4,22619.07,16379.33,Low,Back-to-school promotion
NAW-10216,2025-01-01,FY25 Q1,Midwest,Distributor,Pacific Pick House,Samira Khan,Humidifier Kit,Accessory,Care,57,28.05,0,1598.85,687.51,911.34,High,Back-to-school promotion
NAW-10217,2025-01-01,FY25 Q1,Midwest,Dealer,Copper Canyon Guitars,Elliot Chen,Humidifier Kit,Accessory,Care,40,28.05,0,1122.0,482.46,639.54,Medium,Holiday prebuild
NAW-10218,2025-01-01,FY25 Q1,Midwest,Dealer,Riverbend Instruments,Taylor Brooks,Northstar Ukulele,Instrument,Mahogany,12,320.68,0.05,3848.16,2347.38,1500.78,High,Holiday prebuild
NAW-10219,2025-01-01,FY25 Q1,Midwest,Artist Relations,Lakeside Strings,Dana Hart,Stage Cutaway,Guitar,Spruce/Ovangkol,14,1066.9,0.08,14936.6,8812.59,6124.01,Low,Artist clinic follow-up
NAW-10220,2025-01-01,FY25 Q1,Midwest,Artist Relations,Cedar Hall Music,Samira Khan,Trail Mini,Guitar,HPL/Sapele,33,458.5,0.05,15130.5,9683.52,5446.98,Low,Artist clinic follow-up
NAW-10221,2025-01-01,FY25 Q1,Midwest,E-commerce,Soundpost Music,Priya Shah,Summit Grand Auditorium,Guitar,Spruce/Walnut,15,1391.9,0.1,20878.5,11691.96,9186.54,Low,Accessory attach opportunity
NAW-10222,2025-01-01,FY25 Q1,Midwest,Education,Main Street Frets,Alex Rivera,Stage Cutaway,Guitar,Spruce/Ovangkol,10,1020.51,0.12,10205.1,6021.01,4184.09,Low,Holiday prebuild
NAW-10223,2025-01-01,FY25 Q1,Midwest,E-commerce,Prairie Note,Morgan Evans,Foundry Custom,Guitar,Adirondack/Maple,18,3215.02,0.05,57870.36,28356.48,29513.88,High,Artist clinic follow-up
NAW-10224,2025-01-01,FY25 Q1,Southwest,Dealer,Bayfront Studio Gear,Morgan Evans,Stage Cutaway,Guitar,Spruce/Ovangkol,31,1160.92,0.05,35988.52,21233.23,14755.29,Medium,Dealer replenishment
NAW-10225,2025-01-01,FY25 Q1,Southwest,Distributor,Desert Tone Co.,Jordan Lee,Stage Cutaway,Guitar,Spruce/Ovangkol,35,1222.02,0,42770.7,25234.71,17535.99,Medium,Accessory attach opportunity
NAW-10226,2025-01-01,FY25 Q1,Southwest,Artist Relations,Copper Canyon Guitars,Priya Shah,Trail Mini,Guitar,HPL/Sapele,23,508.58,0,11697.34,7486.3,4211.04,Medium,Back-to-school promotion
NAW-10227,2025-01-01,FY25 Q1,Southwest,Distributor,Main Street Frets,Jordan Lee,Stage Cutaway,Guitar,Spruce/Ovangkol,14,1124.26,0.08,15739.64,9286.39,6453.25,Low,Artist clinic follow-up
NAW-10228,2025-01-01,FY25 Q1,Southwest,Artist Relations,Main Street Frets,Alex Rivera,Stage Cutaway,Guitar,Spruce/Ovangkol,5,1222.02,0,6110.1,3604.96,2505.14,Low,Artist clinic follow-up
NAW-10229,2025-01-01,FY25 Q1,Southwest,Education,Desert Tone Co.,Casey Morgan,Trail Mini,Guitar,HPL/Sapele,37,493.32,0.03,18252.84,11681.82,6571.02,Low,Accessory attach opportunity
NAW-10230,2025-01-01,FY25 Q1,Southwest,Distributor,Desert Tone Co.,Morgan Evans,Northstar Ukulele,Instrument,Mahogany,33,337.92,0.05,11151.36,6802.33,4349.03,Low,Accessory attach opportunity
NAW-10231,2025-01-01,FY25 Q1,Southwest,Distributor,Desert Tone Co.,Jordan Lee,Summit Grand Auditorium,Guitar,Spruce/Walnut,2,1434.14,0.12,2868.28,1606.24,1262.04,Low,Holiday prebuild
NAW-10232,2025-01-01,FY25 Q1,Southwest,E-commerce,Prairie Note,Morgan Evans,Foundry Custom,Guitar,Adirondack/Maple,14,3459.2,0.03,48428.8,23730.11,24698.69,Low,Dealer replenishment
NAW-10233,2025-01-01,FY25 Q1,Southwest,Artist Relations,Copper Canyon Guitars,Samira Khan,Foundry Custom,Guitar,Adirondack/Maple,10,3387.87,0.05,33878.7,16600.56,17278.14,High,Back-to-school promotion
NAW-10234,2025-01-01,FY25 Q1,Southwest,Distributor,Main Street Frets,Casey Morgan,Phosphor Bronze Strings,Accessory,String set,148,14.35,0.12,2123.8,892.0,1231.8,Medium,Back-to-school promotion
NAW-10235,2025-01-01,FY25 Q1,Southwest,Education,Lakeside Strings,Morgan Evans,Humidifier Kit,Accessory,Care,42,29.56,0,1241.52,533.85,707.67,Medium,Dealer replenishment
NAW-10236,2025-01-01,FY25 Q1,Southwest,Education,Riverbend Instruments,Morgan Evans,Summit Grand Auditorium,Guitar,Spruce/Walnut,14,1629.7,0,22815.8,12776.85,10038.95,High,Holiday prebuild
NAW-10237,2025-01-01,FY25 Q1,Southwest,Dealer,Riverbend Instruments,Jordan Lee,Coated Lifespan Strings,Accessory,String set,67,22.01,0.1,1474.67,575.12,899.55,Low,Artist clinic follow-up
NAW-10238,2025-01-01,FY25 Q1,Southwest,Artist Relations,Desert Tone Co.,Dana Hart,Humidifier Kit,Accessory,Care,122,28.67,0.03,3497.74,1504.03,1993.71,Low,Dealer replenishment
NAW-10239,2025-01-01,FY25 Q1,Southwest,Education,Cedar Hall Music,Dana Hart,Humidifier Kit,Accessory,Care,99,27.19,0.08,2691.81,1157.48,1534.33,Low,Holiday prebuild
NAW-10240,2025-01-01,FY25 Q1,Southwest,Dealer,Bayfront Studio Gear,Taylor Brooks,Coated Lifespan Strings,Accessory,String set,150,23.73,0.03,3559.5,1388.21,2171.29,Medium,Back-to-school promotion
NAW-10241,2025-01-01,FY25 Q1,Southwest,Dealer,Lakeside Strings,Taylor Brooks,Humidifier Kit,Accessory,Care,137,28.08,0.05,3846.96,1654.19,2192.77,Medium,Artist clinic follow-up
NAW-10242,2025-01-01,FY25 Q1,Southwest,Dealer,Bayfront Studio Gear,Priya Shah,Premium Strap,Accessory,Accessory,75,43.95,0.12,3296.25,1516.27,1779.98,Low,Accessory attach opportunity
NAW-10243,2025-01-01,FY25 Q1,Southwest,Distributor,Cedar Hall Music,Dana Hart,Harbor OM,Guitar,Spruce/Rosewood,35,1877.4,0.03,65709.0,35482.86,30226.14,Medium,Dealer replenishment
NAW-10244,2025-01-01,FY25 Q1,Southwest,Distributor,Main Street Frets,Elliot Chen,Northstar Ukulele,Instrument,Mahogany,23,327.24,0.08,7526.52,4591.18,2935.34,Low,Accessory attach opportunity
NAW-10245,2025-01-01,FY25 Q1,Southwest,Dealer,Prairie Note,Priya Shah,Harbor OM,Guitar,Spruce/Rosewood,10,1935.46,0,19354.6,10451.48,8903.12,Low,Artist clinic follow-up
NAW-10246,2025-01-01,FY25 Q1,Southwest,Distributor,Copper Canyon Guitars,Casey Morgan,Foundry Custom,Guitar,Adirondack/Maple,10,3387.87,0.05,33878.7,16600.56,17278.14,Low,Back-to-school promotion
NAW-10247,2025-01-01,FY25 Q1,Southwest,Distributor,Pacific Pick House,Alex Rivera,Aurora Dreadnought,Guitar,Spruce/Mahogany,38,1323.94,0,50309.72,29179.64,21130.08,Medium,Holiday prebuild
NAW-10248,2025-01-01,FY25 Q1,Southwest,Distributor,Main Street Frets,Morgan Evans,Humidifier Kit,Accessory,Care,59,29.56,0,1744.04,749.94,994.1,High,Artist clinic follow-up
NAW-10249,2025-01-01,FY25 Q1,Southwest,Education,Lakeside Strings,Morgan Evans,Premium Strap,Accessory,Accessory,78,48.44,0.03,3778.32,1738.03,2040.29,Medium,Back-to-school promotion
NAW-10250,2025-01-01,FY25 Q1,Southwest,E-commerce,Soundpost Music,Riley Stone,Foundry Custom,Guitar,Adirondack/Maple,25,3459.2,0.03,86480.0,42375.2,44104.8,Medium,Back-to-school promotion
NAW-10251,2025-01-01,FY25 Q1,Southwest,Distributor,Blue Ridge Music,Samira Khan,Phosphor Bronze Strings,Accessory,String set,134,15.0,0.08,2010.0,844.2,1165.8,Low,Dealer replenishment
NAW-10252,2025-01-01,FY25 Q1,West,Dealer,Blue Ridge Music,Taylor Brooks,Northstar Ukulele,Instrument,Mahogany,17,406.52,0,6910.84,4215.61,2695.23,Low,Holiday prebuild
NAW-10253,2025-01-01,FY25 Q1,West,Dealer,Metro Music Supply,Jordan Lee,Humidifier Kit,Accessory,Care,108,32.09,0.05,3465.72,1490.26,1975.46,Medium,Dealer replenishment
NAW-10254,2025-01-01,FY25 Q1,West,Education,Bayfront Studio Gear,Taylor Brooks,Premium Strap,Accessory,Accessory,126,51.37,0.1,6472.62,2977.41,3495.21,Low,Back-to-school promotion
NAW-10255,2025-01-01,FY25 Q1,West,E-commerce,Metro Music Supply,Morgan Evans,Aurora Dreadnought,Guitar,Spruce/Mahogany,34,1361.77,0.1,46300.18,26854.1,19446.08,Low,Dealer replenishment
NAW-10256,2025-01-01,FY25 Q1,West,Distributor,Soundpost Music,Priya Shah,Coated Lifespan Strings,Accessory,String set,112,26.56,0.05,2974.72,1160.14,1814.58,Medium,Dealer replenishment
NAW-10257,2025-01-01,FY25 Q1,West,Distributor,Lakeside Strings,Jordan Lee,Summit Grand Auditorium,Guitar,Spruce/Walnut,37,1806.64,0.03,66845.68,37433.58,29412.1,High,Dealer replenishment
NAW-10258,2025-01-01,FY25 Q1,West,Artist Relations,Riverbend Instruments,Jordan Lee,Humidifier Kit,Accessory,Care,145,29.73,0.12,4310.85,1853.67,2457.18,Low,Holiday prebuild
NAW-10259,2025-01-01,FY25 Q1,West,Distributor,Metro Music Supply,Dana Hart,Premium Strap,Accessory,Accessory,26,51.37,0.1,1335.62,614.39,721.23,High,Accessory attach opportunity
NAW-10260,2025-01-01,FY25 Q1,West,Dealer,Pacific Pick House,Morgan Evans,Phosphor Bronze Strings,Accessory,String set,66,17.7,0.05,1168.2,490.64,677.56,Medium,Back-to-school promotion
NAW-10261,2025-01-01,FY25 Q1,West,Dealer,Prairie Note,Priya Shah,Coated Lifespan Strings,Accessory,String set,37,27.96,0,1034.52,403.46,631.06,High,Artist clinic follow-up
NAW-10262,2025-01-01,FY25 Q1,West,E-commerce,Copper Canyon Guitars,Samira Khan,Humidifier Kit,Accessory,Care,82,32.09,0.05,2631.38,1131.49,1499.89,Medium,Accessory attach opportunity
NAW-10263,2025-01-01,FY25 Q1,West,Distributor,Cedar Hall Music,Elliot Chen,Northstar Ukulele,Instrument,Mahogany,30,365.86,0.1,10975.8,6695.24,4280.56,Low,Artist clinic follow-up
NAW-10264,2025-01-01,FY25 Q1,West,Dealer,Prairie Note,Dana Hart,Summit Grand Auditorium,Guitar,Spruce/Walnut,13,1676.26,0.1,21791.38,12203.17,9588.21,Low,Accessory attach opportunity
NAW-10265,2025-01-01,FY25 Q1,West,Distributor,Bayfront Studio Gear,Elliot Chen,Phosphor Bronze Strings,Accessory,String set,29,17.15,0.08,497.35,208.89,288.46,Low,Holiday prebuild
NAW-10266,2025-01-01,FY25 Q1,West,Artist Relations,Metro Music Supply,Elliot Chen,Aurora Dreadnought,Guitar,Spruce/Mahogany,28,1392.03,0.08,38976.84,22606.57,16370.27,High,Artist clinic follow-up
NAW-10267,2025-01-01,FY25 Q1,West,Artist Relations,Cedar Hall Music,Casey Morgan,Humidifier Kit,Accessory,Care,31,32.77,0.03,1015.87,436.82,579.05,Low,Accessory attach opportunity
NAW-10268,2025-01-01,FY25 Q1,West,Distributor,Riverbend Instruments,Alex Rivera,Phosphor Bronze Strings,Accessory,String set,96,17.7,0.05,1699.2,713.66,985.54,Medium,Dealer replenishment
NAW-10269,2025-01-01,FY25 Q1,West,Dealer,Soundpost Music,Alex Rivera,Northstar Ukulele,Instrument,Mahogany,11,373.99,0.08,4113.89,2509.47,1604.42,Low,Accessory attach opportunity
NAW-10270,2025-01-01,FY25 Q1,West,Education,Bayfront Studio Gear,Morgan Evans,Foundry Custom,Guitar,Adirondack/Maple,4,3586.56,0.12,14346.24,7029.66,7316.58,Low,Back-to-school promotion
NAW-10271,2025-01-01,FY25 Q1,West,Distributor,Cedar Hall Music,Riley Stone,Stage Cutaway,Guitar,Spruce/Ovangkol,4,1326.77,0.05,5307.08,3131.18,2175.9,High,Holiday prebuild
NAW-10272,2025-01-01,FY25 Q1,West,Artist Relations,Metro Music Supply,Jordan Lee,Foundry Custom,Guitar,Adirondack/Maple,22,4075.64,0,89664.08,43935.4,45728.68,Medium,Accessory attach opportunity
NAW-10273,2025-01-01,FY25 Q1,West,E-commerce,Desert Tone Co.,Jordan Lee,Coated Lifespan Strings,Accessory,String set,87,27.96,0,2432.52,948.68,1483.84,Medium,Accessory attach opportunity
NAW-10274,2025-01-01,FY25 Q1,West,Artist Relations,Prairie Note,Jordan Lee,Northstar Ukulele,Instrument,Mahogany,30,357.73,0.12,10731.9,6546.46,4185.44,Low,Accessory attach opportunity
NAW-10275,2025-01-01,FY25 Q1,West,Education,Cedar Hall Music,Dana Hart,Hardshell Case,Accessory,Case,43,229.58,0.1,9871.94,6416.76,3455.18,Low,Back-to-school promotion
NAW-10276,2025-01-01,FY25 Q1,West,Education,Prairie Note,Riley Stone,Summit Grand Auditorium,Guitar,Spruce/Walnut,35,1806.64,0.03,63232.4,35410.14,27822.26,Medium,Accessory attach opportunity
NAW-10277,2025-01-01,FY25 Q1,West,Dealer,Soundpost Music,Morgan Evans,Premium Strap,Accessory,Accessory,147,52.51,0.08,7718.97,3550.73,4168.24,Medium,Artist clinic follow-up
NAW-10278,2025-01-01,FY25 Q1,West,Distributor,Metro Music Supply,Casey Morgan,Phosphor Bronze Strings,Accessory,String set,110,18.64,0,2050.4,861.17,1189.23,High,Back-to-school promotion
NAW-10279,2025-01-01,FY25 Q1,West,Artist Relations,Desert Tone Co.,Samira Khan,Aurora Dreadnought,Guitar,Spruce/Mahogany,20,1467.68,0.03,29353.6,17025.09,12328.51,Low,Dealer replenishment
NAW-10280,2025-03-01,FY25 Q1,Northeast,Dealer,Lakeside Strings,Morgan Evans,Harbor OM,Guitar,Spruce/Rosewood,14,2048.44,0.03,28678.16,15486.21,13191.95,Medium,Artist clinic follow-up
NAW-10281,2025-03-01,FY25 Q1,Northeast,Artist Relations,Desert Tone Co.,Dana Hart,Hardshell Case,Accessory,Case,91,243.54,0,22162.14,14405.39,7756.75,Medium,Accessory attach opportunity
NAW-10282,2025-03-01,FY25 Q1,Northeast,E-commerce,Cedar Hall Music,Riley Stone,Coated Lifespan Strings,Accessory,String set,94,25.89,0.03,2433.66,949.13,1484.53,Low,Accessory attach opportunity
NAW-10283,2025-03-01,FY25 Q1,Northeast,E-commerce,Cedar Hall Music,Riley Stone,Summit Grand Auditorium,Guitar,Spruce/Walnut,14,1689.26,0.05,23649.64,13243.8,10405.84,Low,Holiday prebuild
NAW-10284,2025-03-01,FY25 Q1,Northeast,Distributor,Lakeside Strings,Priya Shah,Trail Mini,Guitar,HPL/Sapele,21,488.32,0.12,10254.72,6563.02,3691.7,Low,Artist clinic follow-up
NAW-10285,2025-03-01,FY25 Q1,Northeast,Education,Riverbend Instruments,Riley Stone,Foundry Custom,Guitar,Adirondack/Maple,37,3424.15,0.12,126693.55,62079.84,64613.71,Low,Holiday prebuild
NAW-10286,2025-03-01,FY25 Q1,Northeast,E-commerce,Copper Canyon Guitars,Elliot Chen,Hardshell Case,Accessory,Case,46,219.19,0.1,10082.74,6553.78,3528.96,Medium,Holiday prebuild
NAW-10287,2025-03-01,FY25 Q1,Northeast,Artist Relations,Cedar Hall Music,Riley Stone,Trail Mini,Guitar,HPL/Sapele,37,499.42,0.1,18478.54,11826.27,6652.27,Medium,Artist clinic follow-up
NAW-10288,2025-03-01,FY25 Q1,Northeast,Distributor,Prairie Note,Riley Stone,Hardshell Case,Accessory,Case,155,236.23,0.03,36615.65,23800.17,12815.48,Medium,Artist clinic follow-up
NAW-10289,2025-03-01,FY25 Q1,Northeast,Artist Relations,Cedar Hall Music,Morgan Evans,Harbor OM,Guitar,Spruce/Rosewood,29,2006.2,0.05,58179.8,31417.09,26762.71,Low,Accessory attach opportunity
NAW-10290,2025-03-01,FY25 Q1,Northeast,Artist Relations,Riverbend Instruments,Dana Hart,Coated Lifespan Strings,Accessory,String set,47,25.35,0.05,1191.45,464.67,726.78,Medium,Holiday prebuild
NAW-10291,2025-03-01,FY25 Q1,Northeast,Dealer,Desert Tone Co.,Morgan Evans,Summit Grand Auditorium,Guitar,Spruce/Walnut,5,1635.92,0.08,8179.6,4580.58,3599.02,Low,Back-to-school promotion
NAW-10292,2025-03-01,FY25 Q1,Northeast,Artist Relations,Blue Ridge Music,Jordan Lee,Aurora Dreadnought,Guitar,Spruce/Mahogany,23,1444.56,0,33224.88,19270.43,13954.45,Medium,Holiday prebuild
NAW-10293,2025-03-01,FY25 Q1,Northeast,Artist Relations,Copper Canyon Guitars,Samira Khan,Hardshell Case,Accessory,Case,156,243.54,0,37992.24,24694.96,13297.28,Low,Accessory attach opportunity
NAW-10294,2025-03-01,FY25 Q1,Northeast,Artist Relations,Pacific Pick House,Riley Stone,Coated Lifespan Strings,Accessory,String set,31,24.55,0.08,761.05,296.81,464.24,Low,Dealer replenishment
NAW-10295,2025-03-01,FY25 Q1,Northeast,Distributor,Cedar Hall Music,Casey Morgan,Humidifier Kit,Accessory,Care,128,32.25,0,4128.0,1775.04,2352.96,Medium,Accessory attach opportunity
NAW-10296,2025-03-01,FY25 Q1,Northeast,Education,Desert Tone Co.,Priya Shah,Coated Lifespan Strings,Accessory,String set,100,24.02,0.1,2402.0,936.78,1465.22,High,Back-to-school promotion
NAW-10297,2025-03-01,FY25 Q1,Northeast,Dealer,Copper Canyon Guitars,Elliot Chen,Northstar Ukulele,Instrument,Mahogany,8,388.11,0,3104.88,1893.98,1210.9,Medium,Back-to-school promotion
NAW-10298,2025-03-01,FY25 Q1,Northeast,Artist Relations,Pacific Pick House,Taylor Brooks,Aurora Dreadnought,Guitar,Spruce/Mahogany,22,1300.1,0.1,28602.2,16589.28,12012.92,Medium,Artist clinic follow-up
NAW-10299,2025-03-01,FY25 Q1,Northeast,Dealer,Soundpost Music,Riley Stone,Harbor OM,Guitar,Spruce/Rosewood,10,2048.44,0.03,20484.4,11061.58,9422.82,Low,Back-to-school promotion
NAW-10300,2025-03-01,FY25 Q1,Northeast,E-commerce,Blue Ridge Music,Morgan Evans,Trail Mini,Guitar,HPL/Sapele,35,554.91,0,19421.85,12429.98,6991.87,Low,Holiday prebuild
NAW-10301,2025-03-01,FY25 Q1,Northeast,E-commerce,Metro Music Supply,Priya Shah,Coated Lifespan Strings,Accessory,String set,105,26.69,0,2802.45,1092.96,1709.49,Medium,Artist clinic follow-up
NAW-10302,2025-03-01,FY25 Q1,Northeast,Distributor,Prairie Note,Morgan Evans,Aurora Dreadnought,Guitar,Spruce/Mahogany,17,1300.1,0.1,22101.7,12818.99,9282.71,Medium,Holiday prebuild
NAW-10303,2025-03-01,FY25 Q1,Northeast,Distributor,Bayfront Studio Gear,Morgan Evans,Summit Grand Auditorium,Guitar,Spruce/Walnut,2,1689.26,0.05,3378.52,1891.97,1486.55,High,Holiday prebuild
NAW-10304,2025-03-01,FY25 Q1,Northeast,Artist Relations,Metro Music Supply,Taylor Brooks,Phosphor Bronze Strings,Accessory,String set,28,16.37,0.08,458.36,192.51,265.85,Medium,Back-to-school promotion
NAW-10305,2025-03-01,FY25 Q1,Northeast,Education,Metro Music Supply,Jordan Lee,Aurora Dreadnought,Guitar,Spruce/Mahogany,17,1300.1,0.1,22101.7,12818.99,9282.71,Low,Back-to-school promotion
NAW-10306,2025-03-01,FY25 Q1,Northeast,Distributor,Soundpost Music,Elliot Chen,Premium Strap,Accessory,Accessory,29,49.04,0.1,1422.16,654.19,767.97,Medium,Holiday prebuild
NAW-10307,2025-03-01,FY25 Q1,Northeast,Distributor,Metro Music Supply,Jordan Lee,Foundry Custom,Guitar,Adirondack/Maple,32,3501.97,0.1,112063.04,54910.89,57152.15,Low,Accessory attach opportunity
NAW-10308,2025-03-01,FY25 Q1,Southeast,E-commerce,Prairie Note,Jordan Lee,Trail Mini,Guitar,HPL/Sapele,17,512.23,0,8707.91,5573.06,3134.85,Low,Artist clinic follow-up
NAW-10309,2025-03-01,FY25 Q1,Southeast,E-commerce,Main Street Frets,Samira Khan,Hardshell Case,Accessory,Case,129,206.82,0.08,26679.78,17341.86,9337.92,High,Holiday prebuild
NAW-10310,2025-03-01,FY25 Q1,Southeast,Artist Relations,Cedar Hall Music,Taylor Brooks,Summit Grand Auditorium,Guitar,Spruce/Walnut,26,1510.08,0.08,39262.08,21986.76,17275.32,Medium,Artist clinic follow-up
NAW-10311,2025-03-01,FY25 Q1,Southeast,Distributor,Cedar Hall Music,Casey Morgan,Phosphor Bronze Strings,Accessory,String set,130,15.93,0.03,2070.9,869.78,1201.12,Low,Dealer replenishment
NAW-10312,2025-03-01,FY25 Q1,Southeast,Education,Main Street Frets,Priya Shah,Trail Mini,Guitar,HPL/Sapele,11,450.76,0.12,4958.36,3173.35,1785.01,Medium,Holiday prebuild
NAW-10313,2025-03-01,FY25 Q1,Southeast,Distributor,Riverbend Instruments,Riley Stone,Premium Strap,Accessory,Accessory,97,50.3,0,4879.1,2244.39,2634.71,Medium,Back-to-school promotion
NAW-10314,2025-03-01,FY25 Q1,Southeast,Distributor,Metro Music Supply,Priya Shah,Hardshell Case,Accessory,Case,74,206.82,0.08,15304.68,9948.04,5356.64,Medium,Artist clinic follow-up
NAW-10315,2025-03-01,FY25 Q1,Southeast,Dealer,Soundpost Music,Alex Rivera,Northstar Ukulele,Instrument,Mahogany,28,315.26,0.12,8827.28,5384.64,3442.64,High,Accessory attach opportunity
NAW-10316,2025-03-01,FY25 Q1,Southeast,Education,Copper Canyon Guitars,Priya Shah,Harbor OM,Guitar,Spruce/Rosewood,14,1890.86,0.03,26472.04,14294.9,12177.14,High,Holiday prebuild
NAW-10317,2025-03-01,FY25 Q1,Southeast,Distributor,Pacific Pick House,Casey Morgan,Coated Lifespan Strings,Accessory,String set,119,22.17,0.1,2638.23,1028.91,1609.32,High,Back-to-school promotion
NAW-10318,2025-03-01,FY25 Q1,Southeast,E-commerce,Copper Canyon Guitars,Taylor Brooks,Foundry Custom,Guitar,Adirondack/Maple,37,3304.42,0.08,122263.54,59909.13,62354.41,High,Dealer replenishment
NAW-10319,2025-03-01,FY25 Q1,Southeast,Distributor,Riverbend Instruments,Alex Rivera,Stage Cutaway,Guitar,Spruce/Ovangkol,10,1132.32,0.08,11323.2,6680.69,4642.51,Low,Holiday prebuild
NAW-10320,2025-03-01,FY25 Q1,Southeast,Distributor,Main Street Frets,Dana Hart,Humidifier Kit,Accessory,Care,49,28.28,0.05,1385.72,595.86,789.86,Low,Back-to-school promotion
NAW-10321,2025-03-01,FY25 Q1,Southeast,Dealer,Cedar Hall Music,Jordan Lee,Northstar Ukulele,Instrument,Mahogany,11,340.34,0.05,3743.74,2283.68,1460.06,Low,Artist clinic follow-up
NAW-10322,2025-03-01,FY25 Q1,Southeast,Dealer,Blue Ridge Music,Riley Stone,Trail Mini,Guitar,HPL/Sapele,34,461.01,0.1,15674.34,10031.58,5642.76,Low,Holiday prebuild
NAW-10323,2025-03-01,FY25 Q1,Southeast,Artist Relations,Riverbend Instruments,Elliot Chen,Premium Strap,Accessory,Accessory,118,48.79,0.03,5757.22,2648.32,3108.9,Low,Holiday prebuild
NAW-10324,2025-03-01,FY25 Q1,Southeast,Artist Relations,Lakeside Strings,Alex Rivera,Trail Mini,Guitar,HPL/Sapele,36,486.62,0.05,17518.32,11211.72,6306.6,Medium,Artist clinic follow-up
NAW-10325,2025-03-01,FY25 Q1,Southeast,Education,Desert Tone Co.,Samira Khan,Coated Lifespan Strings,Accessory,String set,55,21.68,0.12,1192.4,465.04,727.36,High,Back-to-school promotion
NAW-10326,2025-03-01,FY25 Q1,Southeast,E-commerce,Desert Tone Co.,Morgan Evans,Coated Lifespan Strings,Accessory,String set,115,22.67,0.08,2607.05,1016.75,1590.3,Medium,Artist clinic follow-up
NAW-10327,2025-03-01,FY25 Q1,Southeast,Distributor,Lakeside Strings,Elliot Chen,Humidifier Kit,Accessory,Care,24,28.88,0.03,693.12,298.04,395.08,Medium,Dealer replenishment
NAW-10328,2025-03-01,FY25 Q1,Southeast,Distributor,Main Street Frets,Jordan Lee,Northstar Ukulele,Instrument,Mahogany,23,347.5,0.03,7992.5,4875.43,3117.07,Medium,Dealer replenishment
NAW-10329,2025-03-01,FY25 Q1,Southeast,Education,Soundpost Music,Taylor Brooks,Premium Strap,Accessory,Accessory,25,46.28,0.08,1157.0,532.22,624.78,Low,Holiday prebuild
NAW-10330,2025-03-01,FY25 Q1,Southeast,Education,Bayfront Studio Gear,Taylor Brooks,Summit Grand Auditorium,Guitar,Spruce/Walnut,34,1641.39,0,55807.26,31252.07,24555.19,Medium,Dealer replenishment
NAW-10331,2025-03-01,FY25 Q1,Southeast,Artist Relations,Cedar Hall Music,Morgan Evans,Stage Cutaway,Guitar,Spruce/Ovangkol,6,1230.79,0,7384.74,4357.0,3027.74,Low,Back-to-school promotion
NAW-10332,2025-03-01,FY25 Q1,Southeast,Artist Relations,Soundpost Music,Alex Rivera,Summit Grand Auditorium,Guitar,Spruce/Walnut,7,1559.32,0.05,10915.24,6112.53,4802.71,Low,Holiday prebuild
NAW-10333,2025-03-01,FY25 Q1,Southeast,Education,Bayfront Studio Gear,Priya Shah,Phosphor Bronze Strings,Accessory,String set,111,15.11,0.08,1677.21,704.43,972.78,Medium,Back-to-school promotion
NAW-10334,2025-03-01,FY25 Q1,Southeast,Distributor,Blue Ridge Music,Dana Hart,Northstar Ukulele,Instrument,Mahogany,25,329.59,0.08,8239.75,5026.25,3213.5,Low,Artist clinic follow-up
NAW-10335,2025-03-01,FY25 Q1,Southeast,Dealer,Riverbend Instruments,Casey Morgan,Northstar Ukulele,Instrument,Mahogany,26,329.59,0.08,8569.34,5227.3,3342.04,High,Dealer replenishment
NAW-10336,2025-03-01,FY25 Q1,Midwest,Dealer,Desert Tone Co.,Dana Hart,Summit Grand Auditorium,Guitar,Spruce/Walnut,20,1431.09,0.1,28621.8,16028.21,12593.59,Medium,Back-to-school promotion
NAW-10337,2025-03-01,FY25 Q1,Midwest,Education,Bayfront Studio Gear,Jordan Lee,Coated Lifespan Strings,Accessory,String set,85,21.48,0.1,1825.8,712.06,1113.74,Medium,Dealer replenishment
NAW-10338,2025-03-01,FY25 Q1,Midwest,Artist Relations,Bayfront Studio Gear,Dana Hart,Coated Lifespan Strings,Accessory,String set,63,21.48,0.1,1353.24,527.76,825.48,Medium,Holiday prebuild
NAW-10339,2025-03-01,FY25 Q1,Midwest,Education,Lakeside Strings,Samira Khan,Hardshell Case,Accessory,Case,152,196.0,0.1,29792.0,19364.8,10427.2,Medium,Back-to-school promotion
NAW-10340,2025-03-01,FY25 Q1,Midwest,Distributor,Pacific Pick House,Priya Shah,Premium Strap,Accessory,Accessory,109,47.27,0.03,5152.43,2370.12,2782.31,High,Dealer replenishment
NAW-10341,2025-03-01,FY25 Q1,Midwest,Dealer,Soundpost Music,Riley Stone,Northstar Ukulele,Instrument,Mahogany,6,329.7,0.05,1978.2,1206.7,771.5,High,Dealer replenishment
NAW-10342,2025-03-01,FY25 Q1,Midwest,Artist Relations,Pacific Pick House,Morgan Evans,Northstar Ukulele,Instrument,Mahogany,22,329.7,0.05,7253.4,4424.57,2828.83,Medium,Accessory attach opportunity
NAW-10343,2025-03-01,FY25 Q1,Midwest,Artist Relations,Pacific Pick House,Casey Morgan,Aurora Dreadnought,Guitar,Spruce/Mahogany,10,1136.76,0.12,11367.6,6593.21,4774.39,Low,Artist clinic follow-up
NAW-10344,2025-03-01,FY25 Q1,Midwest,E-commerce,Copper Canyon Guitars,Alex Rivera,Hardshell Case,Accessory,Case,105,211.25,0.03,22181.25,14417.81,7763.44,Medium,Dealer replenishment
NAW-10345,2025-03-01,FY25 Q1,Midwest,Artist Relations,Pacific Pick House,Jordan Lee,Northstar Ukulele,Instrument,Mahogany,23,347.06,0,7982.38,4869.25,3113.13,Medium,Holiday prebuild
NAW-10346,2025-03-01,FY25 Q1,Midwest,Distributor,Riverbend Instruments,Jordan Lee,Foundry Custom,Guitar,Adirondack/Maple,8,3305.54,0.05,26444.32,12957.72,13486.6,Medium,Artist clinic follow-up
NAW-10347,2025-03-01,FY25 Q1,Midwest,E-commerce,Prairie Note,Casey Morgan,Harbor OM,Guitar,Spruce/Rosewood,33,1794.01,0.05,59202.33,31969.26,27233.07,Medium,Back-to-school promotion
NAW-10348,2025-03-01,FY25 Q1,Midwest,Distributor,Riverbend Instruments,Taylor Brooks,Phosphor Bronze Strings,Accessory,String set,32,14.64,0.08,468.48,196.76,271.72,Low,Artist clinic follow-up
NAW-10349,2025-03-01,FY25 Q1,Midwest,Dealer,Metro Music Supply,Taylor Brooks,Hardshell Case,Accessory,Case,91,217.78,0,19817.98,12881.69,6936.29,Medium,Dealer replenishment
NAW-10350,2025-03-01,FY25 Q1,Midwest,E-commerce,Cedar Hall Music,Casey Morgan,Trail Mini,Guitar,HPL/Sapele,35,471.41,0.05,16499.35,10559.58,5939.77,Medium,Back-to-school promotion
NAW-10351,2025-03-01,FY25 Q1,Midwest,Dealer,Pacific Pick House,Casey Morgan,Phosphor Bronze Strings,Accessory,String set,125,15.12,0.05,1890.0,793.8,1096.2,High,Back-to-school promotion
NAW-10352,2025-03-01,FY25 Q1,Midwest,Distributor,Pacific Pick House,Morgan Evans,Hardshell Case,Accessory,Case,73,217.78,0,15897.94,10333.66,5564.28,Medium,Dealer replenishment
NAW-10353,2025-03-01,FY25 Q1,Midwest,Distributor,Cedar Hall Music,Morgan Evans,Foundry Custom,Guitar,Adirondack/Maple,29,3131.57,0.1,90815.53,44499.61,46315.92,Medium,Accessory attach opportunity
NAW-10354,2025-03-01,FY25 Q1,Midwest,Distributor,Metro Music Supply,Jordan Lee,Coated Lifespan Strings,Accessory,String set,19,21.48,0.1,408.12,159.17,248.95,Medium,Accessory attach opportunity
NAW-10355,2025-03-01,FY25 Q1,Midwest,Distributor,Soundpost Music,Priya Shah,Premium Strap,Accessory,Accessory,72,42.88,0.12,3087.36,1420.19,1667.17,High,Back-to-school promotion
NAW-10356,2025-03-01,FY25 Q1,Midwest,Artist Relations,Copper Canyon Guitars,Casey Morgan,Hardshell Case,Accessory,Case,35,206.89,0.05,7241.15,4706.75,2534.4,Low,Holiday prebuild
NAW-10357,2025-03-01,FY25 Q1,Midwest,Artist Relations,Lakeside Strings,Samira Khan,Aurora Dreadnought,Guitar,Spruce/Mahogany,14,1136.76,0.12,15914.64,9230.49,6684.15,Low,Artist clinic follow-up
NAW-10358,2025-03-01,FY25 Q1,Midwest,Distributor,Prairie Note,Priya Shah,Aurora Dreadnought,Guitar,Spruce/Mahogany,30,1227.18,0.05,36815.4,21352.93,15462.47,Low,Dealer replenishment
NAW-10359,2025-03-01,FY25 Q1,Midwest,Education,Metro Music Supply,Priya Shah,Coated Lifespan Strings,Accessory,String set,73,23.15,0.03,1689.95,659.08,1030.87,Medium,Back-to-school promotion
NAW-10360,2025-03-01,FY25 Q1,Midwest,Dealer,Desert Tone Co.,Priya Shah,Phosphor Bronze Strings,Accessory,String set,52,14.64,0.08,761.28,319.74,441.54,Medium,Artist clinic follow-up
NAW-10361,2025-03-01,FY25 Q1,Midwest,Dealer,Metro Music Supply,Priya Shah,Hardshell Case,Accessory,Case,153,200.36,0.08,30655.08,19925.8,10729.28,Medium,Dealer replenishment
NAW-10362,2025-03-01,FY25 Q1,Midwest,Education,Soundpost Music,Samira Khan,Premium Strap,Accessory,Accessory,84,48.73,0,4093.32,1882.93,2210.39,Medium,Accessory attach opportunity
NAW-10363,2025-03-01,FY25 Q1,Midwest,Artist Relations,Main Street Frets,Morgan Evans,Northstar Ukulele,Instrument,Mahogany,8,319.29,0.08,2554.32,1558.14,996.18,Low,Back-to-school promotion
NAW-10364,2025-03-01,FY25 Q1,Southwest,E-commerce,Desert Tone Co.,Taylor Brooks,Harbor OM,Guitar,Spruce/Rosewood,10,1930.26,0.03,19302.6,10423.4,8879.2,Medium,Accessory attach opportunity
NAW-10365,2025-03-01,FY25 Q1,Southwest,E-commerce,Copper Canyon Guitars,Morgan Evans,Stage Cutaway,Guitar,Spruce/Ovangkol,29,1256.43,0,36436.47,21497.52,14938.95,High,Artist clinic follow-up
NAW-10366,2025-03-01,FY25 Q1,Southwest,Distributor,Pacific Pick House,Taylor Brooks,Trail Mini,Guitar,HPL/Sapele,16,460.15,0.12,7362.4,4711.94,2650.46,Medium,Holiday prebuild
NAW-10367,2025-03-01,FY25 Q1,Southwest,Distributor,Bayfront Studio Gear,Riley Stone,Foundry Custom,Guitar,Adirondack/Maple,8,3666.59,0,29332.72,14373.03,14959.69,Low,Artist clinic follow-up
NAW-10368,2025-03-01,FY25 Q1,Southwest,Artist Relations,Blue Ridge Music,Jordan Lee,Hardshell Case,Accessory,Case,158,201.95,0.12,31908.1,20740.26,11167.84,Low,Artist clinic follow-up
NAW-10369,2025-03-01,FY25 Q1,Southwest,Dealer,Bayfront Studio Gear,Riley Stone,Coated Lifespan Strings,Accessory,String set,88,22.63,0.1,1991.44,776.66,1214.78,High,Accessory attach opportunity
NAW-10370,2025-03-01,FY25 Q1,Southwest,Education,Desert Tone Co.,Morgan Evans,Humidifier Kit,Accessory,Care,111,27.96,0.08,3103.56,1334.53,1769.03,Medium,Holiday prebuild
NAW-10371,2025-03-01,FY25 Q1,Southwest,Distributor,Pacific Pick House,Dana Hart,Premium Strap,Accessory,Accessory,93,48.78,0.05,4536.54,2086.81,2449.73,Medium,Holiday prebuild
NAW-10372,2025-03-01,FY25 Q1,Southwest,Education,Metro Music Supply,Elliot Chen,Northstar Ukulele,Instrument,Mahogany,22,329.14,0.1,7241.08,4417.06,2824.02,Low,Dealer replenishment
NAW-10373,2025-03-01,FY25 Q1,Southwest,Dealer,Copper Canyon Guitars,Dana Hart,Harbor OM,Guitar,Spruce/Rosewood,13,1930.26,0.03,25093.38,13550.43,11542.95,Low,Dealer replenishment
NAW-10374,2025-03-01,FY25 Q1,Southwest,Distributor,Metro Music Supply,Taylor Brooks,Trail Mini,Guitar,HPL/Sapele,32,481.07,0.08,15394.24,9852.31,5541.93,Low,Dealer replenishment
NAW-10375,2025-03-01,FY25 Q1,Southwest,E-commerce,Soundpost Music,Jordan Lee,Humidifier Kit,Accessory,Care,110,29.48,0.03,3242.8,1394.4,1848.4,Medium,Dealer replenishment
NAW-10376,2025-03-01,FY25 Q1,Southwest,Artist Relations,Desert Tone Co.,Taylor Brooks,Foundry Custom,Guitar,Adirondack/Maple,7,3226.6,0.12,22586.2,11067.24,11518.96,Medium,Artist clinic follow-up
NAW-10377,2025-03-01,FY25 Q1,Southwest,E-commerce,Cedar Hall Music,Priya Shah,Coated Lifespan Strings,Accessory,String set,115,25.15,0,2892.25,1127.98,1764.27,Low,Dealer replenishment
NAW-10378,2025-03-01,FY25 Q1,Southwest,Dealer,Desert Tone Co.,Dana Hart,Harbor OM,Guitar,Spruce/Rosewood,17,1790.96,0.1,30446.32,16441.01,14005.31,Medium,Holiday prebuild
NAW-10379,2025-03-01,FY25 Q1,Southwest,Distributor,Desert Tone Co.,Samira Khan,Trail Mini,Guitar,HPL/Sapele,7,507.21,0.03,3550.47,2272.3,1278.17,Low,Artist clinic follow-up
NAW-10380,2025-03-01,FY25 Q1,Southwest,Dealer,Main Street Frets,Taylor Brooks,Phosphor Bronze Strings,Accessory,String set,66,16.26,0.03,1073.16,450.73,622.43,High,Dealer replenishment
NAW-10381,2025-03-01,FY25 Q1,Southwest,Education,Copper Canyon Guitars,Dana Hart,Coated Lifespan Strings,Accessory,String set,142,22.63,0.1,3213.46,1253.25,1960.21,Medium,Dealer replenishment
NAW-10382,2025-03-01,FY25 Q1,Southwest,Dealer,Copper Canyon Guitars,Alex Rivera,Summit Grand Auditorium,Guitar,Spruce/Walnut,32,1541.54,0.08,49329.28,27624.4,21704.88,Medium,Accessory attach opportunity
NAW-10383,2025-03-01,FY25 Q1,Southwest,Education,Soundpost Music,Samira Khan,Harbor OM,Guitar,Spruce/Rosewood,10,1890.46,0.05,18904.6,10208.48,8696.12,Low,Holiday prebuild
NAW-10384,2025-03-01,FY25 Q1,Southwest,Education,Copper Canyon Guitars,Casey Morgan,Harbor OM,Guitar,Spruce/Rosewood,28,1989.96,0,55718.88,30088.2,25630.68,Low,Accessory attach opportunity
NAW-10385,2025-03-01,FY25 Q1,Southwest,Education,Riverbend Instruments,Priya Shah,Trail Mini,Guitar,HPL/Sapele,4,470.61,0.1,1882.44,1204.76,677.68,High,Back-to-school promotion
NAW-10386,2025-03-01,FY25 Q1,Southwest,Education,Bayfront Studio Gear,Samira Khan,Hardshell Case,Accessory,Case,80,201.95,0.12,16156.0,10501.4,5654.6,Low,Accessory attach opportunity
NAW-10387,2025-03-01,FY25 Q1,Southwest,Education,Copper Canyon Guitars,Morgan Evans,Humidifier Kit,Accessory,Care,125,30.39,0,3798.75,1633.46,2165.29,Low,Holiday prebuild
NAW-10388,2025-03-01,FY25 Q1,Southwest,Dealer,Riverbend Instruments,Elliot Chen,Foundry Custom,Guitar,Adirondack/Maple,31,3226.6,0.12,100024.6,49012.05,51012.55,High,Artist clinic follow-up
NAW-10389,2025-03-01,FY25 Q1,Southwest,Dealer,Blue Ridge Music,Dana Hart,Phosphor Bronze Strings,Accessory,String set,43,15.43,0.08,663.49,278.67,384.82,Medium,Accessory attach opportunity
NAW-10390,2025-03-01,FY25 Q1,Southwest,E-commerce,Prairie Note,Riley Stone,Summit Grand Auditorium,Guitar,Spruce/Walnut,28,1541.54,0.08,43163.12,24171.35,18991.77,Low,Artist clinic follow-up
NAW-10391,2025-03-01,FY25 Q1,Southwest,Dealer,Riverbend Instruments,Morgan Evans,Stage Cutaway,Guitar,Spruce/Ovangkol,22,1256.43,0,27641.46,16308.46,11333.0,Low,Dealer replenishment
NAW-10392,2025-03-01,FY25 Q1,West,Dealer,Metro Music Supply,Dana Hart,Harbor OM,Guitar,Spruce/Rosewood,8,2274.23,0,18193.84,9824.67,8369.17,High,Back-to-school promotion
NAW-10393,2025-03-01,FY25 Q1,West,Artist Relations,Lakeside Strings,Samira Khan,Coated Lifespan Strings,Accessory,String set,115,27.31,0.05,3140.65,1224.85,1915.8,Low,Holiday prebuild
NAW-10394,2025-03-01,FY25 Q1,West,Distributor,Desert Tone Co.,Elliot Chen,Premium Strap,Accessory,Accessory,117,52.81,0.1,6178.77,2842.23,3336.54,Low,Accessory attach opportunity
NAW-10395,2025-03-01,FY25 Q1,West,Distributor,Copper Canyon Guitars,Samira Khan,Phosphor Bronze Strings,Accessory,String set,106,16.86,0.12,1787.16,750.61,1036.55,Low,Artist clinic follow-up
NAW-10396,2025-03-01,FY25 Q1,West,Dealer,Blue Ridge Music,Taylor Brooks,Premium Strap,Accessory,Accessory,49,55.75,0.05,2731.75,1256.6,1475.15,Low,Accessory attach opportunity
NAW-10397,2025-03-01,FY25 Q1,West,Artist Relations,Metro Music Supply,Morgan Evans,Trail Mini,Guitar,HPL/Sapele,36,579.67,0.03,20868.12,13355.6,7512.52,High,Dealer replenishment
NAW-10398,2025-03-01,FY25 Q1,West,Distributor,Desert Tone Co.,Casey Morgan,Premium Strap,Accessory,Accessory,90,51.64,0.12,4647.6,2137.9,2509.7,Medium,Holiday prebuild
NAW-10399,2025-03-01,FY25 Q1,West,Dealer,Soundpost Music,Elliot Chen,Hardshell Case,Accessory,Case,50,249.16,0.05,12458.0,8097.7,4360.3,Low,Dealer replenishment
NAW-10400,2025-03-01,FY25 Q1,West,Education,Cedar Hall Music,Jordan Lee,Phosphor Bronze Strings,Accessory,String set,68,17.25,0.1,1173.0,492.66,680.34,High,Dealer replenishment
NAW-10401,2025-03-01,FY25 Q1,West,Dealer,Soundpost Music,Alex Rivera,Humidifier Kit,Accessory,Care,110,33.69,0.03,3705.9,1593.54,2112.36,Medium,Back-to-school promotion
NAW-10402,2025-03-01,FY25 Q1,West,Education,Main Street Frets,Riley Stone,Hardshell Case,Accessory,Case,37,236.05,0.1,8733.85,5677.0,3056.85,Low,Artist clinic follow-up
NAW-10403,2025-03-01,FY25 Q1,West,Dealer,Soundpost Music,Taylor Brooks,Humidifier Kit,Accessory,Care,68,32.99,0.05,2243.32,964.63,1278.69,Medium,Holiday prebuild
NAW-10404,2025-03-01,FY25 Q1,West,Education,Main Street Frets,Dana Hart,Harbor OM,Guitar,Spruce/Rosewood,21,2092.3,0.08,43938.3,23726.68,20211.62,Low,Accessory attach opportunity
NAW-10405,2025-03-01,FY25 Q1,West,Artist Relations,Metro Music Supply,Jordan Lee,Harbor OM,Guitar,Spruce/Rosewood,3,2160.52,0.05,6481.56,3500.04,2981.52,Low,Dealer replenishment
NAW-10406,2025-03-01,FY25 Q1,West,Education,Lakeside Strings,Priya Shah,Stage Cutaway,Guitar,Spruce/Ovangkol,36,1435.92,0,51693.12,30498.94,21194.18,Medium,Back-to-school promotion
NAW-10407,2025-03-01,FY25 Q1,West,Artist Relations,Copper Canyon Guitars,Dana Hart,Humidifier Kit,Accessory,Care,69,32.99,0.05,2276.31,978.81,1297.5,Low,Dealer replenishment
NAW-10408,2025-03-01,FY25 Q1,West,Distributor,Bayfront Studio Gear,Taylor Brooks,Humidifier Kit,Accessory,Care,159,31.26,0.1,4970.34,2137.25,2833.09,Medium,Holiday prebuild
NAW-10409,2025-03-01,FY25 Q1,West,Artist Relations,Bayfront Studio Gear,Priya Shah,Humidifier Kit,Accessory,Care,148,34.73,0,5140.04,2210.22,2929.82,Medium,Back-to-school promotion
NAW-10410,2025-03-01,FY25 Q1,West,Dealer,Metro Music Supply,Riley Stone,Hardshell Case,Accessory,Case,81,230.8,0.12,18694.8,12151.62,6543.18,Low,Artist clinic follow-up
NAW-10411,2025-03-01,FY25 Q1,West,E-commerce,Main Street Frets,Jordan Lee,Northstar Ukulele,Instrument,Mahogany,22,384.52,0.08,8459.44,5160.26,3299.18,Low,Artist clinic follow-up
NAW-10412,2025-03-01,FY25 Q1,West,Distributor,Soundpost Music,Elliot Chen,Phosphor Bronze Strings,Accessory,String set,50,16.86,0.12,843.0,354.06,488.94,Medium,Back-to-school promotion
NAW-10413,2025-03-01,FY25 Q1,West,E-commerce,Cedar Hall Music,Taylor Brooks,Premium Strap,Accessory,Accessory,110,52.81,0.1,5809.1,2672.19,3136.91,Low,Dealer replenishment
NAW-10414,2025-03-01,FY25 Q1,West,Distributor,Main Street Frets,Priya Shah,Phosphor Bronze Strings,Accessory,String set,81,16.86,0.12,1365.66,573.58,792.08,Low,Dealer replenishment
NAW-10415,2025-03-01,FY25 Q1,West,Education,Copper Canyon Guitars,Dana Hart,Phosphor Bronze Strings,Accessory,String set,92,16.86,0.12,1551.12,651.47,899.65,Medium,Dealer replenishment
NAW-10416,2025-03-01,FY25 Q1,West,Distributor,Lakeside Strings,Priya Shah,Humidifier Kit,Accessory,Care,113,34.73,0,3924.49,1687.53,2236.96,Medium,Dealer replenishment
NAW-10417,2025-03-01,FY25 Q1,West,E-commerce,Main Street Frets,Morgan Evans,Stage Cutaway,Guitar,Spruce/Ovangkol,22,1392.84,0.03,30642.48,18079.06,12563.42,Medium,Holiday prebuild
NAW-10418,2025-03-01,FY25 Q1,West,Artist Relations,Cedar Hall Music,Alex Rivera,Northstar Ukulele,Instrument,Mahogany,22,384.52,0.08,8459.44,5160.26,3299.18,Medium,Back-to-school promotion
NAW-10419,2025-03-01,FY25 Q1,West,Education,Copper Canyon Guitars,Taylor Brooks,Premium Strap,Accessory,Accessory,98,56.92,0.03,5578.16,2565.95,3012.21,Medium,Holiday prebuild
NAW-10420,2025-04-01,FY25 Q2,Northeast,E-commerce,Soundpost Music,Samira Khan,Aurora Dreadnought,Guitar,Spruce/Mahogany,6,1342.31,0.08,8053.86,4671.24,3382.62,Medium,Artist clinic follow-up
NAW-10421,2025-04-01,FY25 Q2,Northeast,Dealer,Soundpost Music,Jordan Lee,Phosphor Bronze Strings,Accessory,String set,85,15.81,0.12,1343.85,564.42,779.43,Medium,Back-to-school promotion
NAW-10422,2025-04-01,FY25 Q2,Northeast,Education,Soundpost Music,Casey Morgan,Premium Strap,Accessory,Accessory,64,53.39,0.03,3416.96,1571.8,1845.16,High,Holiday prebuild
NAW-10423,2025-04-01,FY25 Q2,Northeast,Artist Relations,Blue Ridge Music,Taylor Brooks,Northstar Ukulele,Instrument,Mahogany,16,392.0,0,6272.0,3825.92,2446.08,Low,Holiday prebuild
NAW-10424,2025-04-01,FY25 Q2,Northeast,Distributor,Bayfront Studio Gear,Jordan Lee,Humidifier Kit,Accessory,Care,27,29.32,0.1,791.64,340.41,451.23,Low,Dealer replenishment
NAW-10425,2025-04-01,FY25 Q2,Northeast,Education,Prairie Note,Taylor Brooks,Phosphor Bronze Strings,Accessory,String set,89,17.07,0.05,1519.23,638.08,881.15,High,Back-to-school promotion
NAW-10426,2025-04-01,FY25 Q2,Northeast,Education,Soundpost Music,Dana Hart,Premium Strap,Accessory,Accessory,56,48.43,0.12,2712.08,1247.56,1464.52,Medium,Holiday prebuild
NAW-10427,2025-04-01,FY25 Q2,Northeast,Artist Relations,Lakeside Strings,Samira Khan,Premium Strap,Accessory,Accessory,130,48.43,0.12,6295.9,2896.11,3399.79,Low,Holiday prebuild
NAW-10428,2025-04-01,FY25 Q2,Northeast,Distributor,Prairie Note,Taylor Brooks,Northstar Ukulele,Instrument,Mahogany,3,380.24,0.03,1140.72,695.84,444.88,Medium,Accessory attach opportunity
NAW-10429,2025-04-01,FY25 Q2,Northeast,Dealer,Copper Canyon Guitars,Taylor Brooks,Trail Mini,Guitar,HPL/Sapele,3,543.66,0.03,1630.98,1043.83,587.15,Low,Holiday prebuild
NAW-10430,2025-04-01,FY25 Q2,Northeast,E-commerce,Metro Music Supply,Alex Rivera,Premium Strap,Accessory,Accessory,136,48.43,0.12,6586.48,3029.78,3556.7,Medium,Dealer replenishment
NAW-10431,2025-04-01,FY25 Q2,Northeast,E-commerce,Soundpost Music,Jordan Lee,Harbor OM,Guitar,Spruce/Rosewood,21,2026.31,0.05,42552.51,22978.36,19574.15,Low,Accessory attach opportunity
NAW-10432,2025-04-01,FY25 Q2,Northeast,Dealer,Lakeside Strings,Dana Hart,Summit Grand Auditorium,Guitar,Spruce/Walnut,32,1742.12,0.03,55747.84,31218.79,24529.05,Low,Holiday prebuild
NAW-10433,2025-04-01,FY25 Q2,Northeast,Distributor,Prairie Note,Alex Rivera,Hardshell Case,Accessory,Case,67,216.46,0.12,14502.82,9426.83,5075.99,Medium,Dealer replenishment
NAW-10434,2025-04-01,FY25 Q2,Northeast,Dealer,Soundpost Music,Priya Shah,Coated Lifespan Strings,Accessory,String set,106,24.26,0.1,2571.56,1002.91,1568.65,High,Artist clinic follow-up
NAW-10435,2025-04-01,FY25 Q2,Northeast,Dealer,Riverbend Instruments,Elliot Chen,Stage Cutaway,Guitar,Spruce/Ovangkol,22,1346.72,0,29627.84,17480.43,12147.41,Low,Artist clinic follow-up
NAW-10436,2025-04-01,FY25 Q2,Northeast,Distributor,Metro Music Supply,Dana Hart,Foundry Custom,Guitar,Adirondack/Maple,6,3812.17,0.03,22873.02,11207.78,11665.24,Low,Holiday prebuild
NAW-10437,2025-04-01,FY25 Q2,Northeast,Distributor,Metro Music Supply,Riley Stone,Hardshell Case,Accessory,Case,144,221.38,0.1,31878.72,20721.17,11157.55,Low,Back-to-school promotion
NAW-10438,2025-04-01,FY25 Q2,Northeast,Education,Desert Tone Co.,Morgan Evans,Coated Lifespan Strings,Accessory,String set,45,26.15,0.03,1176.75,458.93,717.82,Medium,Artist clinic follow-up
NAW-10439,2025-04-01,FY25 Q2,Northeast,E-commerce,Bayfront Studio Gear,Jordan Lee,Coated Lifespan Strings,Accessory,String set,68,24.26,0.1,1649.68,643.38,1006.3,Medium,Back-to-school promotion
NAW-10440,2025-04-01,FY25 Q2,Northeast,E-commerce,Cedar Hall Music,Jordan Lee,Hardshell Case,Accessory,Case,113,238.6,0.03,26961.8,17525.17,9436.63,Low,Dealer replenishment
NAW-10441,2025-04-01,FY25 Q2,Northeast,E-commerce,Copper Canyon Guitars,Priya Shah,Harbor OM,Guitar,Spruce/Rosewood,24,1962.32,0.08,47095.68,25431.67,21664.01,Low,Back-to-school promotion
NAW-10442,2025-04-01,FY25 Q2,Northeast,Education,Prairie Note,Alex Rivera,Harbor OM,Guitar,Spruce/Rosewood,11,1919.66,0.1,21116.26,11402.78,9713.48,Low,Holiday prebuild
NAW-10443,2025-04-01,FY25 Q2,Northeast,Distributor,Cedar Hall Music,Dana Hart,Coated Lifespan Strings,Accessory,String set,99,23.72,0.12,2348.28,915.83,1432.45,Medium,Accessory attach opportunity
NAW-10444,2025-04-01,FY25 Q2,Northeast,Dealer,Copper Canyon Guitars,Dana Hart,Foundry Custom,Guitar,Adirondack/Maple,26,3537.07,0.1,91963.82,45062.27,46901.55,High,Artist clinic follow-up
NAW-10445,2025-04-01,FY25 Q2,Northeast,Dealer,Prairie Note,Taylor Brooks,Harbor OM,Guitar,Spruce/Rosewood,3,1962.32,0.08,5886.96,3178.96,2708.0,High,Back-to-school promotion
NAW-10446,2025-04-01,FY25 Q2,Northeast,Artist Relations,Desert Tone Co.,Samira Khan,Foundry Custom,Guitar,Adirondack/Maple,38,3537.07,0.1,134408.66,65860.24,68548.42,High,Accessory attach opportunity
NAW-10447,2025-04-01,FY25 Q2,Northeast,E-commerce,Cedar Hall Music,Jordan Lee,Northstar Ukulele,Instrument,Mahogany,12,360.64,0.08,4327.68,2639.88,1687.8,Low,Back-to-school promotion
NAW-10448,2025-04-01,FY25 Q2,Southeast,Education,Pacific Pick House,Priya Shah,Premium Strap,Accessory,Accessory,33,44.71,0.12,1475.43,678.7,796.73,Low,Holiday prebuild
NAW-10449,2025-04-01,FY25 Q2,Southeast,E-commerce,Lakeside Strings,Taylor Brooks,Hardshell Case,Accessory,Case,105,208.89,0.08,21933.45,14256.74,7676.71,Low,Artist clinic follow-up
NAW-10450,2025-04-01,FY25 Q2,Southeast,Education,Copper Canyon Guitars,Alex Rivera,Foundry Custom,Guitar,Adirondack/Maple,18,3627.76,0,65299.68,31996.84,33302.84,Medium,Holiday prebuild
NAW-10451,2025-04-01,FY25 Q2,Southeast,Distributor,Cedar Hall Music,Elliot Chen,Hardshell Case,Accessory,Case,37,220.25,0.03,8149.25,5297.01,2852.24,High,Holiday prebuild
NAW-10452,2025-04-01,FY25 Q2,Southeast,E-commerce,Main Street Frets,Dana Hart,Harbor OM,Guitar,Spruce/Rosewood,28,1909.82,0.03,53474.96,28876.48,24598.48,Medium,Holiday prebuild
NAW-10453,2025-04-01,FY25 Q2,Southeast,Distributor,Blue Ridge Music,Jordan Lee,Hardshell Case,Accessory,Case,65,227.06,0,14758.9,9593.28,5165.62,Low,Back-to-school promotion
NAW-10454,2025-04-01,FY25 Q2,Southeast,Distributor,Riverbend Instruments,Casey Morgan,Trail Mini,Guitar,HPL/Sapele,22,475.97,0.08,10471.34,6701.66,3769.68,Low,Dealer replenishment
NAW-10455,2025-04-01,FY25 Q2,Southeast,Distributor,Main Street Frets,Taylor Brooks,Coated Lifespan Strings,Accessory,String set,54,24.88,0,1343.52,523.97,819.55,High,Dealer replenishment
NAW-10456,2025-04-01,FY25 Q2,Southeast,Education,Metro Music Supply,Taylor Brooks,Hardshell Case,Accessory,Case,34,227.06,0,7720.04,5018.03,2702.01,Low,Back-to-school promotion
NAW-10457,2025-04-01,FY25 Q2,Southeast,E-commerce,Blue Ridge Music,Alex Rivera,Northstar Ukulele,Instrument,Mahogany,18,343.75,0.05,6187.5,3774.38,2413.12,Medium,Back-to-school promotion
NAW-10458,2025-04-01,FY25 Q2,Southeast,Artist Relations,Bayfront Studio Gear,Riley Stone,Trail Mini,Guitar,HPL/Sapele,29,475.97,0.08,13803.13,8834.0,4969.13,Low,Accessory attach opportunity
NAW-10459,2025-04-01,FY25 Q2,Southeast,Dealer,Desert Tone Co.,Dana Hart,Trail Mini,Guitar,HPL/Sapele,2,517.36,0,1034.72,662.22,372.5,Low,Back-to-school promotion
NAW-10460,2025-04-01,FY25 Q2,Southeast,Distributor,Copper Canyon Guitars,Samira Khan,Hardshell Case,Accessory,Case,134,220.25,0.03,29513.5,19183.78,10329.72,High,Accessory attach opportunity
NAW-10461,2025-04-01,FY25 Q2,Southeast,Dealer,Prairie Note,Morgan Evans,Premium Strap,Accessory,Accessory,21,48.26,0.05,1013.46,466.19,547.27,Low,Accessory attach opportunity
NAW-10462,2025-04-01,FY25 Q2,Southeast,E-commerce,Cedar Hall Music,Samira Khan,Coated Lifespan Strings,Accessory,String set,39,22.89,0.08,892.71,348.16,544.55,High,Dealer replenishment
NAW-10463,2025-04-01,FY25 Q2,Southeast,Education,Pacific Pick House,Riley Stone,Foundry Custom,Guitar,Adirondack/Maple,33,3264.99,0.1,107744.67,52794.89,54949.78,Medium,Holiday prebuild
NAW-10464,2025-04-01,FY25 Q2,Southeast,E-commerce,Riverbend Instruments,Morgan Evans,Northstar Ukulele,Instrument,Mahogany,38,318.42,0.12,12099.96,7380.98,4718.98,Medium,Accessory attach opportunity
NAW-10465,2025-04-01,FY25 Q2,Southeast,Dealer,Metro Music Supply,Elliot Chen,Aurora Dreadnought,Guitar,Spruce/Mahogany,23,1346.8,0,30976.4,17966.31,13010.09,Medium,Holiday prebuild
NAW-10466,2025-04-01,FY25 Q2,Southeast,Education,Cedar Hall Music,Morgan Evans,Summit Grand Auditorium,Guitar,Spruce/Walnut,11,1574.95,0.05,17324.45,9701.69,7622.76,Medium,Holiday prebuild
NAW-10467,2025-04-01,FY25 Q2,Southeast,Education,Riverbend Instruments,Dana Hart,Northstar Ukulele,Instrument,Mahogany,25,325.66,0.1,8141.5,4966.31,3175.19,Medium,Dealer replenishment
NAW-10468,2025-04-01,FY25 Q2,Southeast,Artist Relations,Desert Tone Co.,Taylor Brooks,Foundry Custom,Guitar,Adirondack/Maple,17,3446.38,0.05,58588.46,28708.35,29880.11,Low,Artist clinic follow-up
NAW-10469,2025-04-01,FY25 Q2,Southeast,Distributor,Blue Ridge Music,Morgan Evans,Foundry Custom,Guitar,Adirondack/Maple,14,3518.93,0.03,49265.02,24139.86,25125.16,Low,Artist clinic follow-up
NAW-10470,2025-04-01,FY25 Q2,Southeast,E-commerce,Cedar Hall Music,Alex Rivera,Hardshell Case,Accessory,Case,140,215.71,0.05,30199.4,19629.61,10569.79,Low,Artist clinic follow-up
NAW-10471,2025-04-01,FY25 Q2,Southeast,Education,Desert Tone Co.,Taylor Brooks,Coated Lifespan Strings,Accessory,String set,97,22.89,0.08,2220.33,865.93,1354.4,Medium,Back-to-school promotion
NAW-10472,2025-04-01,FY25 Q2,Southeast,Artist Relations,Main Street Frets,Riley Stone,Premium Strap,Accessory,Accessory,107,50.8,0,5435.6,2500.38,2935.22,Low,Holiday prebuild
NAW-10473,2025-04-01,FY25 Q2,Southeast,Dealer,Metro Music Supply,Morgan Evans,Summit Grand Auditorium,Guitar,Spruce/Walnut,3,1657.84,0,4973.52,2785.17,2188.35,Low,Holiday prebuild
NAW-10474,2025-04-01,FY25 Q2,Southeast,Education,Cedar Hall Music,Riley Stone,Northstar Ukulele,Instrument,Mahogany,37,332.9,0.08,12317.3,7513.55,4803.75,Medium,Back-to-school promotion
NAW-10475,2025-04-01,FY25 Q2,Southeast,Distributor,Main Street Frets,Casey Morgan,Harbor OM,Guitar,Spruce/Rosewood,14,1968.88,0,27564.32,14884.73,12679.59,Low,Holiday prebuild
NAW-10476,2025-04-01,FY25 Q2,Midwest,Education,Desert Tone Co.,Elliot Chen,Phosphor Bronze Strings,Accessory,String set,84,15.27,0.05,1282.68,538.73,743.95,Low,Holiday prebuild
NAW-10477,2025-04-01,FY25 Q2,Midwest,Education,Copper Canyon Guitars,Samira Khan,Northstar Ukulele,Instrument,Mahogany,10,340.02,0.03,3400.2,2074.12,1326.08,Medium,Holiday prebuild
NAW-10478,2025-04-01,FY25 Q2,Midwest,Dealer,Metro Music Supply,Samira Khan,Humidifier Kit,Accessory,Care,114,29.13,0,3320.82,1427.95,1892.87,Low,Dealer replenishment
NAW-10479,2025-04-01,FY25 Q2,Midwest,E-commerce,Cedar Hall Music,Jordan Lee,Hardshell Case,Accessory,Case,30,213.36,0.03,6400.8,4160.52,2240.28,Low,Accessory attach opportunity
NAW-10480,2025-04-01,FY25 Q2,Midwest,Distributor,Lakeside Strings,Riley Stone,Humidifier Kit,Accessory,Care,114,29.13,0,3320.82,1427.95,1892.87,Low,Dealer replenishment
NAW-10481,2025-04-01,FY25 Q2,Midwest,Distributor,Metro Music Supply,Morgan Evans,Hardshell Case,Accessory,Case,67,213.36,0.03,14295.12,9291.83,5003.29,Low,Back-to-school promotion
NAW-10482,2025-04-01,FY25 Q2,Midwest,E-commerce,Lakeside Strings,Dana Hart,Northstar Ukulele,Instrument,Mahogany,17,333.01,0.05,5661.17,3453.31,2207.86,High,Artist clinic follow-up
NAW-10483,2025-04-01,FY25 Q2,Midwest,Education,Riverbend Instruments,Casey Morgan,Summit Grand Auditorium,Guitar,Spruce/Walnut,8,1606.04,0,12848.32,7195.06,5653.26,Medium,Artist clinic follow-up
NAW-10484,2025-04-01,FY25 Q2,Midwest,E-commerce,Bayfront Studio Gear,Dana Hart,Phosphor Bronze Strings,Accessory,String set,132,14.78,0.08,1950.96,819.4,1131.56,Medium,Dealer replenishment
NAW-10485,2025-04-01,FY25 Q2,Midwest,E-commerce,Desert Tone Co.,Taylor Brooks,Northstar Ukulele,Instrument,Mahogany,31,350.54,0,10866.74,6628.71,4238.03,Low,Accessory attach opportunity
NAW-10486,2025-04-01,FY25 Q2,Midwest,E-commerce,Lakeside Strings,Morgan Evans,Northstar Ukulele,Instrument,Mahogany,15,308.47,0.12,4627.05,2822.5,1804.55,Medium,Holiday prebuild
NAW-10487,2025-04-01,FY25 Q2,Midwest,Distributor,Soundpost Music,Riley Stone,Coated Lifespan Strings,Accessory,String set,144,21.7,0.1,3124.8,1218.67,1906.13,Low,Artist clinic follow-up
NAW-10488,2025-04-01,FY25 Q2,Midwest,Dealer,Main Street Frets,Morgan Evans,Premium Strap,Accessory,Accessory,103,44.29,0.1,4561.87,2098.46,2463.41,Medium,Holiday prebuild
NAW-10489,2025-04-01,FY25 Q2,Midwest,Artist Relations,Main Street Frets,Casey Morgan,Humidifier Kit,Accessory,Care,83,25.63,0.12,2127.29,914.73,1212.56,Low,Back-to-school promotion
NAW-10490,2025-04-01,FY25 Q2,Midwest,Artist Relations,Bayfront Studio Gear,Casey Morgan,Premium Strap,Accessory,Accessory,69,43.31,0.12,2988.39,1374.66,1613.73,High,Back-to-school promotion
NAW-10491,2025-04-01,FY25 Q2,Midwest,Distributor,Prairie Note,Alex Rivera,Aurora Dreadnought,Guitar,Spruce/Mahogany,35,1265.57,0.03,44294.95,25691.07,18603.88,Medium,Dealer replenishment
NAW-10492,2025-04-01,FY25 Q2,Midwest,Education,Riverbend Instruments,Casey Morgan,Stage Cutaway,Guitar,Spruce/Ovangkol,6,1204.28,0,7225.68,4263.15,2962.53,Low,Accessory attach opportunity
NAW-10493,2025-04-01,FY25 Q2,Midwest,Distributor,Blue Ridge Music,Alex Rivera,Harbor OM,Guitar,Spruce/Rosewood,19,1678.47,0.12,31890.93,17221.1,14669.83,High,Holiday prebuild
NAW-10494,2025-04-01,FY25 Q2,Midwest,E-commerce,Copper Canyon Guitars,Elliot Chen,Summit Grand Auditorium,Guitar,Spruce/Walnut,35,1557.85,0.03,54524.75,30533.86,23990.89,Medium,Accessory attach opportunity
NAW-10495,2025-04-01,FY25 Q2,Midwest,Artist Relations,Metro Music Supply,Dana Hart,Phosphor Bronze Strings,Accessory,String set,65,14.14,0.12,919.1,386.02,533.08,High,Holiday prebuild
NAW-10496,2025-04-01,FY25 Q2,Midwest,Artist Relations,Metro Music Supply,Casey Morgan,Foundry Custom,Guitar,Adirondack/Maple,35,3092.67,0.12,108243.45,53039.29,55204.16,Low,Dealer replenishment
NAW-10497,2025-04-01,FY25 Q2,Midwest,Distributor,Desert Tone Co.,Casey Morgan,Harbor OM,Guitar,Spruce/Rosewood,32,1811.99,0.05,57983.68,31311.19,26672.49,Low,Holiday prebuild
NAW-10498,2025-04-01,FY25 Q2,Midwest,Education,Riverbend Instruments,Dana Hart,Humidifier Kit,Accessory,Care,92,29.13,0,2679.96,1152.38,1527.58,Medium,Dealer replenishment
NAW-10499,2025-04-01,FY25 Q2,Midwest,E-commerce,Prairie Note,Elliot Chen,Stage Cutaway,Guitar,Spruce/Ovangkol,34,1204.28,0,40945.52,24157.86,16787.66,Low,Dealer replenishment
NAW-10500,2025-04-01,FY25 Q2,Midwest,Artist Relations,Metro Music Supply,Morgan Evans,Premium Strap,Accessory,Accessory,58,43.31,0.12,2511.98,1155.51,1356.47,Low,Back-to-school promotion
NAW-10501,2025-04-01,FY25 Q2,Midwest,Dealer,Desert Tone Co.,Alex Rivera,Stage Cutaway,Guitar,Spruce/Ovangkol,19,1204.28,0,22881.32,13499.98,9381.34,Medium,Accessory attach opportunity
NAW-10502,2025-04-01,FY25 Q2,Midwest,Artist Relations,Metro Music Supply,Elliot Chen,Northstar Ukulele,Instrument,Mahogany,13,340.02,0.03,4420.26,2696.36,1723.9,Low,Back-to-school promotion
NAW-10503,2025-04-01,FY25 Q2,Midwest,Education,Copper Canyon Guitars,Casey Morgan,Humidifier Kit,Accessory,Care,56,28.25,0.03,1582.0,680.26,901.74,High,Dealer replenishment
NAW-10504,2025-04-01,FY25 Q2,Southwest,Distributor,Main Street Frets,Taylor Brooks,Northstar Ukulele,Instrument,Mahogany,7,325.06,0.12,2275.42,1388.01,887.41,Medium,Holiday prebuild
NAW-10505,2025-04-01,FY25 Q2,Southwest,Dealer,Desert Tone Co.,Jordan Lee,Aurora Dreadnought,Guitar,Spruce/Mahogany,7,1237.38,0.1,8661.66,5023.76,3637.9,Low,Artist clinic follow-up
NAW-10506,2025-04-01,FY25 Q2,Southwest,Education,Blue Ridge Music,Samira Khan,Aurora Dreadnought,Guitar,Spruce/Mahogany,19,1333.62,0.03,25338.78,14696.49,10642.29,High,Holiday prebuild
NAW-10507,2025-04-01,FY25 Q2,Southwest,E-commerce,Bayfront Studio Gear,Jordan Lee,Foundry Custom,Guitar,Adirondack/Maple,13,3518.17,0.05,45736.21,22410.74,23325.47,Low,Artist clinic follow-up
NAW-10508,2025-04-01,FY25 Q2,Southwest,Artist Relations,Bayfront Studio Gear,Taylor Brooks,Humidifier Kit,Accessory,Care,77,30.69,0,2363.13,1016.15,1346.98,Low,Back-to-school promotion
NAW-10509,2025-04-01,FY25 Q2,Southwest,Artist Relations,Soundpost Music,Riley Stone,Northstar Ukulele,Instrument,Mahogany,24,325.06,0.12,7801.44,4758.88,3042.56,High,Artist clinic follow-up
NAW-10510,2025-04-01,FY25 Q2,Southwest,Dealer,Riverbend Instruments,Elliot Chen,Hardshell Case,Accessory,Case,30,224.84,0.03,6745.2,4384.38,2360.82,High,Dealer replenishment
NAW-10511,2025-04-01,FY25 Q2,Southwest,Distributor,Desert Tone Co.,Alex Rivera,Hardshell Case,Accessory,Case,121,208.61,0.1,25241.81,16407.18,8834.63,Medium,Dealer replenishment
NAW-10512,2025-04-01,FY25 Q2,Southwest,Artist Relations,Desert Tone Co.,Dana Hart,Foundry Custom,Guitar,Adirondack/Maple,28,3333.01,0.1,93324.28,45728.9,47595.38,Low,Holiday prebuild
NAW-10513,2025-04-01,FY25 Q2,Southwest,E-commerce,Copper Canyon Guitars,Alex Rivera,Phosphor Bronze Strings,Accessory,String set,114,15.58,0.08,1776.12,745.97,1030.15,Low,Dealer replenishment
NAW-10514,2025-04-01,FY25 Q2,Southwest,Education,Copper Canyon Guitars,Jordan Lee,Trail Mini,Guitar,HPL/Sapele,24,528.14,0,12675.36,8112.23,4563.13,Low,Dealer replenishment
NAW-10515,2025-04-01,FY25 Q2,Southwest,E-commerce,Main Street Frets,Elliot Chen,Foundry Custom,Guitar,Adirondack/Maple,17,3258.94,0.12,55401.98,27146.97,28255.01,Medium,Dealer replenishment
NAW-10516,2025-04-01,FY25 Q2,Southwest,E-commerce,Copper Canyon Guitars,Alex Rivera,Phosphor Bronze Strings,Accessory,String set,117,16.09,0.05,1882.53,790.66,1091.87,Low,Artist clinic follow-up
NAW-10517,2025-04-01,FY25 Q2,Southwest,Artist Relations,Cedar Hall Music,Riley Stone,Stage Cutaway,Guitar,Spruce/Ovangkol,36,1230.95,0.03,44314.2,26145.38,18168.82,Medium,Artist clinic follow-up
NAW-10518,2025-04-01,FY25 Q2,Southwest,Education,Prairie Note,Dana Hart,Stage Cutaway,Guitar,Spruce/Ovangkol,13,1116.74,0.12,14517.62,8565.4,5952.22,Low,Back-to-school promotion
NAW-10519,2025-04-01,FY25 Q2,Southwest,E-commerce,Soundpost Music,Dana Hart,Stage Cutaway,Guitar,Spruce/Ovangkol,23,1116.74,0.12,25685.02,15154.16,10530.86,Low,Back-to-school promotion
NAW-10520,2025-04-01,FY25 Q2,Southwest,Education,Bayfront Studio Gear,Elliot Chen,Hardshell Case,Accessory,Case,65,208.61,0.1,13559.65,8813.77,4745.88,Medium,Accessory attach opportunity
NAW-10521,2025-04-01,FY25 Q2,Southwest,E-commerce,Prairie Note,Casey Morgan,Harbor OM,Guitar,Spruce/Rosewood,18,1909.41,0.05,34369.38,18559.47,15809.91,Medium,Artist clinic follow-up
NAW-10522,2025-04-01,FY25 Q2,Southwest,Education,Desert Tone Co.,Elliot Chen,Summit Grand Auditorium,Guitar,Spruce/Walnut,33,1641.61,0.03,54173.13,30336.95,23836.18,Medium,Back-to-school promotion
NAW-10523,2025-04-01,FY25 Q2,Southwest,Education,Bayfront Studio Gear,Elliot Chen,Hardshell Case,Accessory,Case,62,224.84,0.03,13940.08,9061.05,4879.03,Medium,Dealer replenishment
NAW-10524,2025-04-01,FY25 Q2,Southwest,Dealer,Desert Tone Co.,Priya Shah,Summit Grand Auditorium,Guitar,Spruce/Walnut,31,1556.99,0.08,48266.69,27029.35,21237.34,Low,Artist clinic follow-up
NAW-10525,2025-04-01,FY25 Q2,Southwest,Distributor,Copper Canyon Guitars,Priya Shah,Premium Strap,Accessory,Accessory,32,45.64,0.12,1460.48,671.82,788.66,High,Accessory attach opportunity
NAW-10526,2025-04-01,FY25 Q2,Southwest,Education,Blue Ridge Music,Priya Shah,Phosphor Bronze Strings,Accessory,String set,109,14.9,0.12,1624.1,682.12,941.98,Medium,Artist clinic follow-up
NAW-10527,2025-04-01,FY25 Q2,Southwest,Artist Relations,Blue Ridge Music,Riley Stone,Foundry Custom,Guitar,Adirondack/Maple,28,3703.34,0,103693.52,50809.82,52883.7,Low,Accessory attach opportunity
NAW-10528,2025-04-01,FY25 Q2,Southwest,E-commerce,Main Street Frets,Priya Shah,Coated Lifespan Strings,Accessory,String set,40,22.35,0.12,894.0,348.66,545.34,High,Artist clinic follow-up
NAW-10529,2025-04-01,FY25 Q2,Southwest,Distributor,Prairie Note,Casey Morgan,Hardshell Case,Accessory,Case,159,224.84,0.03,35749.56,23237.21,12512.35,Low,Dealer replenishment
NAW-10530,2025-04-01,FY25 Q2,Southwest,Education,Cedar Hall Music,Dana Hart,Phosphor Bronze Strings,Accessory,String set,25,15.24,0.1,381.0,160.02,220.98,Medium,Dealer replenishment
NAW-10531,2025-04-01,FY25 Q2,Southwest,Distributor,Bayfront Studio Gear,Casey Morgan,Stage Cutaway,Guitar,Spruce/Ovangkol,34,1269.02,0,43146.68,25456.54,17690.14,Low,Accessory attach opportunity
NAW-10532,2025-04-01,FY25 Q2,West,Education,Copper Canyon Guitars,Taylor Brooks,Trail Mini,Guitar,HPL/Sapele,30,573.41,0.05,17202.3,11009.47,6192.83,Low,Back-to-school promotion
NAW-10533,2025-04-01,FY25 Q2,West,Artist Relations,Cedar Hall Music,Elliot Chen,Summit Grand Auditorium,Guitar,Spruce/Walnut,16,1876.13,0.03,30018.08,16810.12,13207.96,Low,Accessory attach opportunity
NAW-10534,2025-04-01,FY25 Q2,West,Distributor,Copper Canyon Guitars,Priya Shah,Coated Lifespan Strings,Accessory,String set,122,25.55,0.12,3117.1,1215.67,1901.43,Medium,Back-to-school promotion
NAW-10535,2025-04-01,FY25 Q2,West,Distributor,Riverbend Instruments,Jordan Lee,Northstar Ukulele,Instrument,Mahogany,10,371.49,0.12,3714.9,2266.09,1448.81,Low,Dealer replenishment
NAW-10536,2025-04-01,FY25 Q2,West,Distributor,Blue Ridge Music,Riley Stone,Stage Cutaway,Guitar,Spruce/Ovangkol,4,1377.79,0.05,5511.16,3251.58,2259.58,Low,Holiday prebuild
NAW-10537,2025-04-01,FY25 Q2,West,Distributor,Pacific Pick House,Dana Hart,Northstar Ukulele,Instrument,Mahogany,24,388.38,0.08,9321.12,5685.88,3635.24,Medium,Accessory attach opportunity
NAW-10538,2025-04-01,FY25 Q2,West,Distributor,Prairie Note,Riley Stone,Foundry Custom,Guitar,Adirondack/Maple,38,3893.8,0.08,147964.4,72502.56,75461.84,Medium,Holiday prebuild
NAW-10539,2025-04-01,FY25 Q2,West,E-commerce,Desert Tone Co.,Alex Rivera,Summit Grand Auditorium,Guitar,Spruce/Walnut,36,1837.44,0.05,66147.84,37042.79,29105.05,Medium,Back-to-school promotion
NAW-10540,2025-04-01,FY25 Q2,West,Artist Relations,Soundpost Music,Riley Stone,Phosphor Bronze Strings,Accessory,String set,153,17.42,0.1,2665.26,1119.41,1545.85,High,Accessory attach opportunity
NAW-10541,2025-04-01,FY25 Q2,West,Artist Relations,Riverbend Instruments,Priya Shah,Humidifier Kit,Accessory,Care,29,31.57,0.1,915.53,393.68,521.85,Low,Back-to-school promotion
NAW-10542,2025-04-01,FY25 Q2,West,Dealer,Soundpost Music,Dana Hart,Foundry Custom,Guitar,Adirondack/Maple,35,4020.77,0.05,140726.95,68956.21,71770.74,Medium,Holiday prebuild
NAW-10543,2025-04-01,FY25 Q2,West,Artist Relations,Bayfront Studio Gear,Taylor Brooks,Harbor OM,Guitar,Spruce/Rosewood,35,2228.12,0.03,77984.2,42111.47,35872.73,Medium,Artist clinic follow-up
NAW-10544,2025-04-01,FY25 Q2,West,E-commerce,Metro Music Supply,Priya Shah,Harbor OM,Guitar,Spruce/Rosewood,25,2182.18,0.05,54554.5,29459.43,25095.07,Low,Dealer replenishment
NAW-10545,2025-04-01,FY25 Q2,West,E-commerce,Main Street Frets,Riley Stone,Foundry Custom,Guitar,Adirondack/Maple,5,4020.77,0.05,20103.85,9850.89,10252.96,Low,Dealer replenishment
NAW-10546,2025-04-01,FY25 Q2,West,E-commerce,Lakeside Strings,Riley Stone,Northstar Ukulele,Instrument,Mahogany,3,422.15,0,1266.45,772.53,493.92,Medium,Accessory attach opportunity
NAW-10547,2025-04-01,FY25 Q2,West,Education,Copper Canyon Guitars,Taylor Brooks,Northstar Ukulele,Instrument,Mahogany,4,388.38,0.08,1553.52,947.65,605.87,Medium,Dealer replenishment
NAW-10548,2025-04-01,FY25 Q2,West,Artist Relations,Blue Ridge Music,Elliot Chen,Harbor OM,Guitar,Spruce/Rosewood,30,2297.03,0,68910.9,37211.89,31699.01,Medium,Accessory attach opportunity
NAW-10549,2025-04-01,FY25 Q2,West,Education,Soundpost Music,Priya Shah,Foundry Custom,Guitar,Adirondack/Maple,15,3809.15,0.1,57137.25,27997.25,29140.0,Medium,Artist clinic follow-up
NAW-10550,2025-04-01,FY25 Q2,West,Dealer,Desert Tone Co.,Casey Morgan,Foundry Custom,Guitar,Adirondack/Maple,32,3724.5,0.12,119184.0,58400.16,60783.84,High,Dealer replenishment
NAW-10551,2025-04-01,FY25 Q2,West,E-commerce,Bayfront Studio Gear,Jordan Lee,Foundry Custom,Guitar,Adirondack/Maple,26,4232.39,0,110042.14,53920.65,56121.49,Medium,Back-to-school promotion
NAW-10552,2025-04-01,FY25 Q2,West,E-commerce,Soundpost Music,Jordan Lee,Coated Lifespan Strings,Accessory,String set,90,26.71,0.08,2403.9,937.52,1466.38,Low,Accessory attach opportunity
NAW-10553,2025-04-01,FY25 Q2,West,E-commerce,Riverbend Instruments,Dana Hart,Premium Strap,Accessory,Accessory,79,59.27,0,4682.33,2153.87,2528.46,Low,Dealer replenishment
NAW-10554,2025-04-01,FY25 Q2,West,E-commerce,Main Street Frets,Samira Khan,Coated Lifespan Strings,Accessory,String set,68,27.58,0.05,1875.44,731.42,1144.02,High,Accessory attach opportunity
NAW-10555,2025-04-01,FY25 Q2,West,Artist Relations,Copper Canyon Guitars,Elliot Chen,Aurora Dreadnought,Guitar,Spruce/Mahogany,37,1445.57,0.08,53486.09,31021.93,22464.16,Medium,Artist clinic follow-up
NAW-10556,2025-04-01,FY25 Q2,West,Education,Pacific Pick House,Taylor Brooks,Humidifier Kit,Accessory,Care,63,30.87,0.12,1944.81,836.27,1108.54,High,Artist clinic follow-up
NAW-10557,2025-04-01,FY25 Q2,West,Dealer,Soundpost Music,Riley Stone,Coated Lifespan Strings,Accessory,String set,40,25.55,0.12,1022.0,398.58,623.42,Low,Dealer replenishment
NAW-10558,2025-04-01,FY25 Q2,West,Distributor,Prairie Note,Priya Shah,Premium Strap,Accessory,Accessory,68,56.31,0.05,3829.08,1761.38,2067.7,Low,Accessory attach opportunity
NAW-10559,2025-04-01,FY25 Q2,West,Education,Metro Music Supply,Priya Shah,Foundry Custom,Guitar,Adirondack/Maple,23,3809.15,0.1,87610.45,42929.12,44681.33,High,Holiday prebuild
NAW-10560,2025-05-01,FY25 Q2,Northeast,Dealer,Riverbend Instruments,Riley Stone,Stage Cutaway,Guitar,Spruce/Ovangkol,4,1333.35,0,5333.4,3146.71,2186.69,High,Back-to-school promotion
NAW-10561,2025-05-01,FY25 Q2,Northeast,Dealer,Main Street Frets,Morgan Evans,Foundry Custom,Guitar,Adirondack/Maple,18,3696.52,0.05,66537.36,32603.31,33934.05,Medium,Holiday prebuild
NAW-10562,2025-05-01,FY25 Q2,Northeast,E-commerce,Prairie Note,Morgan Evans,Trail Mini,Guitar,HPL/Sapele,38,527.17,0.05,20032.46,12820.77,7211.69,High,Artist clinic follow-up
NAW-10563,2025-05-01,FY25 Q2,Northeast,Education,Pacific Pick House,Elliot Chen,Harbor OM,Guitar,Spruce/Rosewood,6,2111.79,0,12670.74,6842.2,5828.54,Medium,Dealer replenishment
NAW-10564,2025-05-01,FY25 Q2,Northeast,Education,Cedar Hall Music,Alex Rivera,Aurora Dreadnought,Guitar,Spruce/Mahogany,15,1444.56,0,21668.4,12567.67,9100.73,Low,Back-to-school promotion
NAW-10565,2025-05-01,FY25 Q2,Northeast,Distributor,Main Street Frets,Casey Morgan,Foundry Custom,Guitar,Adirondack/Maple,37,3891.07,0,143969.59,70545.1,73424.49,Medium,Artist clinic follow-up
NAW-10566,2025-05-01,FY25 Q2,Northeast,Distributor,Metro Music Supply,Casey Morgan,Stage Cutaway,Guitar,Spruce/Ovangkol,22,1226.68,0.08,26986.96,15922.31,11064.65,Low,Artist clinic follow-up
NAW-10567,2025-05-01,FY25 Q2,Northeast,E-commerce,Lakeside Strings,Casey Morgan,Premium Strap,Accessory,Accessory,106,49.04,0.1,5198.24,2391.19,2807.05,Medium,Accessory attach opportunity
NAW-10568,2025-05-01,FY25 Q2,Northeast,Education,Main Street Frets,Riley Stone,Coated Lifespan Strings,Accessory,String set,157,25.89,0.03,4064.73,1585.24,2479.49,Medium,Artist clinic follow-up
NAW-10569,2025-05-01,FY25 Q2,Northeast,Artist Relations,Metro Music Supply,Dana Hart,Phosphor Bronze Strings,Accessory,String set,113,17.26,0.03,1950.38,819.16,1131.22,Medium,Artist clinic follow-up
NAW-10570,2025-05-01,FY25 Q2,Northeast,Education,Soundpost Music,Riley Stone,Stage Cutaway,Guitar,Spruce/Ovangkol,2,1173.35,0.12,2346.7,1384.55,962.15,High,Accessory attach opportunity
NAW-10571,2025-05-01,FY25 Q2,Northeast,Artist Relations,Pacific Pick House,Dana Hart,Trail Mini,Guitar,HPL/Sapele,4,527.17,0.05,2108.68,1349.56,759.12,Low,Back-to-school promotion
NAW-10572,2025-05-01,FY25 Q2,Northeast,Distributor,Main Street Frets,Elliot Chen,Stage Cutaway,Guitar,Spruce/Ovangkol,21,1333.35,0,28000.35,16520.21,11480.14,Medium,Dealer replenishment
NAW-10573,2025-05-01,FY25 Q2,Northeast,Dealer,Copper Canyon Guitars,Taylor Brooks,Foundry Custom,Guitar,Adirondack/Maple,14,3774.34,0.03,52840.76,25891.97,26948.79,Low,Accessory attach opportunity
NAW-10574,2025-05-01,FY25 Q2,Northeast,Artist Relations,Desert Tone Co.,Jordan Lee,Summit Grand Auditorium,Guitar,Spruce/Walnut,18,1600.36,0.1,28806.48,16131.63,12674.85,Medium,Accessory attach opportunity
NAW-10575,2025-05-01,FY25 Q2,Northeast,Dealer,Soundpost Music,Priya Shah,Premium Strap,Accessory,Accessory,59,51.77,0.05,3054.43,1405.04,1649.39,Low,Accessory attach opportunity
NAW-10576,2025-05-01,FY25 Q2,Northeast,Distributor,Metro Music Supply,Elliot Chen,Coated Lifespan Strings,Accessory,String set,131,23.49,0.12,3077.19,1200.1,1877.09,Low,Back-to-school promotion
NAW-10577,2025-05-01,FY25 Q2,Northeast,Artist Relations,Soundpost Music,Casey Morgan,Summit Grand Auditorium,Guitar,Spruce/Walnut,17,1600.36,0.1,27206.12,15235.43,11970.69,Low,Back-to-school promotion
NAW-10578,2025-05-01,FY25 Q2,Northeast,Dealer,Main Street Frets,Taylor Brooks,Coated Lifespan Strings,Accessory,String set,158,23.49,0.12,3711.42,1447.45,2263.97,Low,Accessory attach opportunity
NAW-10579,2025-05-01,FY25 Q2,Northeast,Artist Relations,Cedar Hall Music,Priya Shah,Humidifier Kit,Accessory,Care,123,31.28,0.03,3847.44,1654.4,2193.04,High,Back-to-school promotion
NAW-10580,2025-05-01,FY25 Q2,Northeast,Education,Prairie Note,Dana Hart,Aurora Dreadnought,Guitar,Spruce/Mahogany,13,1401.22,0.03,18215.86,10565.2,7650.66,Low,Holiday prebuild
NAW-10581,2025-05-01,FY25 Q2,Northeast,Distributor,Copper Canyon Guitars,Jordan Lee,Harbor OM,Guitar,Spruce/Rosewood,11,2048.44,0.03,22532.84,12167.73,10365.11,Low,Artist clinic follow-up
NAW-10582,2025-05-01,FY25 Q2,Northeast,E-commerce,Main Street Frets,Taylor Brooks,Northstar Ukulele,Instrument,Mahogany,9,376.46,0.03,3388.14,2066.77,1321.37,High,Back-to-school promotion
NAW-10583,2025-05-01,FY25 Q2,Northeast,E-commerce,Soundpost Music,Casey Morgan,Trail Mini,Guitar,HPL/Sapele,14,538.27,0.03,7535.78,4822.9,2712.88,Low,Dealer replenishment
NAW-10584,2025-05-01,FY25 Q2,Northeast,Distributor,Lakeside Strings,Taylor Brooks,Stage Cutaway,Guitar,Spruce/Ovangkol,16,1200.02,0.1,19200.32,11328.19,7872.13,Medium,Artist clinic follow-up
NAW-10585,2025-05-01,FY25 Q2,Northeast,Education,Cedar Hall Music,Elliot Chen,Hardshell Case,Accessory,Case,37,224.06,0.08,8290.22,5388.64,2901.58,High,Back-to-school promotion
NAW-10586,2025-05-01,FY25 Q2,Northeast,Artist Relations,Cedar Hall Music,Casey Morgan,Summit Grand Auditorium,Guitar,Spruce/Walnut,10,1724.83,0.03,17248.3,9659.05,7589.25,Low,Accessory attach opportunity
NAW-10587,2025-05-01,FY25 Q2,Northeast,Distributor,Lakeside Strings,Elliot Chen,Aurora Dreadnought,Guitar,Spruce/Mahogany,28,1401.22,0.03,39234.16,22755.81,16478.35,Low,Holiday prebuild
NAW-10588,2025-05-01,FY25 Q2,Southeast,Artist Relations,Copper Canyon Guitars,Jordan Lee,Humidifier Kit,Accessory,Care,65,28.28,0.05,1838.2,790.43,1047.77,Medium,Back-to-school promotion
NAW-10589,2025-05-01,FY25 Q2,Southeast,E-commerce,Pacific Pick House,Alex Rivera,Phosphor Bronze Strings,Accessory,String set,111,16.42,0,1822.62,765.5,1057.12,Low,Dealer replenishment
NAW-10590,2025-05-01,FY25 Q2,Southeast,Distributor,Copper Canyon Guitars,Casey Morgan,Harbor OM,Guitar,Spruce/Rosewood,6,1793.4,0.08,10760.4,5810.62,4949.78,High,Dealer replenishment
NAW-10591,2025-05-01,FY25 Q2,Southeast,Dealer,Desert Tone Co.,Elliot Chen,Humidifier Kit,Accessory,Care,28,26.79,0.1,750.12,322.55,427.57,Medium,Dealer replenishment
NAW-10592,2025-05-01,FY25 Q2,Southeast,Education,Bayfront Studio Gear,Riley Stone,Trail Mini,Guitar,HPL/Sapele,38,486.62,0.05,18491.56,11834.6,6656.96,Medium,Back-to-school promotion
NAW-10593,2025-05-01,FY25 Q2,Southeast,Education,Blue Ridge Music,Alex Rivera,Harbor OM,Guitar,Spruce/Rosewood,35,1715.42,0.12,60039.7,32421.44,27618.26,Medium,Holiday prebuild
NAW-10594,2025-05-01,FY25 Q2,Southeast,Artist Relations,Prairie Note,Alex Rivera,Summit Grand Auditorium,Guitar,Spruce/Walnut,13,1559.32,0.05,20271.16,11351.85,8919.31,Low,Back-to-school promotion
NAW-10595,2025-05-01,FY25 Q2,Southeast,Education,Main Street Frets,Samira Khan,Coated Lifespan Strings,Accessory,String set,65,22.67,0.08,1473.55,574.68,898.87,Low,Back-to-school promotion
NAW-10596,2025-05-01,FY25 Q2,Southeast,Distributor,Bayfront Studio Gear,Elliot Chen,Phosphor Bronze Strings,Accessory,String set,103,14.78,0.1,1522.34,639.38,882.96,Medium,Artist clinic follow-up
NAW-10597,2025-05-01,FY25 Q2,Southeast,Dealer,Lakeside Strings,Priya Shah,Hardshell Case,Accessory,Case,52,206.82,0.08,10754.64,6990.52,3764.12,High,Accessory attach opportunity
NAW-10598,2025-05-01,FY25 Q2,Southeast,Distributor,Blue Ridge Music,Taylor Brooks,Premium Strap,Accessory,Accessory,140,47.78,0.05,6689.2,3077.03,3612.17,Low,Artist clinic follow-up
NAW-10599,2025-05-01,FY25 Q2,Southeast,E-commerce,Copper Canyon Guitars,Samira Khan,Foundry Custom,Guitar,Adirondack/Maple,20,3591.76,0,71835.2,35199.25,36635.95,High,Accessory attach opportunity
NAW-10600,2025-05-01,FY25 Q2,Southeast,Education,Lakeside Strings,Alex Rivera,Humidifier Kit,Accessory,Care,43,26.79,0.1,1151.97,495.35,656.62,Medium,Holiday prebuild
NAW-10601,2025-05-01,FY25 Q2,Southeast,Education,Bayfront Studio Gear,Jordan Lee,Premium Strap,Accessory,Accessory,61,45.27,0.1,2761.47,1270.28,1491.19,High,Back-to-school promotion
NAW-10602,2025-05-01,FY25 Q2,Southeast,Education,Bayfront Studio Gear,Samira Khan,Summit Grand Auditorium,Guitar,Spruce/Walnut,13,1641.39,0,21338.07,11949.32,9388.75,Low,Accessory attach opportunity
NAW-10603,2025-05-01,FY25 Q2,Southeast,E-commerce,Bayfront Studio Gear,Elliot Chen,Hardshell Case,Accessory,Case,139,202.33,0.1,28123.87,18280.52,9843.35,Low,Holiday prebuild
NAW-10604,2025-05-01,FY25 Q2,Southeast,E-commerce,Lakeside Strings,Dana Hart,Summit Grand Auditorium,Guitar,Spruce/Walnut,16,1477.25,0.1,23636.0,13236.16,10399.84,Low,Dealer replenishment
NAW-10605,2025-05-01,FY25 Q2,Southeast,Distributor,Lakeside Strings,Alex Rivera,Coated Lifespan Strings,Accessory,String set,135,21.68,0.12,2926.8,1141.45,1785.35,High,Accessory attach opportunity
NAW-10606,2025-05-01,FY25 Q2,Southeast,Artist Relations,Bayfront Studio Gear,Elliot Chen,Summit Grand Auditorium,Guitar,Spruce/Walnut,28,1559.32,0.05,43660.96,24450.14,19210.82,High,Holiday prebuild
NAW-10607,2025-05-01,FY25 Q2,Southeast,Dealer,Pacific Pick House,Jordan Lee,Aurora Dreadnought,Guitar,Spruce/Mahogany,34,1200.09,0.1,40803.06,23665.77,17137.29,Low,Dealer replenishment
NAW-10608,2025-05-01,FY25 Q2,Southeast,Distributor,Metro Music Supply,Jordan Lee,Northstar Ukulele,Instrument,Mahogany,20,329.59,0.08,6591.8,4021.0,2570.8,Low,Accessory attach opportunity
NAW-10609,2025-05-01,FY25 Q2,Southeast,E-commerce,Soundpost Music,Dana Hart,Harbor OM,Guitar,Spruce/Rosewood,29,1949.34,0,56530.86,30526.66,26004.2,Medium,Accessory attach opportunity
NAW-10610,2025-05-01,FY25 Q2,Southeast,Education,Bayfront Studio Gear,Jordan Lee,Hardshell Case,Accessory,Case,107,224.81,0,24054.67,15635.54,8419.13,High,Back-to-school promotion
NAW-10611,2025-05-01,FY25 Q2,Southeast,Education,Desert Tone Co.,Samira Khan,Humidifier Kit,Accessory,Care,49,28.88,0.03,1415.12,608.5,806.62,Low,Dealer replenishment
NAW-10612,2025-05-01,FY25 Q2,Southeast,Artist Relations,Lakeside Strings,Samira Khan,Foundry Custom,Guitar,Adirondack/Maple,17,3412.17,0.05,58006.89,28423.38,29583.51,Medium,Dealer replenishment
NAW-10613,2025-05-01,FY25 Q2,Southeast,E-commerce,Lakeside Strings,Taylor Brooks,Northstar Ukulele,Instrument,Mahogany,16,340.34,0.05,5445.44,3321.72,2123.72,Low,Dealer replenishment
NAW-10614,2025-05-01,FY25 Q2,Southeast,Artist Relations,Lakeside Strings,Samira Khan,Trail Mini,Guitar,HPL/Sapele,25,450.76,0.12,11269.0,7212.16,4056.84,Medium,Holiday prebuild
NAW-10615,2025-05-01,FY25 Q2,Southeast,Distributor,Blue Ridge Music,Jordan Lee,Northstar Ukulele,Instrument,Mahogany,25,358.25,0,8956.25,5463.31,3492.94,High,Holiday prebuild
NAW-10616,2025-05-01,FY25 Q2,Midwest,Artist Relations,Riverbend Instruments,Elliot Chen,Stage Cutaway,Guitar,Spruce/Ovangkol,10,1073.09,0.1,10730.9,6331.23,4399.67,Low,Back-to-school promotion
NAW-10617,2025-05-01,FY25 Q2,Midwest,E-commerce,Desert Tone Co.,Priya Shah,Trail Mini,Guitar,HPL/Sapele,6,481.34,0.03,2888.04,1848.35,1039.69,Low,Back-to-school promotion
NAW-10618,2025-05-01,FY25 Q2,Midwest,Distributor,Prairie Note,Dana Hart,Premium Strap,Accessory,Accessory,72,46.29,0.05,3332.88,1533.12,1799.76,Low,Artist clinic follow-up
NAW-10619,2025-05-01,FY25 Q2,Midwest,Dealer,Pacific Pick House,Priya Shah,Northstar Ukulele,Instrument,Mahogany,26,312.35,0.1,8121.1,4953.87,3167.23,High,Artist clinic follow-up
NAW-10620,2025-05-01,FY25 Q2,Midwest,Dealer,Blue Ridge Music,Morgan Evans,Summit Grand Auditorium,Guitar,Spruce/Walnut,6,1462.89,0.08,8777.34,4915.31,3862.03,High,Accessory attach opportunity
NAW-10621,2025-05-01,FY25 Q2,Midwest,Education,Copper Canyon Guitars,Morgan Evans,Aurora Dreadnought,Guitar,Spruce/Mahogany,10,1136.76,0.12,11367.6,6593.21,4774.39,Medium,Accessory attach opportunity
NAW-10622,2025-05-01,FY25 Q2,Midwest,Education,Bayfront Studio Gear,Jordan Lee,Trail Mini,Guitar,HPL/Sapele,16,446.6,0.1,7145.6,4573.18,2572.42,High,Accessory attach opportunity
NAW-10623,2025-05-01,FY25 Q2,Midwest,Education,Metro Music Supply,Taylor Brooks,Hardshell Case,Accessory,Case,143,191.65,0.12,27405.95,17813.87,9592.08,Low,Artist clinic follow-up
NAW-10624,2025-05-01,FY25 Q2,Midwest,Artist Relations,Metro Music Supply,Casey Morgan,Trail Mini,Guitar,HPL/Sapele,34,456.52,0.08,15521.68,9933.88,5587.8,High,Dealer replenishment
NAW-10625,2025-05-01,FY25 Q2,Midwest,Artist Relations,Lakeside Strings,Elliot Chen,Phosphor Bronze Strings,Accessory,String set,80,14.64,0.08,1171.2,491.9,679.3,Medium,Artist clinic follow-up
NAW-10626,2025-05-01,FY25 Q2,Midwest,E-commerce,Blue Ridge Music,Riley Stone,Harbor OM,Guitar,Spruce/Rosewood,8,1794.01,0.05,14352.08,7750.12,6601.96,High,Back-to-school promotion
NAW-10627,2025-05-01,FY25 Q2,Midwest,Distributor,Blue Ridge Music,Casey Morgan,Humidifier Kit,Accessory,Care,27,25.95,0.1,700.65,301.28,399.37,High,Artist clinic follow-up
NAW-10628,2025-05-01,FY25 Q2,Midwest,Artist Relations,Prairie Note,Priya Shah,Hardshell Case,Accessory,Case,113,196.0,0.1,22148.0,14396.2,7751.8,Low,Artist clinic follow-up
NAW-10629,2025-05-01,FY25 Q2,Midwest,Education,Bayfront Studio Gear,Priya Shah,Hardshell Case,Accessory,Case,23,211.25,0.03,4858.75,3158.19,1700.56,High,Accessory attach opportunity
NAW-10630,2025-05-01,FY25 Q2,Midwest,Dealer,Prairie Note,Jordan Lee,Northstar Ukulele,Instrument,Mahogany,37,336.65,0.03,12456.05,7598.19,4857.86,High,Artist clinic follow-up
NAW-10631,2025-05-01,FY25 Q2,Midwest,Education,Copper Canyon Guitars,Morgan Evans,Aurora Dreadnought,Guitar,Spruce/Mahogany,9,1291.77,0,11625.93,6743.04,4882.89,Low,Dealer replenishment
NAW-10632,2025-05-01,FY25 Q2,Midwest,Artist Relations,Pacific Pick House,Priya Shah,Northstar Ukulele,Instrument,Mahogany,32,319.29,0.08,10217.28,6232.54,3984.74,Low,Back-to-school promotion
NAW-10633,2025-05-01,FY25 Q2,Midwest,E-commerce,Cedar Hall Music,Samira Khan,Phosphor Bronze Strings,Accessory,String set,45,14.64,0.08,658.8,276.7,382.1,Low,Back-to-school promotion
NAW-10634,2025-05-01,FY25 Q2,Midwest,E-commerce,Cedar Hall Music,Taylor Brooks,Summit Grand Auditorium,Guitar,Spruce/Walnut,19,1431.09,0.1,27190.71,15226.8,11963.91,Medium,Dealer replenishment
NAW-10635,2025-05-01,FY25 Q2,Midwest,Distributor,Prairie Note,Elliot Chen,Phosphor Bronze Strings,Accessory,String set,35,14.0,0.12,490.0,205.8,284.2,Medium,Back-to-school promotion
NAW-10636,2025-05-01,FY25 Q2,Midwest,Dealer,Pacific Pick House,Dana Hart,Hardshell Case,Accessory,Case,154,200.36,0.08,30855.44,20056.04,10799.4,High,Back-to-school promotion
NAW-10637,2025-05-01,FY25 Q2,Midwest,E-commerce,Cedar Hall Music,Morgan Evans,Hardshell Case,Accessory,Case,41,217.78,0,8928.98,5803.84,3125.14,Low,Holiday prebuild
NAW-10638,2025-05-01,FY25 Q2,Midwest,Dealer,Blue Ridge Music,Jordan Lee,Harbor OM,Guitar,Spruce/Rosewood,33,1794.01,0.05,59202.33,31969.26,27233.07,Medium,Dealer replenishment
NAW-10639,2025-05-01,FY25 Q2,Midwest,Dealer,Copper Canyon Guitars,Morgan Evans,Coated Lifespan Strings,Accessory,String set,19,22.67,0.05,430.73,167.98,262.75,Low,Artist clinic follow-up
NAW-10640,2025-05-01,FY25 Q2,Midwest,Distributor,Bayfront Studio Gear,Elliot Chen,Humidifier Kit,Accessory,Care,21,27.4,0.05,575.4,247.42,327.98,High,Dealer replenishment
NAW-10641,2025-05-01,FY25 Q2,Midwest,Artist Relations,Desert Tone Co.,Morgan Evans,Foundry Custom,Guitar,Adirondack/Maple,25,3061.98,0.12,76549.5,37509.25,39040.25,Low,Holiday prebuild
NAW-10642,2025-05-01,FY25 Q2,Midwest,E-commerce,Bayfront Studio Gear,Taylor Brooks,Foundry Custom,Guitar,Adirondack/Maple,36,3201.16,0.08,115241.76,56468.46,58773.3,High,Dealer replenishment
NAW-10643,2025-05-01,FY25 Q2,Midwest,Artist Relations,Desert Tone Co.,Alex Rivera,Aurora Dreadnought,Guitar,Spruce/Mahogany,2,1291.77,0,2583.54,1498.45,1085.09,Low,Dealer replenishment
NAW-10644,2025-05-01,FY25 Q2,Southwest,Education,Main Street Frets,Riley Stone,Harbor OM,Guitar,Spruce/Rosewood,16,1890.46,0.05,30247.36,16333.57,13913.79,High,Holiday prebuild
NAW-10645,2025-05-01,FY25 Q2,Southwest,Dealer,Metro Music Supply,Samira Khan,Summit Grand Auditorium,Guitar,Spruce/Walnut,4,1591.81,0.05,6367.24,3565.65,2801.59,Medium,Accessory attach opportunity
NAW-10646,2025-05-01,FY25 Q2,Southwest,Distributor,Lakeside Strings,Priya Shah,Stage Cutaway,Guitar,Spruce/Ovangkol,15,1155.91,0.08,17338.65,10229.8,7108.85,High,Back-to-school promotion
NAW-10647,2025-05-01,FY25 Q2,Southwest,Dealer,Copper Canyon Guitars,Samira Khan,Hardshell Case,Accessory,Case,23,229.49,0,5278.27,3430.88,1847.39,Medium,Dealer replenishment
NAW-10648,2025-05-01,FY25 Q2,Southwest,Artist Relations,Prairie Note,Dana Hart,Aurora Dreadnought,Guitar,Spruce/Mahogany,27,1361.22,0,36752.94,21316.71,15436.23,Low,Dealer replenishment
NAW-10649,2025-05-01,FY25 Q2,Southwest,Dealer,Desert Tone Co.,Morgan Evans,Trail Mini,Guitar,HPL/Sapele,33,470.61,0.1,15530.13,9939.28,5590.85,Medium,Artist clinic follow-up
NAW-10650,2025-05-01,FY25 Q2,Southwest,Distributor,Main Street Frets,Elliot Chen,Premium Strap,Accessory,Accessory,57,51.35,0,2926.95,1346.4,1580.55,Low,Holiday prebuild
NAW-10651,2025-05-01,FY25 Q2,Southwest,Dealer,Riverbend Instruments,Riley Stone,Hardshell Case,Accessory,Case,19,218.01,0.05,4142.19,2692.42,1449.77,Low,Holiday prebuild
NAW-10652,2025-05-01,FY25 Q2,Southwest,Education,Cedar Hall Music,Morgan Evans,Stage Cutaway,Guitar,Spruce/Ovangkol,9,1218.73,0.03,10968.57,6471.46,4497.11,Medium,Dealer replenishment
NAW-10653,2025-05-01,FY25 Q2,Southwest,Distributor,Bayfront Studio Gear,Priya Shah,Phosphor Bronze Strings,Accessory,String set,122,15.93,0.05,1943.46,816.25,1127.21,Medium,Back-to-school promotion
NAW-10654,2025-05-01,FY25 Q2,Southwest,Distributor,Main Street Frets,Priya Shah,Trail Mini,Guitar,HPL/Sapele,8,460.15,0.12,3681.2,2355.97,1325.23,Low,Dealer replenishment
NAW-10655,2025-05-01,FY25 Q2,Southwest,Education,Main Street Frets,Elliot Chen,Foundry Custom,Guitar,Adirondack/Maple,11,3299.93,0.1,36299.23,17786.62,18512.61,Low,Back-to-school promotion
NAW-10656,2025-05-01,FY25 Q2,Southwest,Education,Cedar Hall Music,Priya Shah,Coated Lifespan Strings,Accessory,String set,128,23.14,0.08,2961.92,1155.15,1806.77,Medium,Holiday prebuild
NAW-10657,2025-05-01,FY25 Q2,Southwest,E-commerce,Metro Music Supply,Morgan Evans,Foundry Custom,Guitar,Adirondack/Maple,15,3299.93,0.1,49498.95,24254.49,25244.46,High,Artist clinic follow-up
NAW-10658,2025-05-01,FY25 Q2,Southwest,Dealer,Bayfront Studio Gear,Samira Khan,Aurora Dreadnought,Guitar,Spruce/Mahogany,30,1252.32,0.08,37569.6,21790.37,15779.23,Low,Artist clinic follow-up
NAW-10659,2025-05-01,FY25 Q2,Southwest,Dealer,Cedar Hall Music,Alex Rivera,Phosphor Bronze Strings,Accessory,String set,115,16.77,0,1928.55,809.99,1118.56,Medium,Dealer replenishment
NAW-10660,2025-05-01,FY25 Q2,Southwest,Distributor,Main Street Frets,Riley Stone,Hardshell Case,Accessory,Case,87,218.01,0.05,18966.87,12328.47,6638.4,Medium,Accessory attach opportunity
NAW-10661,2025-05-01,FY25 Q2,Southwest,Distributor,Main Street Frets,Samira Khan,Northstar Ukulele,Instrument,Mahogany,34,321.83,0.12,10942.22,6674.75,4267.47,Medium,Accessory attach opportunity
NAW-10662,2025-05-01,FY25 Q2,Southwest,Artist Relations,Soundpost Music,Alex Rivera,Foundry Custom,Guitar,Adirondack/Maple,8,3666.59,0,29332.72,14373.03,14959.69,High,Dealer replenishment
NAW-10663,2025-05-01,FY25 Q2,Southwest,Distributor,Bayfront Studio Gear,Casey Morgan,Aurora Dreadnought,Guitar,Spruce/Mahogany,25,1225.1,0.1,30627.5,17763.95,12863.55,Low,Artist clinic follow-up
NAW-10664,2025-05-01,FY25 Q2,Southwest,Artist Relations,Lakeside Strings,Alex Rivera,Stage Cutaway,Guitar,Spruce/Ovangkol,22,1155.91,0.08,25430.02,15003.71,10426.31,Low,Dealer replenishment
NAW-10665,2025-05-01,FY25 Q2,Southwest,Artist Relations,Riverbend Instruments,Casey Morgan,Summit Grand Auditorium,Guitar,Spruce/Walnut,5,1675.59,0,8377.95,4691.65,3686.3,Medium,Artist clinic follow-up
NAW-10666,2025-05-01,FY25 Q2,Southwest,Dealer,Main Street Frets,Dana Hart,Northstar Ukulele,Instrument,Mahogany,14,365.72,0,5120.08,3123.25,1996.83,Low,Back-to-school promotion
NAW-10667,2025-05-01,FY25 Q2,Southwest,Distributor,Blue Ridge Music,Priya Shah,Summit Grand Auditorium,Guitar,Spruce/Walnut,10,1541.54,0.08,15415.4,8632.62,6782.78,Medium,Dealer replenishment
NAW-10668,2025-05-01,FY25 Q2,Southwest,Education,Desert Tone Co.,Priya Shah,Stage Cutaway,Guitar,Spruce/Ovangkol,6,1130.78,0.1,6784.68,4002.96,2781.72,Low,Holiday prebuild
NAW-10669,2025-05-01,FY25 Q2,Southwest,Education,Main Street Frets,Morgan Evans,Summit Grand Auditorium,Guitar,Spruce/Walnut,10,1541.54,0.08,15415.4,8632.62,6782.78,Medium,Holiday prebuild
NAW-10670,2025-05-01,FY25 Q2,Southwest,Artist Relations,Pacific Pick House,Riley Stone,Foundry Custom,Guitar,Adirondack/Maple,27,3226.6,0.12,87118.2,42687.92,44430.28,Medium,Accessory attach opportunity
NAW-10671,2025-05-01,FY25 Q2,Southwest,E-commerce,Bayfront Studio Gear,Elliot Chen,Aurora Dreadnought,Guitar,Spruce/Mahogany,15,1225.1,0.1,18376.5,10658.37,7718.13,Low,Holiday prebuild
NAW-10672,2025-05-01,FY25 Q2,West,Education,Lakeside Strings,Elliot Chen,Humidifier Kit,Accessory,Care,147,33.69,0.03,4952.43,2129.54,2822.89,Medium,Dealer replenishment
NAW-10673,2025-05-01,FY25 Q2,West,Artist Relations,Lakeside Strings,Elliot Chen,Humidifier Kit,Accessory,Care,123,31.95,0.08,3929.85,1689.84,2240.01,Medium,Artist clinic follow-up
NAW-10674,2025-05-01,FY25 Q2,West,Education,Bayfront Studio Gear,Samira Khan,Foundry Custom,Guitar,Adirondack/Maple,5,3855.16,0.08,19275.8,9445.14,9830.66,Medium,Artist clinic follow-up
NAW-10675,2025-05-01,FY25 Q2,West,Artist Relations,Desert Tone Co.,Samira Khan,Humidifier Kit,Accessory,Care,133,33.69,0.03,4480.77,1926.73,2554.04,Low,Accessory attach opportunity
NAW-10676,2025-05-01,FY25 Q2,West,E-commerce,Cedar Hall Music,Taylor Brooks,Summit Grand Auditorium,Guitar,Spruce/Walnut,31,1819.21,0.05,56395.51,31581.49,24814.02,Low,Holiday prebuild
NAW-10677,2025-05-01,FY25 Q2,West,Dealer,Main Street Frets,Priya Shah,Hardshell Case,Accessory,Case,53,230.8,0.12,12232.4,7951.06,4281.34,Medium,Accessory attach opportunity
NAW-10678,2025-05-01,FY25 Q2,West,E-commerce,Cedar Hall Music,Morgan Evans,Phosphor Bronze Strings,Accessory,String set,86,18.59,0.03,1598.74,671.47,927.27,High,Accessory attach opportunity
NAW-10679,2025-05-01,FY25 Q2,West,Artist Relations,Prairie Note,Morgan Evans,Coated Lifespan Strings,Accessory,String set,127,27.88,0.03,3540.76,1380.9,2159.86,High,Back-to-school promotion
NAW-10680,2025-05-01,FY25 Q2,West,Dealer,Copper Canyon Guitars,Riley Stone,Aurora Dreadnought,Guitar,Spruce/Mahogany,8,1431.22,0.08,11449.76,6640.86,4808.9,High,Accessory attach opportunity
NAW-10681,2025-05-01,FY25 Q2,West,Dealer,Main Street Frets,Dana Hart,Stage Cutaway,Guitar,Spruce/Ovangkol,27,1292.33,0.1,34892.91,20586.82,14306.09,Medium,Holiday prebuild
NAW-10682,2025-05-01,FY25 Q2,West,Dealer,Bayfront Studio Gear,Taylor Brooks,Summit Grand Auditorium,Guitar,Spruce/Walnut,27,1857.51,0.03,50152.77,28085.55,22067.22,High,Artist clinic follow-up
NAW-10683,2025-05-01,FY25 Q2,West,Artist Relations,Desert Tone Co.,Jordan Lee,Aurora Dreadnought,Guitar,Spruce/Mahogany,34,1369.0,0.12,46546.0,26996.68,19549.32,High,Artist clinic follow-up
NAW-10684,2025-05-01,FY25 Q2,West,Dealer,Desert Tone Co.,Dana Hart,Summit Grand Auditorium,Guitar,Spruce/Walnut,35,1685.16,0.12,58980.6,33029.14,25951.46,Low,Accessory attach opportunity
NAW-10685,2025-05-01,FY25 Q2,West,Dealer,Riverbend Instruments,Jordan Lee,Phosphor Bronze Strings,Accessory,String set,124,19.16,0,2375.84,997.85,1377.99,Medium,Back-to-school promotion
NAW-10686,2025-05-01,FY25 Q2,West,E-commerce,Pacific Pick House,Priya Shah,Hardshell Case,Accessory,Case,60,254.41,0.03,15264.6,9921.99,5342.61,Low,Holiday prebuild
NAW-10687,2025-05-01,FY25 Q2,West,Distributor,Prairie Note,Taylor Brooks,Summit Grand Auditorium,Guitar,Spruce/Walnut,7,1819.21,0.05,12734.47,7131.3,5603.17,Low,Holiday prebuild
NAW-10688,2025-05-01,FY25 Q2,West,E-commerce,Bayfront Studio Gear,Alex Rivera,Foundry Custom,Guitar,Adirondack/Maple,21,3771.35,0.1,79198.35,38807.19,40391.16,Low,Dealer replenishment
NAW-10689,2025-05-01,FY25 Q2,West,Artist Relations,Riverbend Instruments,Priya Shah,Phosphor Bronze Strings,Accessory,String set,30,18.2,0.05,546.0,229.32,316.68,Low,Dealer replenishment
NAW-10690,2025-05-01,FY25 Q2,West,Education,Bayfront Studio Gear,Casey Morgan,Trail Mini,Guitar,HPL/Sapele,4,549.79,0.08,2199.16,1407.46,791.7,Medium,Accessory attach opportunity
NAW-10691,2025-05-01,FY25 Q2,West,Education,Pacific Pick House,Alex Rivera,Foundry Custom,Guitar,Adirondack/Maple,23,4064.68,0.03,93487.64,45808.94,47678.7,Low,Artist clinic follow-up
NAW-10692,2025-05-01,FY25 Q2,West,E-commerce,Lakeside Strings,Priya Shah,Phosphor Bronze Strings,Accessory,String set,56,16.86,0.12,944.16,396.55,547.61,Low,Back-to-school promotion
NAW-10693,2025-05-01,FY25 Q2,West,Artist Relations,Lakeside Strings,Samira Khan,Aurora Dreadnought,Guitar,Spruce/Mahogany,31,1477.89,0.05,45814.59,26572.46,19242.13,Medium,Dealer replenishment
NAW-10694,2025-05-01,FY25 Q2,West,Dealer,Copper Canyon Guitars,Jordan Lee,Summit Grand Auditorium,Guitar,Spruce/Walnut,7,1761.76,0.08,12332.32,6906.1,5426.22,Low,Holiday prebuild
NAW-10695,2025-05-01,FY25 Q2,West,Education,Prairie Note,Alex Rivera,Northstar Ukulele,Instrument,Mahogany,11,405.42,0.03,4459.62,2720.37,1739.25,Medium,Artist clinic follow-up
NAW-10696,2025-05-01,FY25 Q2,West,Dealer,Soundpost Music,Dana Hart,Hardshell Case,Accessory,Case,91,236.05,0.1,21480.55,13962.36,7518.19,High,Artist clinic follow-up
NAW-10697,2025-05-01,FY25 Q2,West,Distributor,Prairie Note,Morgan Evans,Coated Lifespan Strings,Accessory,String set,100,26.44,0.08,2644.0,1031.16,1612.84,High,Holiday prebuild
NAW-10698,2025-05-01,FY25 Q2,West,E-commerce,Bayfront Studio Gear,Morgan Evans,Phosphor Bronze Strings,Accessory,String set,39,17.63,0.08,687.57,288.78,398.79,Medium,Back-to-school promotion
NAW-10699,2025-05-01,FY25 Q2,West,Distributor,Blue Ridge Music,Samira Khan,Trail Mini,Guitar,HPL/Sapele,37,567.72,0.05,21005.64,13443.61,7562.03,High,Dealer replenishment
NAW-10700,2025-05-01,FY25 Q2,Northeast,Artist Relations,Lakeside Strings,Jordan Lee,Coated Lifespan Strings,Accessory,String set,56,23.88,0.08,1337.28,521.54,815.74,Medium,Accessory attach opportunity
NAW-10701,2025-05-01,FY25 Q2,Northeast,Education,Riverbend Instruments,Jordan Lee,Stage Cutaway,Guitar,Spruce/Ovangkol,30,1232.0,0.05,36960.0,21806.4,15153.6,Low,Holiday prebuild
NAW-10702,2025-05-01,FY25 Q2,Northeast,E-commerce,Desert Tone Co.,Samira Khan,Premium Strap,Accessory,Accessory,52,46.64,0.12,2425.28,1115.63,1309.65,Medium,Accessory attach opportunity
NAW-10703,2025-05-01,FY25 Q2,Northeast,Education,Blue Ridge Music,Dana Hart,Trail Mini,Guitar,HPL/Sapele,17,523.53,0.03,8900.01,5696.01,3204.0,High,Dealer replenishment
NAW-10704,2025-05-01,FY25 Q2,Northeast,Education,Pacific Pick House,Casey Morgan,Summit Grand Auditorium,Guitar,Spruce/Walnut,4,1677.59,0.03,6710.36,3757.8,2952.56,Low,Dealer replenishment
NAW-10705,2025-05-01,FY25 Q2,Northeast,Artist Relations,Blue Ridge Music,Taylor Brooks,Humidifier Kit,Accessory,Care,76,31.37,0,2384.12,1025.17,1358.95,High,Holiday prebuild
NAW-10706,2025-05-01,FY25 Q2,Northeast,E-commerce,Copper Canyon Guitars,Priya Shah,Phosphor Bronze Strings,Accessory,String set,110,15.58,0.1,1713.8,719.8,994.0,Medium,Artist clinic follow-up
NAW-10707,2025-05-01,FY25 Q2,Northeast,E-commerce,Metro Music Supply,Taylor Brooks,Foundry Custom,Guitar,Adirondack/Maple,23,3784.52,0,87043.96,42651.54,44392.42,High,Artist clinic follow-up
NAW-10708,2025-05-01,FY25 Q2,Northeast,Artist Relations,Desert Tone Co.,Riley Stone,Stage Cutaway,Guitar,Spruce/Ovangkol,27,1232.0,0.05,33264.0,19625.76,13638.24,Low,Accessory attach opportunity
NAW-10709,2025-05-01,FY25 Q2,Northeast,Artist Relations,Riverbend Instruments,Elliot Chen,Coated Lifespan Strings,Accessory,String set,26,23.36,0.1,607.36,236.87,370.49,Low,Holiday prebuild
NAW-10710,2025-05-01,FY25 Q2,Northeast,Artist Relations,Desert Tone Co.,Samira Khan,Harbor OM,Guitar,Spruce/Rosewood,35,1992.34,0.03,69731.9,37655.23,32076.67,Medium,Back-to-school promotion
NAW-10711,2025-05-01,FY25 Q2,Northeast,Distributor,Main Street Frets,Dana Hart,Hardshell Case,Accessory,Case,40,236.87,0,9474.8,6158.62,3316.18,Low,Artist clinic follow-up
NAW-10712,2025-05-01,FY25 Q2,Northeast,Artist Relations,Copper Canyon Guitars,Samira Khan,Coated Lifespan Strings,Accessory,String set,137,24.66,0.05,3378.42,1317.58,2060.84,High,Holiday prebuild
NAW-10713,2025-05-01,FY25 Q2,Northeast,Education,Soundpost Music,Casey Morgan,Northstar Ukulele,Instrument,Mahogany,4,377.48,0,1509.92,921.05,588.87,Medium,Accessory attach opportunity
NAW-10714,2025-05-01,FY25 Q2,Northeast,E-commerce,Metro Music Supply,Elliot Chen,Phosphor Bronze Strings,Accessory,String set,108,15.58,0.1,1682.64,706.71,975.93,Medium,Back-to-school promotion
NAW-10715,2025-05-01,FY25 Q2,Northeast,Education,Metro Music Supply,Riley Stone,Aurora Dreadnought,Guitar,Spruce/Mahogany,10,1236.4,0.12,12364.0,7171.12,5192.88,Low,Accessory attach opportunity
NAW-10716,2025-05-01,FY25 Q2,Northeast,Artist Relations,Copper Canyon Guitars,Elliot Chen,Coated Lifespan Strings,Accessory,String set,81,24.66,0.05,1997.46,779.01,1218.45,Low,Holiday prebuild
NAW-10717,2025-05-01,FY25 Q2,Northeast,Education,Desert Tone Co.,Casey Morgan,Coated Lifespan Strings,Accessory,String set,139,24.66,0.05,3427.74,1336.82,2090.92,Low,Artist clinic follow-up
NAW-10718,2025-05-01,FY25 Q2,Northeast,Dealer,Riverbend Instruments,Alex Rivera,Summit Grand Auditorium,Guitar,Spruce/Walnut,23,1677.59,0.03,38584.57,21607.36,16977.21,Low,Accessory attach opportunity
NAW-10719,2025-05-01,FY25 Q2,Northeast,Education,Cedar Hall Music,Priya Shah,Premium Strap,Accessory,Accessory,51,46.64,0.12,2378.64,1094.17,1284.47,Medium,Back-to-school promotion
NAW-10720,2025-05-01,FY25 Q2,Northeast,E-commerce,Prairie Note,Samira Khan,Foundry Custom,Guitar,Adirondack/Maple,38,3784.52,0,143811.76,70467.76,73344.0,Low,Holiday prebuild
NAW-10721,2025-05-01,FY25 Q2,Northeast,Distributor,Pacific Pick House,Elliot Chen,Phosphor Bronze Strings,Accessory,String set,62,16.44,0.05,1019.28,428.1,591.18,Medium,Holiday prebuild
NAW-10722,2025-05-01,FY25 Q2,Northeast,E-commerce,Prairie Note,Riley Stone,Coated Lifespan Strings,Accessory,String set,46,23.88,0.08,1098.48,428.41,670.07,Low,Back-to-school promotion
NAW-10723,2025-05-01,FY25 Q2,Northeast,Dealer,Metro Music Supply,Riley Stone,Stage Cutaway,Guitar,Spruce/Ovangkol,14,1193.09,0.08,16703.26,9854.92,6848.34,High,Accessory attach opportunity
NAW-10724,2025-05-01,FY25 Q2,Northeast,Dealer,Lakeside Strings,Elliot Chen,Trail Mini,Guitar,HPL/Sapele,29,485.75,0.1,14086.75,9015.52,5071.23,Low,Dealer replenishment
NAW-10725,2025-05-01,FY25 Q2,Northeast,Distributor,Copper Canyon Guitars,Alex Rivera,Foundry Custom,Guitar,Adirondack/Maple,19,3481.76,0.08,66153.44,32415.19,33738.25,Medium,Holiday prebuild
NAW-10726,2025-05-01,FY25 Q2,Northeast,Education,Blue Ridge Music,Elliot Chen,Phosphor Bronze Strings,Accessory,String set,139,16.44,0.05,2285.16,959.77,1325.39,Low,Holiday prebuild
NAW-10727,2025-05-01,FY25 Q2,Northeast,Dealer,Lakeside Strings,Alex Rivera,Northstar Ukulele,Instrument,Mahogany,13,347.28,0.08,4514.64,2753.93,1760.71,Medium,Holiday prebuild
NAW-10728,2025-05-01,FY25 Q2,Southeast,Education,Prairie Note,Samira Khan,Coated Lifespan Strings,Accessory,String set,54,23.96,0,1293.84,504.6,789.24,High,Artist clinic follow-up
NAW-10729,2025-05-01,FY25 Q2,Southeast,Artist Relations,Soundpost Music,Casey Morgan,Humidifier Kit,Accessory,Care,51,26.64,0.08,1358.64,584.22,774.42,Medium,Back-to-school promotion
NAW-10730,2025-05-01,FY25 Q2,Southeast,Distributor,Copper Canyon Guitars,Alex Rivera,Foundry Custom,Guitar,Adirondack/Maple,29,3493.4,0,101308.6,49641.21,51667.39,Low,Artist clinic follow-up
NAW-10731,2025-05-01,FY25 Q2,Southeast,Education,Prairie Note,Jordan Lee,Summit Grand Auditorium,Guitar,Spruce/Walnut,32,1548.55,0.03,49553.6,27750.02,21803.58,High,Accessory attach opportunity
NAW-10732,2025-05-01,FY25 Q2,Southeast,Distributor,Desert Tone Co.,Casey Morgan,Coated Lifespan Strings,Accessory,String set,129,22.04,0.08,2843.16,1108.83,1734.33,Medium,Accessory attach opportunity
NAW-10733,2025-05-01,FY25 Q2,Southeast,E-commerce,Bayfront Studio Gear,Alex Rivera,Foundry Custom,Guitar,Adirondack/Maple,2,3318.73,0.05,6637.46,3252.36,3385.1,Low,Dealer replenishment
NAW-10734,2025-05-01,FY25 Q2,Southeast,Distributor,Lakeside Strings,Casey Morgan,Aurora Dreadnought,Guitar,Spruce/Mahogany,30,1193.17,0.08,35795.1,20761.16,15033.94,Low,Holiday prebuild
NAW-10735,2025-05-01,FY25 Q2,Southeast,E-commerce,Soundpost Music,Taylor Brooks,Harbor OM,Guitar,Spruce/Rosewood,2,1744.28,0.08,3488.56,1883.82,1604.74,High,Accessory attach opportunity
NAW-10736,2025-05-01,FY25 Q2,Southeast,Education,Copper Canyon Guitars,Dana Hart,Trail Mini,Guitar,HPL/Sapele,5,448.38,0.1,2241.9,1434.82,807.08,Low,Accessory attach opportunity
NAW-10737,2025-05-01,FY25 Q2,Southeast,Distributor,Copper Canyon Guitars,Elliot Chen,Northstar Ukulele,Instrument,Mahogany,11,348.44,0,3832.84,2338.03,1494.81,Low,Dealer replenishment
NAW-10738,2025-05-01,FY25 Q2,Southeast,Education,Lakeside Strings,Jordan Lee,Premium Strap,Accessory,Accessory,52,46.48,0.05,2416.96,1111.8,1305.16,Medium,Accessory attach opportunity
NAW-10739,2025-05-01,FY25 Q2,Southeast,Dealer,Riverbend Instruments,Taylor Brooks,Trail Mini,Guitar,HPL/Sapele,24,458.35,0.08,11000.4,7040.26,3960.14,Medium,Dealer replenishment
NAW-10740,2025-05-01,FY25 Q2,Southeast,Distributor,Main Street Frets,Priya Shah,Harbor OM,Guitar,Spruce/Rosewood,14,1895.96,0,26543.44,14333.46,12209.98,Low,Artist clinic follow-up
NAW-10741,2025-05-01,FY25 Q2,Southeast,Distributor,Soundpost Music,Casey Morgan,Trail Mini,Guitar,HPL/Sapele,15,473.29,0.05,7099.35,4543.58,2555.77,Medium,Holiday prebuild
NAW-10742,2025-05-01,FY25 Q2,Southeast,Education,Pacific Pick House,Morgan Evans,Humidifier Kit,Accessory,Care,93,28.08,0.03,2611.44,1122.92,1488.52,Low,Holiday prebuild
NAW-10743,2025-05-01,FY25 Q2,Southeast,E-commerce,Cedar Hall Music,Priya Shah,Coated Lifespan Strings,Accessory,String set,56,21.09,0.12,1181.04,460.61,720.43,Low,Artist clinic follow-up
NAW-10744,2025-05-01,FY25 Q2,Southeast,Dealer,Riverbend Instruments,Morgan Evans,Stage Cutaway,Guitar,Spruce/Ovangkol,9,1101.32,0.08,9911.88,5848.01,4063.87,Medium,Accessory attach opportunity
NAW-10745,2025-05-01,FY25 Q2,Southeast,Artist Relations,Desert Tone Co.,Morgan Evans,Humidifier Kit,Accessory,Care,114,28.08,0.03,3201.12,1376.48,1824.64,Low,Dealer replenishment
NAW-10746,2025-05-01,FY25 Q2,Southeast,Distributor,Prairie Note,Alex Rivera,Coated Lifespan Strings,Accessory,String set,142,23.96,0,3402.32,1326.9,2075.42,Low,Holiday prebuild
NAW-10747,2025-05-01,FY25 Q2,Southeast,Artist Relations,Main Street Frets,Dana Hart,Phosphor Bronze Strings,Accessory,String set,114,15.18,0.05,1730.52,726.82,1003.7,Low,Dealer replenishment
NAW-10748,2025-05-01,FY25 Q2,Southeast,Artist Relations,Soundpost Music,Jordan Lee,Harbor OM,Guitar,Spruce/Rosewood,22,1668.45,0.12,36705.9,19821.19,16884.71,High,Holiday prebuild
NAW-10749,2025-05-01,FY25 Q2,Southeast,E-commerce,Prairie Note,Dana Hart,Harbor OM,Guitar,Spruce/Rosewood,7,1801.16,0.05,12608.12,6808.38,5799.74,High,Holiday prebuild
NAW-10750,2025-05-01,FY25 Q2,Southeast,Education,Main Street Frets,Morgan Evans,Trail Mini,Guitar,HPL/Sapele,22,438.42,0.12,9645.24,6172.95,3472.29,Low,Holiday prebuild
NAW-10751,2025-05-01,FY25 Q2,Southeast,Artist Relations,Cedar Hall Music,Morgan Evans,Northstar Ukulele,Instrument,Mahogany,14,337.99,0.03,4731.86,2886.43,1845.43,Medium,Dealer replenishment
NAW-10752,2025-05-01,FY25 Q2,Southeast,Dealer,Blue Ridge Music,Taylor Brooks,Phosphor Bronze Strings,Accessory,String set,143,14.06,0.12,2010.58,844.44,1166.14,Low,Accessory attach opportunity
NAW-10753,2025-05-01,FY25 Q2,Southeast,Artist Relations,Blue Ridge Music,Riley Stone,Stage Cutaway,Guitar,Spruce/Ovangkol,16,1197.08,0,19153.28,11300.44,7852.84,High,Back-to-school promotion
NAW-10754,2025-05-01,FY25 Q2,Southeast,Education,Cedar Hall Music,Morgan Evans,Trail Mini,Guitar,HPL/Sapele,6,483.26,0.03,2899.56,1855.72,1043.84,Low,Accessory attach opportunity
NAW-10755,2025-05-01,FY25 Q2,Southeast,Education,Desert Tone Co.,Riley Stone,Phosphor Bronze Strings,Accessory,String set,87,15.5,0.03,1348.5,566.37,782.13,Low,Holiday prebuild
NAW-10756,2025-05-01,FY25 Q2,Midwest,E-commerce,Riverbend Instruments,Jordan Lee,Coated Lifespan Strings,Accessory,String set,83,20.89,0.1,1733.87,676.21,1057.66,Low,Holiday prebuild
NAW-10757,2025-05-01,FY25 Q2,Midwest,Artist Relations,Copper Canyon Guitars,Riley Stone,Summit Grand Auditorium,Guitar,Spruce/Walnut,3,1546.55,0,4639.65,2598.2,2041.45,Low,Back-to-school promotion
NAW-10758,2025-05-01,FY25 Q2,Midwest,Distributor,Blue Ridge Music,Taylor Brooks,Coated Lifespan Strings,Accessory,String set,57,20.43,0.12,1164.51,454.16,710.35,Medium,Holiday prebuild
NAW-10759,2025-05-01,FY25 Q2,Midwest,Distributor,Pacific Pick House,Priya Shah,Foundry Custom,Guitar,Adirondack/Maple,27,3384.23,0,91374.21,44773.36,46600.85,Low,Holiday prebuild
NAW-10760,2025-05-01,FY25 Q2,Midwest,Dealer,Pacific Pick House,Samira Khan,Northstar Ukulele,Instrument,Mahogany,2,297.05,0.12,594.1,362.4,231.7,Low,Holiday prebuild
NAW-10761,2025-05-01,FY25 Q2,Midwest,Artist Relations,Blue Ridge Music,Riley Stone,Hardshell Case,Accessory,Case,70,186.4,0.12,13048.0,8481.2,4566.8,Medium,Artist clinic follow-up
NAW-10762,2025-05-01,FY25 Q2,Midwest,Education,Blue Ridge Music,Riley Stone,Foundry Custom,Guitar,Adirondack/Maple,13,3282.71,0.03,42675.23,20910.86,21764.37,Medium,Accessory attach opportunity
NAW-10763,2025-05-01,FY25 Q2,Midwest,Dealer,Prairie Note,Morgan Evans,Coated Lifespan Strings,Accessory,String set,159,23.21,0,3690.39,1439.25,2251.14,Low,Holiday prebuild
NAW-10764,2025-05-01,FY25 Q2,Midwest,E-commerce,Main Street Frets,Taylor Brooks,Aurora Dreadnought,Guitar,Spruce/Mahogany,24,1256.39,0,30153.36,17488.95,12664.41,Medium,Holiday prebuild
NAW-10765,2025-05-01,FY25 Q2,Midwest,Distributor,Prairie Note,Samira Khan,Hardshell Case,Accessory,Case,42,186.4,0.12,7828.8,5088.72,2740.08,High,Back-to-school promotion
NAW-10766,2025-05-01,FY25 Q2,Midwest,E-commerce,Riverbend Instruments,Samira Khan,Harbor OM,Guitar,Spruce/Rosewood,28,1744.88,0.05,48856.64,26382.59,22474.05,Medium,Back-to-school promotion
NAW-10767,2025-05-01,FY25 Q2,Midwest,Education,Riverbend Instruments,Morgan Evans,Humidifier Kit,Accessory,Care,22,27.21,0.03,598.62,257.41,341.21,Low,Accessory attach opportunity
NAW-10768,2025-05-01,FY25 Q2,Midwest,Distributor,Metro Music Supply,Riley Stone,Phosphor Bronze Strings,Accessory,String set,130,14.7,0.05,1911.0,802.62,1108.38,Medium,Artist clinic follow-up
NAW-10769,2025-05-01,FY25 Q2,Midwest,E-commerce,Desert Tone Co.,Morgan Evans,Hardshell Case,Accessory,Case,53,190.64,0.1,10103.92,6567.55,3536.37,High,Back-to-school promotion
NAW-10770,2025-05-01,FY25 Q2,Midwest,Artist Relations,Copper Canyon Guitars,Taylor Brooks,Northstar Ukulele,Instrument,Mahogany,17,320.68,0.05,5451.56,3325.45,2126.11,Low,Dealer replenishment
NAW-10771,2025-05-01,FY25 Q2,Midwest,Artist Relations,Main Street Frets,Riley Stone,Phosphor Bronze Strings,Accessory,String set,146,13.62,0.12,1988.52,835.18,1153.34,Low,Accessory attach opportunity
NAW-10772,2025-05-01,FY25 Q2,Midwest,Distributor,Copper Canyon Guitars,Taylor Brooks,Foundry Custom,Guitar,Adirondack/Maple,34,3282.71,0.03,111612.14,54689.95,56922.19,Low,Holiday prebuild
NAW-10773,2025-05-01,FY25 Q2,Midwest,E-commerce,Blue Ridge Music,Riley Stone,Northstar Ukulele,Instrument,Mahogany,25,337.55,0,8438.75,5147.64,3291.11,Medium,Artist clinic follow-up
NAW-10774,2025-05-01,FY25 Q2,Midwest,Distributor,Metro Music Supply,Dana Hart,Humidifier Kit,Accessory,Care,157,28.05,0,4403.85,1893.66,2510.19,High,Holiday prebuild
NAW-10775,2025-05-01,FY25 Q2,Midwest,Distributor,Riverbend Instruments,Morgan Evans,Northstar Ukulele,Instrument,Mahogany,23,337.55,0,7763.65,4735.83,3027.82,Medium,Artist clinic follow-up
NAW-10776,2025-05-01,FY25 Q2,Midwest,Education,Soundpost Music,Dana Hart,Summit Grand Auditorium,Guitar,Spruce/Walnut,6,1500.16,0.03,9000.96,5040.54,3960.42,Low,Dealer replenishment
NAW-10777,2025-05-01,FY25 Q2,Midwest,Artist Relations,Prairie Note,Priya Shah,Summit Grand Auditorium,Guitar,Spruce/Walnut,34,1360.97,0.12,46272.98,25912.87,20360.11,Medium,Back-to-school promotion
NAW-10778,2025-05-01,FY25 Q2,Midwest,Artist Relations,Metro Music Supply,Taylor Brooks,Phosphor Bronze Strings,Accessory,String set,64,15.01,0.03,960.64,403.47,557.17,Medium,Accessory attach opportunity
NAW-10779,2025-05-01,FY25 Q2,Midwest,Dealer,Metro Music Supply,Priya Shah,Trail Mini,Guitar,HPL/Sapele,4,468.15,0.03,1872.6,1198.46,674.14,High,Holiday prebuild
NAW-10780,2025-05-01,FY25 Q2,Midwest,Dealer,Desert Tone Co.,Morgan Evans,Stage Cutaway,Guitar,Spruce/Ovangkol,29,1159.67,0,33630.43,19841.95,13788.48,Low,Holiday prebuild
NAW-10781,2025-05-01,FY25 Q2,Midwest,E-commerce,Riverbend Instruments,Riley Stone,Aurora Dreadnought,Guitar,Spruce/Mahogany,15,1105.63,0.12,16584.45,9618.98,6965.47,Low,Artist clinic follow-up
NAW-10782,2025-05-01,FY25 Q2,Midwest,Dealer,Prairie Note,Elliot Chen,Hardshell Case,Accessory,Case,33,194.87,0.08,6430.71,4179.96,2250.75,High,Back-to-school promotion
NAW-10783,2025-05-01,FY25 Q2,Midwest,Distributor,Soundpost Music,Jordan Lee,Northstar Ukulele,Instrument,Mahogany,13,320.68,0.05,4168.84,2542.99,1625.85,Low,Holiday prebuild
NAW-10784,2025-05-01,FY25 Q2,Southwest,Artist Relations,Soundpost Music,Priya Shah,Hardshell Case,Accessory,Case,73,196.42,0.12,14338.66,9320.13,5018.53,Medium,Holiday prebuild
NAW-10785,2025-05-01,FY25 Q2,Southwest,Distributor,Main Street Frets,Casey Morgan,Hardshell Case,Accessory,Case,157,212.04,0.05,33290.28,21638.68,11651.6,Medium,Holiday prebuild
NAW-10786,2025-05-01,FY25 Q2,Southwest,Dealer,Blue Ridge Music,Morgan Evans,Northstar Ukulele,Instrument,Mahogany,19,327.24,0.08,6217.56,3792.71,2424.85,Medium,Accessory attach opportunity
NAW-10787,2025-05-01,FY25 Q2,Southwest,E-commerce,Prairie Note,Samira Khan,Premium Strap,Accessory,Accessory,116,43.95,0.12,5098.2,2345.17,2753.03,Medium,Dealer replenishment
NAW-10788,2025-05-01,FY25 Q2,Southwest,Artist Relations,Bayfront Studio Gear,Taylor Brooks,Stage Cutaway,Guitar,Spruce/Ovangkol,37,1222.02,0,45214.74,26676.7,18538.04,Medium,Holiday prebuild
NAW-10789,2025-05-01,FY25 Q2,Southwest,Artist Relations,Desert Tone Co.,Morgan Evans,Humidifier Kit,Accessory,Care,60,29.56,0,1773.6,762.65,1010.95,Low,Artist clinic follow-up
NAW-10790,2025-05-01,FY25 Q2,Southwest,Education,Blue Ridge Music,Morgan Evans,Trail Mini,Guitar,HPL/Sapele,7,483.15,0.05,3382.05,2164.51,1217.54,High,Back-to-school promotion
NAW-10791,2025-05-01,FY25 Q2,Southwest,Education,Soundpost Music,Dana Hart,Premium Strap,Accessory,Accessory,60,48.44,0.03,2906.4,1336.94,1569.46,Medium,Back-to-school promotion
NAW-10792,2025-05-01,FY25 Q2,Southwest,Dealer,Desert Tone Co.,Casey Morgan,Aurora Dreadnought,Guitar,Spruce/Mahogany,24,1257.74,0.05,30185.76,17507.74,12678.02,Low,Accessory attach opportunity
NAW-10793,2025-05-01,FY25 Q2,Southwest,Dealer,Bayfront Studio Gear,Samira Khan,Summit Grand Auditorium,Guitar,Spruce/Walnut,8,1466.73,0.1,11733.84,6570.95,5162.89,Low,Accessory attach opportunity
NAW-10794,2025-05-01,FY25 Q2,Southwest,Distributor,Desert Tone Co.,Samira Khan,Summit Grand Auditorium,Guitar,Spruce/Walnut,20,1629.7,0,32594.0,18252.64,14341.36,Medium,Artist clinic follow-up
NAW-10795,2025-05-01,FY25 Q2,Southwest,Artist Relations,Pacific Pick House,Alex Rivera,Foundry Custom,Guitar,Adirondack/Maple,16,3209.56,0.1,51352.96,25162.95,26190.01,Medium,Dealer replenishment
NAW-10796,2025-05-01,FY25 Q2,Southwest,Distributor,Pacific Pick House,Samira Khan,Humidifier Kit,Accessory,Care,40,27.19,0.08,1087.6,467.67,619.93,Medium,Accessory attach opportunity
NAW-10797,2025-05-01,FY25 Q2,Southwest,E-commerce,Metro Music Supply,Jordan Lee,Trail Mini,Guitar,HPL/Sapele,18,457.72,0.1,8238.96,5272.93,2966.03,High,Artist clinic follow-up
NAW-10798,2025-05-01,FY25 Q2,Southwest,Dealer,Copper Canyon Guitars,Samira Khan,Summit Grand Auditorium,Guitar,Spruce/Walnut,8,1548.22,0.05,12385.76,6936.03,5449.73,Low,Artist clinic follow-up
NAW-10799,2025-05-01,FY25 Q2,Southwest,E-commerce,Bayfront Studio Gear,Samira Khan,Hardshell Case,Accessory,Case,116,205.35,0.08,23820.6,15483.39,8337.21,High,Artist clinic follow-up
NAW-10800,2025-05-01,FY25 Q2,Southwest,Artist Relations,Blue Ridge Music,Riley Stone,Phosphor Bronze Strings,Accessory,String set,30,15.82,0.03,474.6,199.33,275.27,Low,Back-to-school promotion
NAW-10801,2025-05-01,FY25 Q2,Southwest,Artist Relations,Bayfront Studio Gear,Taylor Brooks,Northstar Ukulele,Instrument,Mahogany,5,345.03,0.03,1725.15,1052.34,672.81,Medium,Dealer replenishment
NAW-10802,2025-05-01,FY25 Q2,Southwest,Artist Relations,Bayfront Studio Gear,Priya Shah,Phosphor Bronze Strings,Accessory,String set,61,14.35,0.12,875.35,367.65,507.7,Low,Back-to-school promotion
NAW-10803,2025-05-01,FY25 Q2,Southwest,Education,Lakeside Strings,Jordan Lee,Hardshell Case,Accessory,Case,131,212.04,0.05,27777.24,18055.21,9722.03,High,Holiday prebuild
NAW-10804,2025-05-01,FY25 Q2,Southwest,E-commerce,Blue Ridge Music,Jordan Lee,Premium Strap,Accessory,Accessory,134,44.95,0.1,6023.3,2770.72,3252.58,Low,Back-to-school promotion
NAW-10805,2025-05-01,FY25 Q2,Southwest,Distributor,Metro Music Supply,Elliot Chen,Aurora Dreadnought,Guitar,Spruce/Mahogany,10,1165.07,0.12,11650.7,6757.41,4893.29,High,Artist clinic follow-up
NAW-10806,2025-05-01,FY25 Q2,Southwest,E-commerce,Metro Music Supply,Jordan Lee,Harbor OM,Guitar,Spruce/Rosewood,11,1838.69,0.05,20225.59,10921.82,9303.77,Low,Artist clinic follow-up
NAW-10807,2025-05-01,FY25 Q2,Southwest,Dealer,Desert Tone Co.,Elliot Chen,Northstar Ukulele,Instrument,Mahogany,11,345.03,0.03,3795.33,2315.15,1480.18,High,Accessory attach opportunity
NAW-10808,2025-05-01,FY25 Q2,Southwest,Distributor,Lakeside Strings,Riley Stone,Northstar Ukulele,Instrument,Mahogany,25,337.92,0.05,8448.0,5153.28,3294.72,Medium,Accessory attach opportunity
NAW-10809,2025-05-01,FY25 Q2,Southwest,Dealer,Lakeside Strings,Elliot Chen,Coated Lifespan Strings,Accessory,String set,38,22.5,0.08,855.0,333.45,521.55,Low,Accessory attach opportunity
NAW-10810,2025-05-01,FY25 Q2,Southwest,E-commerce,Metro Music Supply,Casey Morgan,Humidifier Kit,Accessory,Care,155,26.6,0.1,4123.0,1772.89,2350.11,High,Dealer replenishment
NAW-10811,2025-05-01,FY25 Q2,Southwest,Artist Relations,Prairie Note,Elliot Chen,Summit Grand Auditorium,Guitar,Spruce/Walnut,15,1580.81,0.03,23712.15,13278.8,10433.35,Low,Accessory attach opportunity
NAW-10812,2025-05-01,FY25 Q2,West,Distributor,Soundpost Music,Riley Stone,Trail Mini,Guitar,HPL/Sapele,9,581.24,0,5231.16,3347.94,1883.22,Low,Accessory attach opportunity
NAW-10813,2025-05-01,FY25 Q2,West,E-commerce,Bayfront Studio Gear,Jordan Lee,Phosphor Bronze Strings,Accessory,String set,88,17.15,0.08,1509.2,633.86,875.34,Low,Accessory attach opportunity
NAW-10814,2025-05-01,FY25 Q2,West,E-commerce,Prairie Note,Riley Stone,Coated Lifespan Strings,Accessory,String set,54,27.96,0,1509.84,588.84,921.0,Low,Back-to-school promotion
NAW-10815,2025-05-01,FY25 Q2,West,E-commerce,Copper Canyon Guitars,Priya Shah,Coated Lifespan Strings,Accessory,String set,35,27.96,0,978.6,381.65,596.95,Medium,Back-to-school promotion
NAW-10816,2025-05-01,FY25 Q2,West,E-commerce,Lakeside Strings,Morgan Evans,Coated Lifespan Strings,Accessory,String set,28,27.96,0,782.88,305.32,477.56,Low,Accessory attach opportunity
NAW-10817,2025-05-01,FY25 Q2,West,Dealer,Lakeside Strings,Dana Hart,Foundry Custom,Guitar,Adirondack/Maple,28,3871.85,0.05,108411.8,53121.78,55290.02,Low,Back-to-school promotion
NAW-10818,2025-05-01,FY25 Q2,West,Education,Soundpost Music,Morgan Evans,Premium Strap,Accessory,Accessory,140,51.37,0.1,7191.8,3308.23,3883.57,Medium,Back-to-school promotion
NAW-10819,2025-05-01,FY25 Q2,West,E-commerce,Cedar Hall Music,Taylor Brooks,Trail Mini,Guitar,HPL/Sapele,12,581.24,0,6974.88,4463.92,2510.96,Low,Accessory attach opportunity
NAW-10820,2025-05-01,FY25 Q2,West,Dealer,Bayfront Studio Gear,Priya Shah,Hardshell Case,Accessory,Case,108,224.48,0.12,24243.84,15758.5,8485.34,Medium,Accessory attach opportunity
NAW-10821,2025-05-01,FY25 Q2,West,Artist Relations,Main Street Frets,Alex Rivera,Premium Strap,Accessory,Accessory,79,52.51,0.08,4148.29,1908.21,2240.08,Medium,Dealer replenishment
NAW-10822,2025-05-01,FY25 Q2,West,E-commerce,Prairie Note,Riley Stone,Northstar Ukulele,Instrument,Mahogany,27,386.19,0.05,10427.13,6360.55,4066.58,Low,Back-to-school promotion
NAW-10823,2025-05-01,FY25 Q2,West,E-commerce,Blue Ridge Music,Jordan Lee,Northstar Ukulele,Instrument,Mahogany,14,365.86,0.1,5122.04,3124.44,1997.6,Low,Dealer replenishment
NAW-10824,2025-05-01,FY25 Q2,West,Dealer,Copper Canyon Guitars,Riley Stone,Phosphor Bronze Strings,Accessory,String set,156,18.08,0.03,2820.48,1184.6,1635.88,Low,Accessory attach opportunity
NAW-10825,2025-05-01,FY25 Q2,West,E-commerce,Blue Ridge Music,Priya Shah,Humidifier Kit,Accessory,Care,158,32.09,0.05,5070.22,2180.19,2890.03,Medium,Artist clinic follow-up
NAW-10826,2025-05-01,FY25 Q2,West,Education,Main Street Frets,Priya Shah,Stage Cutaway,Guitar,Spruce/Ovangkol,31,1396.6,0,43294.6,25543.81,17750.79,Medium,Dealer replenishment
NAW-10827,2025-05-01,FY25 Q2,West,Artist Relations,Prairie Note,Elliot Chen,Aurora Dreadnought,Guitar,Spruce/Mahogany,5,1437.42,0.05,7187.1,4168.52,3018.58,Medium,Holiday prebuild
NAW-10828,2025-05-01,FY25 Q2,West,Education,Main Street Frets,Jordan Lee,Northstar Ukulele,Instrument,Mahogany,7,373.99,0.08,2617.93,1596.94,1020.99,High,Artist clinic follow-up
NAW-10829,2025-05-01,FY25 Q2,West,E-commerce,Cedar Hall Music,Taylor Brooks,Premium Strap,Accessory,Accessory,55,50.23,0.12,2762.65,1270.82,1491.83,Low,Back-to-school promotion
NAW-10830,2025-05-01,FY25 Q2,West,Dealer,Riverbend Instruments,Taylor Brooks,Phosphor Bronze Strings,Accessory,String set,57,16.4,0.12,934.8,392.62,542.18,Low,Holiday prebuild
NAW-10831,2025-05-01,FY25 Q2,West,Distributor,Soundpost Music,Elliot Chen,Summit Grand Auditorium,Guitar,Spruce/Walnut,22,1676.26,0.1,36877.72,20651.52,16226.2,Medium,Accessory attach opportunity
NAW-10832,2025-05-01,FY25 Q2,West,Education,Cedar Hall Music,Morgan Evans,Summit Grand Auditorium,Guitar,Spruce/Walnut,17,1769.39,0.05,30079.63,16844.59,13235.04,Medium,Holiday prebuild
NAW-10833,2025-05-01,FY25 Q2,West,Distributor,Copper Canyon Guitars,Casey Morgan,Harbor OM,Guitar,Spruce/Rosewood,15,2101.36,0.05,31520.4,17021.02,14499.38,Medium,Accessory attach opportunity
NAW-10834,2025-05-01,FY25 Q2,West,Distributor,Copper Canyon Guitars,Priya Shah,Premium Strap,Accessory,Accessory,51,52.51,0.08,2678.01,1231.88,1446.13,Low,Back-to-school promotion
NAW-10835,2025-05-01,FY25 Q2,West,Education,Metro Music Supply,Casey Morgan,Northstar Ukulele,Instrument,Mahogany,5,386.19,0.05,1930.95,1177.88,753.07,High,Back-to-school promotion
NAW-10836,2025-05-01,FY25 Q2,West,Distributor,Bayfront Studio Gear,Samira Khan,Hardshell Case,Accessory,Case,151,234.68,0.08,35436.68,23033.84,12402.84,Low,Dealer replenishment
NAW-10837,2025-05-01,FY25 Q2,West,Artist Relations,Blue Ridge Music,Riley Stone,Foundry Custom,Guitar,Adirondack/Maple,28,3749.58,0.08,104988.24,51444.24,53544.0,Low,Back-to-school promotion
NAW-10838,2025-05-01,FY25 Q2,West,Dealer,Main Street Frets,Jordan Lee,Premium Strap,Accessory,Accessory,28,55.36,0.03,1550.08,713.04,837.04,Low,Back-to-school promotion
NAW-10839,2025-05-01,FY25 Q2,West,Education,Copper Canyon Guitars,Elliot Chen,Phosphor Bronze Strings,Accessory,String set,126,18.64,0,2348.64,986.43,1362.21,Low,Holiday prebuild
NAW-10840,2025-06-01,FY25 Q2,Northeast,Dealer,Copper Canyon Guitars,Jordan Lee,Aurora Dreadnought,Guitar,Spruce/Mahogany,8,1283.41,0.05,10267.28,5955.02,4312.26,High,Holiday prebuild
NAW-10841,2025-06-01,FY25 Q2,Northeast,Distributor,Bayfront Studio Gear,Casey Morgan,Northstar Ukulele,Instrument,Mahogany,25,319.4,0.12,7985.0,4870.85,3114.15,Medium,Artist clinic follow-up
NAW-10842,2025-06-01,FY25 Q2,Northeast,Artist Relations,Pacific Pick House,Dana Hart,Coated Lifespan Strings,Accessory,String set,91,22.46,0.1,2043.86,797.11,1246.75,Medium,Holiday prebuild
NAW-10843,2025-06-01,FY25 Q2,Northeast,Distributor,Copper Canyon Guitars,Jordan Lee,Humidifier Kit,Accessory,Care,157,30.16,0,4735.12,2036.1,2699.02,Low,Accessory attach opportunity
NAW-10844,2025-06-01,FY25 Q2,Northeast,Distributor,Prairie Note,Jordan Lee,Humidifier Kit,Accessory,Care,72,28.65,0.05,2062.8,887.0,1175.8,Medium,Accessory attach opportunity
NAW-10845,2025-06-01,FY25 Q2,Northeast,E-commerce,Soundpost Music,Casey Morgan,Foundry Custom,Guitar,Adirondack/Maple,36,3347.84,0.08,120522.24,59055.9,61466.34,Low,Holiday prebuild
NAW-10846,2025-06-01,FY25 Q2,Northeast,Artist Relations,Desert Tone Co.,Riley Stone,Humidifier Kit,Accessory,Care,146,30.16,0,4403.36,1893.44,2509.92,Low,Holiday prebuild
NAW-10847,2025-06-01,FY25 Q2,Northeast,Dealer,Bayfront Studio Gear,Dana Hart,Coated Lifespan Strings,Accessory,String set,108,22.96,0.08,2479.68,967.08,1512.6,Low,Accessory attach opportunity
NAW-10848,2025-06-01,FY25 Q2,Northeast,Artist Relations,Lakeside Strings,Taylor Brooks,Premium Strap,Accessory,Accessory,111,50.96,0,5656.56,2602.02,3054.54,High,Dealer replenishment
NAW-10849,2025-06-01,FY25 Q2,Northeast,Dealer,Soundpost Music,Morgan Evans,Premium Strap,Accessory,Accessory,138,45.86,0.1,6328.68,2911.19,3417.49,Medium,Artist clinic follow-up
NAW-10850,2025-06-01,FY25 Q2,Northeast,Dealer,Riverbend Instruments,Taylor Brooks,Premium Strap,Accessory,Accessory,91,45.86,0.1,4173.26,1919.7,2253.56,High,Dealer replenishment
NAW-10851,2025-06-01,FY25 Q2,Northeast,Distributor,Main Street Frets,Samira Khan,Humidifier Kit,Accessory,Care,100,26.54,0.12,2654.0,1141.22,1512.78,Low,Dealer replenishment
NAW-10852,2025-06-01,FY25 Q2,Northeast,Distributor,Blue Ridge Music,Jordan Lee,Hardshell Case,Accessory,Case,24,227.76,0,5466.24,3553.06,1913.18,Medium,Back-to-school promotion
NAW-10853,2025-06-01,FY25 Q2,Northeast,E-commerce,Pacific Pick House,Casey Morgan,Harbor OM,Guitar,Spruce/Rosewood,22,1737.96,0.12,38235.12,20646.96,17588.16,High,Dealer replenishment
NAW-10854,2025-06-01,FY25 Q2,Northeast,Artist Relations,Bayfront Studio Gear,Alex Rivera,Aurora Dreadnought,Guitar,Spruce/Mahogany,8,1283.41,0.05,10267.28,5955.02,4312.26,High,Dealer replenishment
NAW-10855,2025-06-01,FY25 Q2,Northeast,Education,Bayfront Studio Gear,Riley Stone,Harbor OM,Guitar,Spruce/Rosewood,6,1876.21,0.05,11257.26,6078.92,5178.34,Low,Back-to-school promotion
NAW-10856,2025-06-01,FY25 Q2,Northeast,Distributor,Bayfront Studio Gear,Dana Hart,Coated Lifespan Strings,Accessory,String set,31,23.71,0.05,735.01,286.65,448.36,Medium,Accessory attach opportunity
NAW-10857,2025-06-01,FY25 Q2,Northeast,E-commerce,Lakeside Strings,Taylor Brooks,Coated Lifespan Strings,Accessory,String set,115,23.71,0.05,2726.65,1063.39,1663.26,Medium,Dealer replenishment
NAW-10858,2025-06-01,FY25 Q2,Northeast,Distributor,Desert Tone Co.,Elliot Chen,Phosphor Bronze Strings,Accessory,String set,142,14.98,0.1,2127.16,893.41,1233.75,Low,Holiday prebuild
NAW-10859,2025-06-01,FY25 Q2,Northeast,Distributor,Main Street Frets,Dana Hart,Hardshell Case,Accessory,Case,105,204.98,0.1,21522.9,13989.89,7533.01,Medium,Dealer replenishment
NAW-10860,2025-06-01,FY25 Q2,Northeast,E-commerce,Metro Music Supply,Dana Hart,Premium Strap,Accessory,Accessory,143,46.88,0.08,6703.84,3083.77,3620.07,Low,Back-to-school promotion
NAW-10861,2025-06-01,FY25 Q2,Northeast,Artist Relations,Soundpost Music,Morgan Evans,Summit Grand Auditorium,Guitar,Spruce/Walnut,19,1463.4,0.12,27804.6,15570.58,12234.02,High,Accessory attach opportunity
NAW-10862,2025-06-01,FY25 Q2,Northeast,Dealer,Cedar Hall Music,Taylor Brooks,Humidifier Kit,Accessory,Care,79,28.65,0.05,2263.35,973.24,1290.11,Medium,Back-to-school promotion
NAW-10863,2025-06-01,FY25 Q2,Northeast,Dealer,Main Street Frets,Samira Khan,Aurora Dreadnought,Guitar,Spruce/Mahogany,30,1188.84,0.12,35665.2,20685.82,14979.38,Low,Artist clinic follow-up
NAW-10864,2025-06-01,FY25 Q2,Northeast,Education,Pacific Pick House,Dana Hart,Phosphor Bronze Strings,Accessory,String set,28,16.14,0.03,451.92,189.81,262.11,Low,Accessory attach opportunity
NAW-10865,2025-06-01,FY25 Q2,Northeast,Education,Blue Ridge Music,Samira Khan,Coated Lifespan Strings,Accessory,String set,62,21.96,0.12,1361.52,530.99,830.53,Low,Holiday prebuild
NAW-10866,2025-06-01,FY25 Q2,Northeast,E-commerce,Prairie Note,Riley Stone,Aurora Dreadnought,Guitar,Spruce/Mahogany,18,1188.84,0.12,21399.12,12411.49,8987.63,High,Accessory attach opportunity
NAW-10867,2025-06-01,FY25 Q2,Northeast,Artist Relations,Riverbend Instruments,Jordan Lee,Northstar Ukulele,Instrument,Mahogany,23,326.66,0.1,7513.18,4583.04,2930.14,Low,Holiday prebuild
NAW-10868,2025-06-01,FY25 Q2,Southeast,Distributor,Bayfront Studio Gear,Jordan Lee,Stage Cutaway,Guitar,Spruce/Ovangkol,30,1058.96,0.08,31768.8,18743.59,13025.21,Medium,Accessory attach opportunity
NAW-10869,2025-06-01,FY25 Q2,Southeast,Artist Relations,Main Street Frets,Riley Stone,Summit Grand Auditorium,Guitar,Spruce/Walnut,27,1412.24,0.08,38130.48,21353.07,16777.41,Low,Dealer replenishment
NAW-10870,2025-06-01,FY25 Q2,Southeast,Dealer,Pacific Pick House,Alex Rivera,Humidifier Kit,Accessory,Care,99,25.06,0.1,2480.94,1066.8,1414.14,Low,Dealer replenishment
NAW-10871,2025-06-01,FY25 Q2,Southeast,Distributor,Blue Ridge Music,Alex Rivera,Harbor OM,Guitar,Spruce/Rosewood,7,1640.74,0.1,11485.18,6202.0,5283.18,High,Artist clinic follow-up
NAW-10872,2025-06-01,FY25 Q2,Southeast,Education,Cedar Hall Music,Elliot Chen,Premium Strap,Accessory,Accessory,45,42.34,0.1,1905.3,876.44,1028.86,Medium,Accessory attach opportunity
NAW-10873,2025-06-01,FY25 Q2,Southeast,Education,Riverbend Instruments,Morgan Evans,Harbor OM,Guitar,Spruce/Rosewood,18,1731.89,0.05,31174.02,16833.97,14340.05,Low,Dealer replenishment
NAW-10874,2025-06-01,FY25 Q2,Southeast,Dealer,Soundpost Music,Dana Hart,Phosphor Bronze Strings,Accessory,String set,91,14.59,0.05,1327.69,557.63,770.06,Low,Accessory attach opportunity
NAW-10875,2025-06-01,FY25 Q2,Southeast,Dealer,Copper Canyon Guitars,Elliot Chen,Stage Cutaway,Guitar,Spruce/Ovangkol,11,1035.94,0.1,11395.34,6723.25,4672.09,High,Back-to-school promotion
NAW-10876,2025-06-01,FY25 Q2,Southeast,Distributor,Prairie Note,Taylor Brooks,Trail Mini,Guitar,HPL/Sapele,34,421.56,0.12,14333.04,9173.15,5159.89,Medium,Holiday prebuild
NAW-10877,2025-06-01,FY25 Q2,Southeast,Education,Lakeside Strings,Samira Khan,Foundry Custom,Guitar,Adirondack/Maple,26,3090.32,0.08,80348.32,39370.68,40977.64,Medium,Artist clinic follow-up
NAW-10878,2025-06-01,FY25 Q2,Southeast,Distributor,Blue Ridge Music,Elliot Chen,Harbor OM,Guitar,Spruce/Rosewood,2,1640.74,0.1,3281.48,1772.0,1509.48,Low,Back-to-school promotion
NAW-10879,2025-06-01,FY25 Q2,Southeast,Artist Relations,Bayfront Studio Gear,Riley Stone,Coated Lifespan Strings,Accessory,String set,136,23.04,0,3133.44,1222.04,1911.4,Medium,Dealer replenishment
NAW-10880,2025-06-01,FY25 Q2,Southeast,Dealer,Metro Music Supply,Taylor Brooks,Phosphor Bronze Strings,Accessory,String set,65,14.59,0.05,948.35,398.31,550.04,Medium,Dealer replenishment
NAW-10881,2025-06-01,FY25 Q2,Southeast,E-commerce,Prairie Note,Riley Stone,Phosphor Bronze Strings,Accessory,String set,80,14.59,0.05,1167.2,490.22,676.98,Medium,Back-to-school promotion
NAW-10882,2025-06-01,FY25 Q2,Southeast,Education,Main Street Frets,Samira Khan,Foundry Custom,Guitar,Adirondack/Maple,3,3023.14,0.1,9069.42,4444.02,4625.4,Medium,Accessory attach opportunity
NAW-10883,2025-06-01,FY25 Q2,Southeast,Dealer,Soundpost Music,Jordan Lee,Aurora Dreadnought,Guitar,Spruce/Mahogany,7,1147.28,0.08,8030.96,4657.96,3373.0,Low,Back-to-school promotion
NAW-10884,2025-06-01,FY25 Q2,Southeast,E-commerce,Main Street Frets,Riley Stone,Summit Grand Auditorium,Guitar,Spruce/Walnut,6,1535.04,0,9210.24,5157.73,4052.51,Low,Accessory attach opportunity
NAW-10885,2025-06-01,FY25 Q2,Southeast,Distributor,Lakeside Strings,Alex Rivera,Aurora Dreadnought,Guitar,Spruce/Mahogany,27,1147.28,0.08,30976.56,17966.4,13010.16,Low,Back-to-school promotion
NAW-10886,2025-06-01,FY25 Q2,Southeast,Artist Relations,Desert Tone Co.,Riley Stone,Phosphor Bronze Strings,Accessory,String set,138,15.36,0,2119.68,890.27,1229.41,Low,Dealer replenishment
NAW-10887,2025-06-01,FY25 Q2,Southeast,Artist Relations,Metro Music Supply,Casey Morgan,Premium Strap,Accessory,Accessory,36,43.28,0.08,1558.08,716.72,841.36,High,Accessory attach opportunity
NAW-10888,2025-06-01,FY25 Q2,Southeast,Dealer,Copper Canyon Guitars,Elliot Chen,Northstar Ukulele,Instrument,Mahogany,26,318.29,0.05,8275.54,5048.08,3227.46,Low,Holiday prebuild
NAW-10889,2025-06-01,FY25 Q2,Southeast,Artist Relations,Soundpost Music,Jordan Lee,Phosphor Bronze Strings,Accessory,String set,116,14.9,0.03,1728.4,725.93,1002.47,Low,Holiday prebuild
NAW-10890,2025-06-01,FY25 Q2,Southeast,Dealer,Desert Tone Co.,Alex Rivera,Trail Mini,Guitar,HPL/Sapele,10,455.09,0.05,4550.9,2912.58,1638.32,Medium,Back-to-school promotion
NAW-10891,2025-06-01,FY25 Q2,Southeast,Education,Main Street Frets,Casey Morgan,Humidifier Kit,Accessory,Care,28,26.45,0.05,740.6,318.46,422.14,Low,Dealer replenishment
NAW-10892,2025-06-01,FY25 Q2,Southeast,Dealer,Prairie Note,Morgan Evans,Humidifier Kit,Accessory,Care,18,27.0,0.03,486.0,208.98,277.02,High,Artist clinic follow-up
NAW-10893,2025-06-01,FY25 Q2,Southeast,E-commerce,Prairie Note,Riley Stone,Phosphor Bronze Strings,Accessory,String set,94,13.52,0.12,1270.88,533.77,737.11,Low,Dealer replenishment
NAW-10894,2025-06-01,FY25 Q2,Southeast,E-commerce,Bayfront Studio Gear,Taylor Brooks,Northstar Ukulele,Instrument,Mahogany,38,308.24,0.08,11713.12,7145.0,4568.12,Medium,Holiday prebuild
NAW-10895,2025-06-01,FY25 Q2,Southeast,Dealer,Soundpost Music,Alex Rivera,Hardshell Case,Accessory,Case,105,189.22,0.1,19868.1,12914.26,6953.84,Low,Back-to-school promotion
NAW-10896,2025-06-01,FY25 Q2,Midwest,Distributor,Main Street Frets,Alex Rivera,Aurora Dreadnought,Guitar,Spruce/Mahogany,35,1208.07,0,42282.45,24523.82,17758.63,Medium,Artist clinic follow-up
NAW-10897,2025-06-01,FY25 Q2,Midwest,Distributor,Soundpost Music,Priya Shah,Coated Lifespan Strings,Accessory,String set,119,20.53,0.08,2443.07,952.8,1490.27,Medium,Dealer replenishment
NAW-10898,2025-06-01,FY25 Q2,Midwest,Artist Relations,Metro Music Supply,Taylor Brooks,Northstar Ukulele,Instrument,Mahogany,38,285.62,0.12,10853.56,6620.67,4232.89,Low,Dealer replenishment
NAW-10899,2025-06-01,FY25 Q2,Midwest,Distributor,Riverbend Instruments,Elliot Chen,Phosphor Bronze Strings,Accessory,String set,107,14.88,0,1592.16,668.71,923.45,Low,Accessory attach opportunity
NAW-10900,2025-06-01,FY25 Q2,Midwest,Education,Copper Canyon Guitars,Elliot Chen,Phosphor Bronze Strings,Accessory,String set,149,13.39,0.1,1995.11,837.95,1157.16,Low,Holiday prebuild
NAW-10901,2025-06-01,FY25 Q2,Midwest,Dealer,Riverbend Instruments,Priya Shah,Trail Mini,Guitar,HPL/Sapele,36,417.66,0.1,15035.76,9622.89,5412.87,High,Artist clinic follow-up
NAW-10902,2025-06-01,FY25 Q2,Midwest,E-commerce,Copper Canyon Guitars,Morgan Evans,Hardshell Case,Accessory,Case,59,197.56,0.03,11656.04,7576.43,4079.61,Low,Artist clinic follow-up
NAW-10903,2025-06-01,FY25 Q2,Midwest,E-commerce,Lakeside Strings,Dana Hart,Premium Strap,Accessory,Accessory,71,44.2,0.03,3138.2,1443.57,1694.63,Medium,Artist clinic follow-up
NAW-10904,2025-06-01,FY25 Q2,Midwest,E-commerce,Lakeside Strings,Jordan Lee,Coated Lifespan Strings,Accessory,String set,117,21.2,0.05,2480.4,967.36,1513.04,Low,Back-to-school promotion
NAW-10905,2025-06-01,FY25 Q2,Midwest,Artist Relations,Lakeside Strings,Dana Hart,Summit Grand Auditorium,Guitar,Spruce/Walnut,29,1338.36,0.1,38812.44,21734.97,17077.47,Low,Dealer replenishment
NAW-10906,2025-06-01,FY25 Q2,Midwest,Artist Relations,Bayfront Studio Gear,Priya Shah,Foundry Custom,Guitar,Adirondack/Maple,11,2928.66,0.1,32215.26,15785.48,16429.78,High,Artist clinic follow-up
NAW-10907,2025-06-01,FY25 Q2,Midwest,Education,Blue Ridge Music,Elliot Chen,Stage Cutaway,Guitar,Spruce/Ovangkol,18,1003.56,0.1,18064.08,10657.81,7406.27,Low,Accessory attach opportunity
NAW-10908,2025-06-01,FY25 Q2,Midwest,Artist Relations,Blue Ridge Music,Priya Shah,Aurora Dreadnought,Guitar,Spruce/Mahogany,4,1171.83,0.03,4687.32,2718.65,1968.67,High,Back-to-school promotion
NAW-10909,2025-06-01,FY25 Q2,Midwest,Artist Relations,Cedar Hall Music,Alex Rivera,Harbor OM,Guitar,Spruce/Rosewood,29,1589.46,0.1,46094.34,24890.94,21203.4,Low,Dealer replenishment
NAW-10910,2025-06-01,FY25 Q2,Midwest,Education,Soundpost Music,Priya Shah,Summit Grand Auditorium,Guitar,Spruce/Walnut,10,1338.36,0.1,13383.6,7494.82,5888.78,High,Artist clinic follow-up
NAW-10911,2025-06-01,FY25 Q2,Midwest,Artist Relations,Cedar Hall Music,Dana Hart,Hardshell Case,Accessory,Case,51,179.23,0.12,9140.73,5941.47,3199.26,High,Artist clinic follow-up
NAW-10912,2025-06-01,FY25 Q2,Midwest,Artist Relations,Blue Ridge Music,Taylor Brooks,Harbor OM,Guitar,Spruce/Rosewood,23,1624.78,0.08,37369.94,20179.77,17190.17,Low,Accessory attach opportunity
NAW-10913,2025-06-01,FY25 Q2,Midwest,E-commerce,Riverbend Instruments,Elliot Chen,Stage Cutaway,Guitar,Spruce/Ovangkol,34,1059.32,0.05,36016.88,21249.96,14766.92,High,Dealer replenishment
NAW-10914,2025-06-01,FY25 Q2,Midwest,Distributor,Desert Tone Co.,Elliot Chen,Hardshell Case,Accessory,Case,145,197.56,0.03,28646.2,18620.03,10026.17,Medium,Accessory attach opportunity
NAW-10915,2025-06-01,FY25 Q2,Midwest,Dealer,Pacific Pick House,Alex Rivera,Summit Grand Auditorium,Guitar,Spruce/Walnut,30,1487.07,0,44612.1,24982.78,19629.32,Medium,Dealer replenishment
NAW-10916,2025-06-01,FY25 Q2,Midwest,Education,Blue Ridge Music,Priya Shah,Stage Cutaway,Guitar,Spruce/Ovangkol,3,1059.32,0.05,3177.96,1875.0,1302.96,Medium,Holiday prebuild
NAW-10917,2025-06-01,FY25 Q2,Midwest,E-commerce,Blue Ridge Music,Priya Shah,Phosphor Bronze Strings,Accessory,String set,28,14.88,0,416.64,174.99,241.65,Low,Back-to-school promotion
NAW-10918,2025-06-01,FY25 Q2,Midwest,Artist Relations,Desert Tone Co.,Taylor Brooks,Summit Grand Auditorium,Guitar,Spruce/Walnut,16,1487.07,0,23793.12,13324.15,10468.97,Medium,Artist clinic follow-up
NAW-10919,2025-06-01,FY25 Q2,Midwest,Distributor,Metro Music Supply,Samira Khan,Stage Cutaway,Guitar,Spruce/Ovangkol,13,1003.56,0.1,13046.28,7697.31,5348.97,Low,Artist clinic follow-up
NAW-10920,2025-06-01,FY25 Q2,Midwest,Education,Riverbend Instruments,Morgan Evans,Trail Mini,Guitar,HPL/Sapele,15,440.87,0.05,6613.05,4232.35,2380.7,Low,Holiday prebuild
NAW-10921,2025-06-01,FY25 Q2,Midwest,Artist Relations,Copper Canyon Guitars,Morgan Evans,Coated Lifespan Strings,Accessory,String set,80,20.53,0.08,1642.4,640.54,1001.86,Medium,Dealer replenishment
NAW-10922,2025-06-01,FY25 Q2,Midwest,Distributor,Metro Music Supply,Dana Hart,Trail Mini,Guitar,HPL/Sapele,20,464.07,0,9281.4,5940.1,3341.3,High,Holiday prebuild
NAW-10923,2025-06-01,FY25 Q2,Midwest,Dealer,Prairie Note,Samira Khan,Premium Strap,Accessory,Accessory,127,41.92,0.08,5323.84,2448.97,2874.87,Low,Back-to-school promotion
NAW-10924,2025-06-01,FY25 Q2,Southwest,Artist Relations,Bayfront Studio Gear,Dana Hart,Stage Cutaway,Guitar,Spruce/Ovangkol,25,1057.52,0.1,26438.0,15598.42,10839.58,High,Artist clinic follow-up
NAW-10925,2025-06-01,FY25 Q2,Southwest,E-commerce,Soundpost Music,Alex Rivera,Northstar Ukulele,Instrument,Mahogany,32,342.02,0,10944.64,6676.23,4268.41,Low,Accessory attach opportunity
NAW-10926,2025-06-01,FY25 Q2,Southwest,Dealer,Copper Canyon Guitars,Samira Khan,Stage Cutaway,Guitar,Spruce/Ovangkol,20,1175.02,0,23500.4,13865.24,9635.16,High,Accessory attach opportunity
NAW-10927,2025-06-01,FY25 Q2,Southwest,Artist Relations,Cedar Hall Music,Riley Stone,Aurora Dreadnought,Guitar,Spruce/Mahogany,12,1234.83,0.03,14817.96,8594.42,6223.54,Low,Holiday prebuild
NAW-10928,2025-06-01,FY25 Q2,Southwest,Artist Relations,Pacific Pick House,Alex Rivera,Hardshell Case,Accessory,Case,20,197.45,0.08,3949.0,2566.85,1382.15,Medium,Artist clinic follow-up
NAW-10929,2025-06-01,FY25 Q2,Southwest,E-commerce,Soundpost Music,Jordan Lee,Harbor OM,Guitar,Spruce/Rosewood,20,1674.92,0.1,33498.4,18089.14,15409.26,Low,Holiday prebuild
NAW-10930,2025-06-01,FY25 Q2,Southwest,Distributor,Pacific Pick House,Samira Khan,Foundry Custom,Guitar,Adirondack/Maple,35,3429.02,0,120015.7,58807.69,61208.01,Low,Back-to-school promotion
NAW-10931,2025-06-01,FY25 Q2,Southwest,Dealer,Soundpost Music,Morgan Evans,Foundry Custom,Guitar,Adirondack/Maple,23,3017.54,0.12,69403.42,34007.68,35395.74,Low,Holiday prebuild
NAW-10932,2025-06-01,FY25 Q2,Southwest,E-commerce,Desert Tone Co.,Elliot Chen,Trail Mini,Guitar,HPL/Sapele,13,489.02,0,6357.26,4068.65,2288.61,Low,Artist clinic follow-up
NAW-10933,2025-06-01,FY25 Q2,Southwest,Artist Relations,Prairie Note,Morgan Evans,Premium Strap,Accessory,Accessory,112,43.22,0.1,4840.64,2226.69,2613.95,Low,Dealer replenishment
NAW-10934,2025-06-01,FY25 Q2,Southwest,E-commerce,Main Street Frets,Morgan Evans,Aurora Dreadnought,Guitar,Spruce/Mahogany,37,1171.18,0.08,43333.66,25133.52,18200.14,Low,Holiday prebuild
NAW-10935,2025-06-01,FY25 Q2,Southwest,Dealer,Bayfront Studio Gear,Alex Rivera,Summit Grand Auditorium,Guitar,Spruce/Walnut,8,1378.98,0.12,11031.84,6177.83,4854.01,Medium,Holiday prebuild
NAW-10936,2025-06-01,FY25 Q2,Southwest,Dealer,Riverbend Instruments,Morgan Evans,Phosphor Bronze Strings,Accessory,String set,40,14.43,0.08,577.2,242.42,334.78,Low,Holiday prebuild
NAW-10937,2025-06-01,FY25 Q2,Southwest,Artist Relations,Copper Canyon Guitars,Jordan Lee,Northstar Ukulele,Instrument,Mahogany,9,307.82,0.1,2770.38,1689.93,1080.45,Medium,Dealer replenishment
NAW-10938,2025-06-01,FY25 Q2,Southwest,Education,Cedar Hall Music,Riley Stone,Phosphor Bronze Strings,Accessory,String set,45,14.11,0.1,634.95,266.68,368.27,Low,Dealer replenishment
NAW-10939,2025-06-01,FY25 Q2,Southwest,E-commerce,Main Street Frets,Jordan Lee,Harbor OM,Guitar,Spruce/Rosewood,25,1767.97,0.05,44199.25,23867.6,20331.65,Low,Artist clinic follow-up
NAW-10940,2025-06-01,FY25 Q2,Southwest,Distributor,Main Street Frets,Alex Rivera,Stage Cutaway,Guitar,Spruce/Ovangkol,26,1034.02,0.12,26884.52,15861.87,11022.65,High,Artist clinic follow-up
NAW-10941,2025-06-01,FY25 Q2,Southwest,Education,Prairie Note,Priya Shah,Premium Strap,Accessory,Accessory,32,48.02,0,1536.64,706.85,829.79,Medium,Artist clinic follow-up
NAW-10942,2025-06-01,FY25 Q2,Southwest,Dealer,Prairie Note,Dana Hart,Coated Lifespan Strings,Accessory,String set,58,22.34,0.05,1295.72,505.33,790.39,Medium,Dealer replenishment
NAW-10943,2025-06-01,FY25 Q2,Southwest,E-commerce,Desert Tone Co.,Elliot Chen,Premium Strap,Accessory,Accessory,75,48.02,0,3601.5,1656.69,1944.81,High,Accessory attach opportunity
NAW-10944,2025-06-01,FY25 Q2,Southwest,Artist Relations,Desert Tone Co.,Elliot Chen,Coated Lifespan Strings,Accessory,String set,100,22.81,0.03,2281.0,889.59,1391.41,High,Back-to-school promotion
NAW-10945,2025-06-01,FY25 Q2,Southwest,E-commerce,Blue Ridge Music,Elliot Chen,Humidifier Kit,Accessory,Care,52,28.42,0,1477.84,635.47,842.37,Low,Dealer replenishment
NAW-10946,2025-06-01,FY25 Q2,Southwest,E-commerce,Soundpost Music,Taylor Brooks,Hardshell Case,Accessory,Case,111,188.87,0.12,20964.57,13626.97,7337.6,Low,Artist clinic follow-up
NAW-10947,2025-06-01,FY25 Q2,Southwest,Distributor,Cedar Hall Music,Jordan Lee,Stage Cutaway,Guitar,Spruce/Ovangkol,5,1116.27,0.05,5581.35,3293.0,2288.35,Medium,Artist clinic follow-up
NAW-10948,2025-06-01,FY25 Q2,Southwest,Education,Pacific Pick House,Riley Stone,Premium Strap,Accessory,Accessory,25,44.18,0.08,1104.5,508.07,596.43,High,Holiday prebuild
NAW-10949,2025-06-01,FY25 Q2,Southwest,E-commerce,Bayfront Studio Gear,Alex Rivera,Phosphor Bronze Strings,Accessory,String set,18,13.8,0.12,248.4,104.33,144.07,High,Accessory attach opportunity
NAW-10950,2025-06-01,FY25 Q2,Southwest,Dealer,Metro Music Supply,Dana Hart,Trail Mini,Guitar,HPL/Sapele,8,489.02,0,3912.16,2503.78,1408.38,Medium,Dealer replenishment
NAW-10951,2025-06-01,FY25 Q2,Southwest,E-commerce,Riverbend Instruments,Jordan Lee,Phosphor Bronze Strings,Accessory,String set,150,14.9,0.05,2235.0,938.7,1296.3,High,Accessory attach opportunity
NAW-10952,2025-06-01,FY25 Q2,West,Distributor,Metro Music Supply,Riley Stone,Hardshell Case,Accessory,Case,139,233.02,0.05,32389.78,21053.36,11336.42,High,Back-to-school promotion
NAW-10953,2025-06-01,FY25 Q2,West,Dealer,Soundpost Music,Jordan Lee,Humidifier Kit,Accessory,Care,23,30.86,0.05,709.78,305.21,404.57,High,Accessory attach opportunity
NAW-10954,2025-06-01,FY25 Q2,West,Dealer,Cedar Hall Music,Elliot Chen,Coated Lifespan Strings,Accessory,String set,142,23.65,0.12,3358.3,1309.74,2048.56,Medium,Holiday prebuild
NAW-10955,2025-06-01,FY25 Q2,West,Dealer,Prairie Note,Dana Hart,Summit Grand Auditorium,Guitar,Spruce/Walnut,16,1737.15,0.03,27794.4,15564.86,12229.54,Low,Dealer replenishment
NAW-10956,2025-06-01,FY25 Q2,West,Distributor,Desert Tone Co.,Jordan Lee,Hardshell Case,Accessory,Case,110,245.28,0,26980.8,17537.52,9443.28,Medium,Holiday prebuild
NAW-10957,2025-06-01,FY25 Q2,West,Education,Desert Tone Co.,Alex Rivera,Humidifier Kit,Accessory,Care,19,29.23,0.1,555.37,238.81,316.56,Medium,Holiday prebuild
NAW-10958,2025-06-01,FY25 Q2,West,Dealer,Metro Music Supply,Riley Stone,Summit Grand Auditorium,Guitar,Spruce/Walnut,9,1647.61,0.08,14828.49,8303.95,6524.54,High,Holiday prebuild
NAW-10959,2025-06-01,FY25 Q2,West,Education,Pacific Pick House,Riley Stone,Foundry Custom,Guitar,Adirondack/Maple,18,3526.99,0.1,63485.82,31108.05,32377.77,Medium,Accessory attach opportunity
NAW-10960,2025-06-01,FY25 Q2,West,Education,Bayfront Studio Gear,Jordan Lee,Harbor OM,Guitar,Spruce/Rosewood,35,2126.88,0,74440.8,40198.03,34242.77,High,Holiday prebuild
NAW-10961,2025-06-01,FY25 Q2,West,E-commerce,Metro Music Supply,Morgan Evans,Northstar Ukulele,Instrument,Mahogany,8,359.61,0.08,2876.88,1754.9,1121.98,Low,Accessory attach opportunity
NAW-10962,2025-06-01,FY25 Q2,West,E-commerce,Cedar Hall Music,Riley Stone,Trail Mini,Guitar,HPL/Sapele,27,514.17,0.08,13882.59,8884.86,4997.73,High,Accessory attach opportunity
NAW-10963,2025-06-01,FY25 Q2,West,Distributor,Desert Tone Co.,Morgan Evans,Humidifier Kit,Accessory,Care,138,31.51,0.03,4348.38,1869.8,2478.58,Medium,Dealer replenishment
NAW-10964,2025-06-01,FY25 Q2,West,Dealer,Desert Tone Co.,Alex Rivera,Humidifier Kit,Accessory,Care,103,29.88,0.08,3077.64,1323.39,1754.25,Medium,Artist clinic follow-up
NAW-10965,2025-06-01,FY25 Q2,West,Artist Relations,Copper Canyon Guitars,Dana Hart,Northstar Ukulele,Instrument,Mahogany,38,379.15,0.03,14407.7,8788.7,5619.0,High,Holiday prebuild
NAW-10966,2025-06-01,FY25 Q2,West,Education,Bayfront Studio Gear,Samira Khan,Premium Strap,Accessory,Accessory,116,50.49,0.08,5856.84,2694.15,3162.69,Low,Accessory attach opportunity
NAW-10967,2025-06-01,FY25 Q2,West,Dealer,Copper Canyon Guitars,Elliot Chen,Hardshell Case,Accessory,Case,113,233.02,0.05,26331.26,17115.32,9215.94,Low,Artist clinic follow-up
NAW-10968,2025-06-01,FY25 Q2,West,Artist Relations,Bayfront Studio Gear,Jordan Lee,Summit Grand Auditorium,Guitar,Spruce/Walnut,3,1611.79,0.1,4835.37,2707.81,2127.56,Low,Artist clinic follow-up
NAW-10969,2025-06-01,FY25 Q2,West,Dealer,Blue Ridge Music,Riley Stone,Hardshell Case,Accessory,Case,112,233.02,0.05,26098.24,16963.86,9134.38,Low,Back-to-school promotion
NAW-10970,2025-06-01,FY25 Q2,West,Artist Relations,Cedar Hall Music,Priya Shah,Foundry Custom,Guitar,Adirondack/Maple,37,3801.31,0.03,140648.47,68917.75,71730.72,Medium,Back-to-school promotion
NAW-10971,2025-06-01,FY25 Q2,West,Distributor,Blue Ridge Music,Alex Rivera,Coated Lifespan Strings,Accessory,String set,120,25.54,0.05,3064.8,1195.27,1869.53,High,Holiday prebuild
NAW-10972,2025-06-01,FY25 Q2,West,E-commerce,Prairie Note,Elliot Chen,Trail Mini,Guitar,HPL/Sapele,33,558.88,0,18443.04,11803.55,6639.49,Low,Back-to-school promotion
NAW-10973,2025-06-01,FY25 Q2,West,Dealer,Lakeside Strings,Alex Rivera,Northstar Ukulele,Instrument,Mahogany,30,390.88,0,11726.4,7153.1,4573.3,Low,Dealer replenishment
NAW-10974,2025-06-01,FY25 Q2,West,Artist Relations,Riverbend Instruments,Samira Khan,Summit Grand Auditorium,Guitar,Spruce/Walnut,20,1737.15,0.03,34743.0,19456.08,15286.92,Medium,Artist clinic follow-up
NAW-10975,2025-06-01,FY25 Q2,West,Dealer,Cedar Hall Music,Priya Shah,Phosphor Bronze Strings,Accessory,String set,58,17.38,0.03,1008.04,423.38,584.66,Medium,Dealer replenishment
NAW-10976,2025-06-01,FY25 Q2,West,Education,Prairie Note,Riley Stone,Summit Grand Auditorium,Guitar,Spruce/Walnut,22,1647.61,0.08,36247.42,20298.56,15948.86,Low,Dealer replenishment
NAW-10977,2025-06-01,FY25 Q2,West,Dealer,Blue Ridge Music,Elliot Chen,Phosphor Bronze Strings,Accessory,String set,24,16.49,0.08,395.76,166.22,229.54,Low,Dealer replenishment
NAW-10978,2025-06-01,FY25 Q2,West,Distributor,Riverbend Instruments,Morgan Evans,Coated Lifespan Strings,Accessory,String set,148,24.19,0.1,3580.12,1396.25,2183.87,Low,Artist clinic follow-up
NAW-10979,2025-06-01,FY25 Q2,West,Artist Relations,Lakeside Strings,Alex Rivera,Stage Cutaway,Guitar,Spruce/Ovangkol,9,1302.59,0.03,11723.31,6916.75,4806.56,Medium,Accessory attach opportunity
NAW-10980,2025-07-01,FY25 Q3,Northeast,E-commerce,Blue Ridge Music,Elliot Chen,Trail Mini,Guitar,HPL/Sapele,25,473.29,0.05,11832.25,7572.64,4259.61,High,Accessory attach opportunity
NAW-10981,2025-07-01,FY25 Q3,Northeast,Artist Relations,Lakeside Strings,Casey Morgan,Aurora Dreadnought,Guitar,Spruce/Mahogany,26,1296.92,0,33719.92,19557.55,14162.37,Medium,Artist clinic follow-up
NAW-10982,2025-07-01,FY25 Q3,Northeast,Distributor,Cedar Hall Music,Samira Khan,Humidifier Kit,Accessory,Care,79,26.64,0.08,2104.56,904.96,1199.6,High,Holiday prebuild
NAW-10983,2025-07-01,FY25 Q3,Northeast,Distributor,Pacific Pick House,Taylor Brooks,Phosphor Bronze Strings,Accessory,String set,136,14.7,0.08,1999.2,839.66,1159.54,Medium,Back-to-school promotion
NAW-10984,2025-07-01,FY25 Q3,Northeast,E-commerce,Main Street Frets,Taylor Brooks,Hardshell Case,Accessory,Case,136,201.16,0.08,27357.76,17782.54,9575.22,Medium,Back-to-school promotion
NAW-10985,2025-07-01,FY25 Q3,Northeast,E-commerce,Lakeside Strings,Dana Hart,Northstar Ukulele,Instrument,Mahogany,38,337.99,0.03,12843.62,7834.61,5009.01,Medium,Accessory attach opportunity
NAW-10986,2025-07-01,FY25 Q3,Northeast,Distributor,Bayfront Studio Gear,Morgan Evans,Trail Mini,Guitar,HPL/Sapele,22,458.35,0.08,10083.7,6453.57,3630.13,Low,Holiday prebuild
NAW-10987,2025-07-01,FY25 Q3,Northeast,E-commerce,Copper Canyon Guitars,Casey Morgan,Humidifier Kit,Accessory,Care,73,28.95,0,2113.35,908.74,1204.61,Low,Accessory attach opportunity
NAW-10988,2025-07-01,FY25 Q3,Northeast,Artist Relations,Soundpost Music,Riley Stone,Stage Cutaway,Guitar,Spruce/Ovangkol,3,1101.32,0.08,3303.96,1949.34,1354.62,Low,Dealer replenishment
NAW-10989,2025-07-01,FY25 Q3,Northeast,Dealer,Copper Canyon Guitars,Taylor Brooks,Phosphor Bronze Strings,Accessory,String set,111,15.97,0,1772.67,744.52,1028.15,High,Artist clinic follow-up
NAW-10990,2025-07-01,FY25 Q3,Northeast,E-commerce,Lakeside Strings,Priya Shah,Premium Strap,Accessory,Accessory,19,43.05,0.12,817.95,376.26,441.69,High,Accessory attach opportunity
NAW-10991,2025-07-01,FY25 Q3,Northeast,Artist Relations,Main Street Frets,Alex Rivera,Harbor OM,Guitar,Spruce/Rosewood,36,1801.16,0.05,64841.76,35014.55,29827.21,Low,Holiday prebuild
NAW-10992,2025-07-01,FY25 Q3,Northeast,Education,Cedar Hall Music,Jordan Lee,Stage Cutaway,Guitar,Spruce/Ovangkol,11,1137.23,0.05,12509.53,7380.62,5128.91,Low,Artist clinic follow-up
NAW-10993,2025-07-01,FY25 Q3,Northeast,Education,Metro Music Supply,Jordan Lee,Coated Lifespan Strings,Accessory,String set,84,21.57,0.1,1811.88,706.63,1105.25,Low,Back-to-school promotion
NAW-10994,2025-07-01,FY25 Q3,Northeast,Education,Desert Tone Co.,Dana Hart,Aurora Dreadnought,Guitar,Spruce/Mahogany,11,1232.08,0.05,13552.88,7860.67,5692.21,Medium,Accessory attach opportunity
NAW-10995,2025-07-01,FY25 Q3,Northeast,E-commerce,Cedar Hall Music,Alex Rivera,Premium Strap,Accessory,Accessory,108,47.45,0.03,5124.6,2357.32,2767.28,High,Holiday prebuild
NAW-10996,2025-07-01,FY25 Q3,Northeast,Artist Relations,Riverbend Instruments,Jordan Lee,Summit Grand Auditorium,Guitar,Spruce/Walnut,13,1548.55,0.03,20131.15,11273.44,8857.71,High,Back-to-school promotion
NAW-10997,2025-07-01,FY25 Q3,Northeast,Dealer,Copper Canyon Guitars,Priya Shah,Foundry Custom,Guitar,Adirondack/Maple,26,3144.06,0.1,81745.56,40055.32,41690.24,Low,Back-to-school promotion
NAW-10998,2025-07-01,FY25 Q3,Northeast,Dealer,Main Street Frets,Dana Hart,Phosphor Bronze Strings,Accessory,String set,125,15.97,0,1996.25,838.43,1157.82,Low,Accessory attach opportunity
NAW-10999,2025-07-01,FY25 Q3,Northeast,Education,Bayfront Studio Gear,Morgan Evans,Trail Mini,Guitar,HPL/Sapele,30,498.2,0,14946.0,9565.44,5380.56,Low,Dealer replenishment
NAW-11000,2025-07-01,FY25 Q3,Northeast,Education,Cedar Hall Music,Jordan Lee,Summit Grand Auditorium,Guitar,Spruce/Walnut,34,1436.8,0.1,48851.2,27356.67,21494.53,High,Artist clinic follow-up
NAW-11001,2025-07-01,FY25 Q3,Northeast,E-commerce,Blue Ridge Music,Riley Stone,Aurora Dreadnought,Guitar,Spruce/Mahogany,25,1167.23,0.1,29180.75,16924.84,12255.91,Medium,Artist clinic follow-up
NAW-11002,2025-07-01,FY25 Q3,Northeast,Dealer,Cedar Hall Music,Dana Hart,Foundry Custom,Guitar,Adirondack/Maple,33,3074.19,0.12,101448.27,49709.65,51738.62,Medium,Accessory attach opportunity
NAW-11003,2025-07-01,FY25 Q3,Northeast,Distributor,Bayfront Studio Gear,Elliot Chen,Summit Grand Auditorium,Guitar,Spruce/Walnut,12,1404.87,0.12,16858.44,9440.73,7417.71,Medium,Artist clinic follow-up
NAW-11004,2025-07-01,FY25 Q3,Northeast,Dealer,Riverbend Instruments,Dana Hart,Harbor OM,Guitar,Spruce/Rosewood,15,1839.08,0.03,27586.2,14896.55,12689.65,High,Artist clinic follow-up
NAW-11005,2025-07-01,FY25 Q3,Northeast,E-commerce,Copper Canyon Guitars,Elliot Chen,Phosphor Bronze Strings,Accessory,String set,103,15.5,0.03,1596.5,670.53,925.97,Low,Dealer replenishment
NAW-11006,2025-07-01,FY25 Q3,Northeast,E-commerce,Soundpost Music,Casey Morgan,Stage Cutaway,Guitar,Spruce/Ovangkol,22,1197.08,0,26335.76,15538.1,10797.66,Low,Accessory attach opportunity
NAW-11007,2025-07-01,FY25 Q3,Northeast,E-commerce,Soundpost Music,Samira Khan,Coated Lifespan Strings,Accessory,String set,96,22.04,0.08,2115.84,825.18,1290.66,Medium,Artist clinic follow-up
NAW-11008,2025-07-01,FY25 Q3,Southeast,Artist Relations,Riverbend Instruments,Elliot Chen,Hardshell Case,Accessory,Case,141,195.78,0.03,27604.98,17943.24,9661.74,Medium,Artist clinic follow-up
NAW-11009,2025-07-01,FY25 Q3,Southeast,E-commerce,Pacific Pick House,Riley Stone,Foundry Custom,Guitar,Adirondack/Maple,26,3224.68,0,83841.68,41082.42,42759.26,Low,Dealer replenishment
NAW-11010,2025-07-01,FY25 Q3,Southeast,E-commerce,Metro Music Supply,Elliot Chen,Foundry Custom,Guitar,Adirondack/Maple,18,3063.44,0.05,55141.92,27019.54,28122.38,Medium,Holiday prebuild
NAW-11011,2025-07-01,FY25 Q3,Southeast,E-commerce,Bayfront Studio Gear,Priya Shah,Foundry Custom,Guitar,Adirondack/Maple,21,2966.7,0.08,62300.7,30527.34,31773.36,Medium,Back-to-school promotion
NAW-11012,2025-07-01,FY25 Q3,Southeast,Dealer,Riverbend Instruments,Samira Khan,Northstar Ukulele,Instrument,Mahogany,10,321.64,0,3216.4,1962.0,1254.4,Medium,Back-to-school promotion
NAW-11013,2025-07-01,FY25 Q3,Southeast,Education,Pacific Pick House,Samira Khan,Harbor OM,Guitar,Spruce/Rosewood,21,1750.12,0,36752.52,19846.36,16906.16,Medium,Dealer replenishment
NAW-11014,2025-07-01,FY25 Q3,Southeast,Distributor,Bayfront Studio Gear,Morgan Evans,Foundry Custom,Guitar,Adirondack/Maple,36,2966.7,0.08,106801.2,52332.59,54468.61,High,Dealer replenishment
NAW-11015,2025-07-01,FY25 Q3,Southeast,Dealer,Metro Music Supply,Elliot Chen,Coated Lifespan Strings,Accessory,String set,104,22.12,0,2300.48,897.19,1403.29,High,Artist clinic follow-up
NAW-11016,2025-07-01,FY25 Q3,Southeast,Artist Relations,Pacific Pick House,Morgan Evans,Summit Grand Auditorium,Guitar,Spruce/Walnut,35,1399.96,0.05,48998.6,27439.22,21559.38,Medium,Back-to-school promotion
NAW-11017,2025-07-01,FY25 Q3,Southeast,Education,Prairie Note,Taylor Brooks,Hardshell Case,Accessory,Case,159,181.65,0.1,28882.35,18773.53,10108.82,Low,Artist clinic follow-up
NAW-11018,2025-07-01,FY25 Q3,Southeast,Education,Desert Tone Co.,Casey Morgan,Aurora Dreadnought,Guitar,Spruce/Mahogany,7,1053.5,0.12,7374.5,4277.21,3097.29,Medium,Artist clinic follow-up
NAW-11019,2025-07-01,FY25 Q3,Southeast,Distributor,Cedar Hall Music,Samira Khan,Aurora Dreadnought,Guitar,Spruce/Mahogany,11,1053.5,0.12,11588.5,6721.33,4867.17,Medium,Dealer replenishment
NAW-11020,2025-07-01,FY25 Q3,Southeast,Artist Relations,Prairie Note,Elliot Chen,Aurora Dreadnought,Guitar,Spruce/Mahogany,3,1053.5,0.12,3160.5,1833.09,1327.41,Low,Holiday prebuild
NAW-11021,2025-07-01,FY25 Q3,Southeast,Dealer,Prairie Note,Riley Stone,Northstar Ukulele,Instrument,Mahogany,8,289.47,0.1,2315.76,1412.61,903.15,Medium,Back-to-school promotion
NAW-11022,2025-07-01,FY25 Q3,Southeast,Artist Relations,Lakeside Strings,Casey Morgan,Humidifier Kit,Accessory,Care,42,25.92,0.03,1088.64,468.12,620.52,Medium,Dealer replenishment
NAW-11023,2025-07-01,FY25 Q3,Southeast,Artist Relations,Metro Music Supply,Riley Stone,Aurora Dreadnought,Guitar,Spruce/Mahogany,12,1077.44,0.1,12929.28,7498.98,5430.3,Medium,Dealer replenishment
NAW-11024,2025-07-01,FY25 Q3,Southeast,E-commerce,Cedar Hall Music,Taylor Brooks,Aurora Dreadnought,Guitar,Spruce/Mahogany,24,1077.44,0.1,25858.56,14997.96,10860.6,Low,Holiday prebuild
NAW-11025,2025-07-01,FY25 Q3,Southeast,Dealer,Prairie Note,Morgan Evans,Foundry Custom,Guitar,Adirondack/Maple,15,3224.68,0,48370.2,23701.4,24668.8,High,Holiday prebuild
NAW-11026,2025-07-01,FY25 Q3,Southeast,Distributor,Soundpost Music,Riley Stone,Phosphor Bronze Strings,Accessory,String set,108,13.57,0.08,1465.56,615.54,850.02,Low,Dealer replenishment
NAW-11027,2025-07-01,FY25 Q3,Southeast,E-commerce,Bayfront Studio Gear,Priya Shah,Harbor OM,Guitar,Spruce/Rosewood,28,1575.11,0.1,44103.08,23815.66,20287.42,Medium,Holiday prebuild
NAW-11028,2025-07-01,FY25 Q3,Southeast,Dealer,Blue Ridge Music,Casey Morgan,Phosphor Bronze Strings,Accessory,String set,153,12.98,0.12,1985.94,834.09,1151.85,High,Holiday prebuild
NAW-11029,2025-07-01,FY25 Q3,Southeast,Dealer,Blue Ridge Music,Dana Hart,Northstar Ukulele,Instrument,Mahogany,27,311.99,0.03,8423.73,5138.48,3285.25,Medium,Artist clinic follow-up
NAW-11030,2025-07-01,FY25 Q3,Southeast,E-commerce,Pacific Pick House,Morgan Evans,Stage Cutaway,Guitar,Spruce/Ovangkol,8,1105.0,0,8840.0,5215.6,3624.4,High,Holiday prebuild
NAW-11031,2025-07-01,FY25 Q3,Southeast,Education,Desert Tone Co.,Dana Hart,Aurora Dreadnought,Guitar,Spruce/Mahogany,4,1101.39,0.08,4405.56,2555.22,1850.34,Medium,Back-to-school promotion
NAW-11032,2025-07-01,FY25 Q3,Southeast,Dealer,Prairie Note,Alex Rivera,Summit Grand Auditorium,Guitar,Spruce/Walnut,6,1326.27,0.1,7957.62,4456.27,3501.35,Medium,Holiday prebuild
NAW-11033,2025-07-01,FY25 Q3,Southeast,Distributor,Main Street Frets,Samira Khan,Humidifier Kit,Accessory,Care,79,25.92,0.03,2047.68,880.5,1167.18,Low,Accessory attach opportunity
NAW-11034,2025-07-01,FY25 Q3,Southeast,Distributor,Desert Tone Co.,Casey Morgan,Trail Mini,Guitar,HPL/Sapele,29,423.09,0.08,12269.61,7852.55,4417.06,Medium,Accessory attach opportunity
NAW-11035,2025-07-01,FY25 Q3,Southeast,E-commerce,Lakeside Strings,Casey Morgan,Hardshell Case,Accessory,Case,128,201.83,0,25834.24,16792.26,9041.98,Low,Artist clinic follow-up
NAW-11036,2025-07-01,FY25 Q3,Midwest,Artist Relations,Blue Ridge Music,Priya Shah,Phosphor Bronze Strings,Accessory,String set,87,13.86,0.03,1205.82,506.44,699.38,Medium,Dealer replenishment
NAW-11037,2025-07-01,FY25 Q3,Midwest,Distributor,Copper Canyon Guitars,Samira Khan,Phosphor Bronze Strings,Accessory,String set,77,14.28,0,1099.56,461.82,637.74,Medium,Dealer replenishment
NAW-11038,2025-07-01,FY25 Q3,Midwest,Distributor,Lakeside Strings,Casey Morgan,Northstar Ukulele,Instrument,Mahogany,26,302.24,0.03,7858.24,4793.53,3064.71,High,Back-to-school promotion
NAW-11039,2025-07-01,FY25 Q3,Midwest,Artist Relations,Desert Tone Co.,Riley Stone,Aurora Dreadnought,Guitar,Spruce/Mahogany,12,1066.97,0.08,12803.64,7426.11,5377.53,Medium,Accessory attach opportunity
NAW-11040,2025-07-01,FY25 Q3,Midwest,Education,Blue Ridge Music,Alex Rivera,Trail Mini,Guitar,HPL/Sapele,37,432.14,0.03,15989.18,10233.08,5756.1,Medium,Holiday prebuild
NAW-11041,2025-07-01,FY25 Q3,Midwest,Artist Relations,Bayfront Studio Gear,Jordan Lee,Northstar Ukulele,Instrument,Mahogany,10,274.2,0.12,2742.0,1672.62,1069.38,Medium,Artist clinic follow-up
NAW-11042,2025-07-01,FY25 Q3,Midwest,Education,Lakeside Strings,Dana Hart,Premium Strap,Accessory,Accessory,150,43.75,0,6562.5,3018.75,3543.75,Low,Artist clinic follow-up
NAW-11043,2025-07-01,FY25 Q3,Midwest,Education,Riverbend Instruments,Elliot Chen,Humidifier Kit,Accessory,Care,139,23.82,0.08,3310.98,1423.72,1887.26,High,Holiday prebuild
NAW-11044,2025-07-01,FY25 Q3,Midwest,Artist Relations,Bayfront Studio Gear,Samira Khan,Trail Mini,Guitar,HPL/Sapele,20,409.87,0.08,8197.4,5246.34,2951.06,High,Back-to-school promotion
NAW-11045,2025-07-01,FY25 Q3,Midwest,E-commerce,Bayfront Studio Gear,Riley Stone,Trail Mini,Guitar,HPL/Sapele,28,392.05,0.12,10977.4,7025.54,3951.86,Low,Artist clinic follow-up
NAW-11046,2025-07-01,FY25 Q3,Midwest,Education,Prairie Note,Riley Stone,Hardshell Case,Accessory,Case,24,189.66,0.03,4551.84,2958.7,1593.14,Medium,Accessory attach opportunity
NAW-11047,2025-07-01,FY25 Q3,Midwest,E-commerce,Main Street Frets,Riley Stone,Aurora Dreadnought,Guitar,Spruce/Mahogany,13,1159.75,0,15076.75,8744.52,6332.23,High,Accessory attach opportunity
NAW-11048,2025-07-01,FY25 Q3,Midwest,E-commerce,Copper Canyon Guitars,Elliot Chen,Aurora Dreadnought,Guitar,Spruce/Mahogany,3,1101.76,0.05,3305.28,1917.06,1388.22,High,Accessory attach opportunity
NAW-11049,2025-07-01,FY25 Q3,Midwest,Dealer,Lakeside Strings,Casey Morgan,Foundry Custom,Guitar,Adirondack/Maple,24,2967.71,0.05,71225.04,34900.27,36324.77,Low,Back-to-school promotion
NAW-11050,2025-07-01,FY25 Q3,Midwest,Artist Relations,Metro Music Supply,Dana Hart,Humidifier Kit,Accessory,Care,44,25.89,0,1139.16,489.84,649.32,Medium,Accessory attach opportunity
NAW-11051,2025-07-01,FY25 Q3,Midwest,Education,Riverbend Instruments,Elliot Chen,Coated Lifespan Strings,Accessory,String set,45,18.86,0.12,848.7,330.99,517.71,Medium,Dealer replenishment
NAW-11052,2025-07-01,FY25 Q3,Midwest,Artist Relations,Soundpost Music,Dana Hart,Foundry Custom,Guitar,Adirondack/Maple,38,2749.04,0.12,104463.52,51187.12,53276.4,Medium,Dealer replenishment
NAW-11053,2025-07-01,FY25 Q3,Midwest,Education,Pacific Pick House,Riley Stone,Stage Cutaway,Guitar,Spruce/Ovangkol,21,942.01,0.12,19782.21,11671.5,8110.71,Medium,Dealer replenishment
NAW-11054,2025-07-01,FY25 Q3,Midwest,E-commerce,Riverbend Instruments,Elliot Chen,Phosphor Bronze Strings,Accessory,String set,139,14.28,0,1984.92,833.67,1151.25,High,Artist clinic follow-up
NAW-11055,2025-07-01,FY25 Q3,Midwest,Artist Relations,Soundpost Music,Riley Stone,Coated Lifespan Strings,Accessory,String set,123,20.78,0.03,2555.94,996.82,1559.12,Medium,Artist clinic follow-up
NAW-11056,2025-07-01,FY25 Q3,Midwest,Artist Relations,Prairie Note,Morgan Evans,Northstar Ukulele,Instrument,Mahogany,13,302.24,0.03,3929.12,2396.76,1532.36,Low,Artist clinic follow-up
NAW-11057,2025-07-01,FY25 Q3,Midwest,Education,Prairie Note,Morgan Evans,Summit Grand Auditorium,Guitar,Spruce/Walnut,29,1356.21,0.05,39330.09,22024.85,17305.24,High,Back-to-school promotion
NAW-11058,2025-07-01,FY25 Q3,Midwest,Dealer,Lakeside Strings,Morgan Evans,Summit Grand Auditorium,Guitar,Spruce/Walnut,33,1313.38,0.08,43341.54,24271.26,19070.28,Medium,Artist clinic follow-up
NAW-11059,2025-07-01,FY25 Q3,Midwest,Education,Desert Tone Co.,Priya Shah,Phosphor Bronze Strings,Accessory,String set,148,13.14,0.08,1944.72,816.78,1127.94,Medium,Artist clinic follow-up
NAW-11060,2025-07-01,FY25 Q3,Midwest,Artist Relations,Desert Tone Co.,Morgan Evans,Hardshell Case,Accessory,Case,62,195.52,0,12122.24,7879.46,4242.78,Medium,Dealer replenishment
NAW-11061,2025-07-01,FY25 Q3,Midwest,Artist Relations,Pacific Pick House,Alex Rivera,Coated Lifespan Strings,Accessory,String set,72,21.43,0,1542.96,601.75,941.21,Low,Back-to-school promotion
NAW-11062,2025-07-01,FY25 Q3,Midwest,Distributor,Blue Ridge Music,Jordan Lee,Stage Cutaway,Guitar,Spruce/Ovangkol,17,963.42,0.1,16378.14,9663.1,6715.04,Low,Holiday prebuild
NAW-11063,2025-07-01,FY25 Q3,Midwest,E-commerce,Desert Tone Co.,Morgan Evans,Harbor OM,Guitar,Spruce/Rosewood,25,1559.79,0.08,38994.75,21057.17,17937.58,Low,Dealer replenishment
NAW-11064,2025-07-01,FY25 Q3,Southwest,Dealer,Cedar Hall Music,Elliot Chen,Trail Mini,Guitar,HPL/Sapele,25,413.12,0.12,10328.0,6609.92,3718.08,Low,Accessory attach opportunity
NAW-11065,2025-07-01,FY25 Q3,Southwest,Distributor,Pacific Pick House,Dana Hart,Coated Lifespan Strings,Accessory,String set,51,19.87,0.12,1013.37,395.21,618.16,High,Dealer replenishment
NAW-11066,2025-07-01,FY25 Q3,Southwest,Education,Prairie Note,Alex Rivera,Stage Cutaway,Guitar,Spruce/Ovangkol,28,1037.78,0.08,29057.84,17144.13,11913.71,Low,Dealer replenishment
NAW-11067,2025-07-01,FY25 Q3,Southwest,E-commerce,Main Street Frets,Samira Khan,Coated Lifespan Strings,Accessory,String set,156,22.58,0,3522.48,1373.77,2148.71,High,Back-to-school promotion
NAW-11068,2025-07-01,FY25 Q3,Southwest,Education,Lakeside Strings,Taylor Brooks,Coated Lifespan Strings,Accessory,String set,95,21.45,0.05,2037.75,794.72,1243.03,Medium,Artist clinic follow-up
NAW-11069,2025-07-01,FY25 Q3,Southwest,Education,Bayfront Studio Gear,Samira Khan,Summit Grand Auditorium,Guitar,Spruce/Walnut,23,1323.82,0.12,30447.86,17050.8,13397.06,Medium,Artist clinic follow-up
NAW-11070,2025-07-01,FY25 Q3,Southwest,Artist Relations,Cedar Hall Music,Alex Rivera,Stage Cutaway,Guitar,Spruce/Ovangkol,9,992.66,0.12,8933.94,5271.02,3662.92,Low,Dealer replenishment
NAW-11071,2025-07-01,FY25 Q3,Southwest,Education,Prairie Note,Taylor Brooks,Humidifier Kit,Accessory,Care,102,24.01,0.12,2449.02,1053.08,1395.94,Medium,Back-to-school promotion
NAW-11072,2025-07-01,FY25 Q3,Southwest,Distributor,Main Street Frets,Riley Stone,Stage Cutaway,Guitar,Spruce/Ovangkol,23,1071.62,0.05,24647.26,14541.88,10105.38,Medium,Holiday prebuild
NAW-11073,2025-07-01,FY25 Q3,Southwest,Distributor,Cedar Hall Music,Riley Stone,Northstar Ukulele,Instrument,Mahogany,25,295.51,0.1,7387.75,4506.53,2881.22,Low,Artist clinic follow-up
NAW-11074,2025-07-01,FY25 Q3,Southwest,Artist Relations,Main Street Frets,Morgan Evans,Summit Grand Auditorium,Guitar,Spruce/Walnut,15,1429.12,0.05,21436.8,12004.61,9432.19,High,Back-to-school promotion
NAW-11075,2025-07-01,FY25 Q3,Southwest,Distributor,Pacific Pick House,Dana Hart,Summit Grand Auditorium,Guitar,Spruce/Walnut,9,1323.82,0.12,11914.38,6672.05,5242.33,Low,Accessory attach opportunity
NAW-11076,2025-07-01,FY25 Q3,Southwest,Distributor,Copper Canyon Guitars,Dana Hart,Humidifier Kit,Accessory,Care,99,25.92,0.05,2566.08,1103.41,1462.67,High,Dealer replenishment
NAW-11077,2025-07-01,FY25 Q3,Southwest,Education,Prairie Note,Casey Morgan,Humidifier Kit,Accessory,Care,67,25.92,0.05,1736.64,746.76,989.88,Low,Holiday prebuild
NAW-11078,2025-07-01,FY25 Q3,Southwest,Education,Bayfront Studio Gear,Jordan Lee,Northstar Ukulele,Instrument,Mahogany,4,288.94,0.12,1155.76,705.01,450.75,Low,Back-to-school promotion
NAW-11079,2025-07-01,FY25 Q3,Southwest,Distributor,Copper Canyon Guitars,Alex Rivera,Summit Grand Auditorium,Guitar,Spruce/Walnut,2,1429.12,0.05,2858.24,1600.61,1257.63,Low,Holiday prebuild
NAW-11080,2025-07-01,FY25 Q3,Southwest,Education,Prairie Note,Riley Stone,Stage Cutaway,Guitar,Spruce/Ovangkol,23,1037.78,0.08,23868.94,14082.67,9786.27,Medium,Artist clinic follow-up
NAW-11081,2025-07-01,FY25 Q3,Southwest,E-commerce,Riverbend Instruments,Riley Stone,Harbor OM,Guitar,Spruce/Rosewood,35,1697.25,0.05,59403.75,32078.03,27325.72,Low,Back-to-school promotion
NAW-11082,2025-07-01,FY25 Q3,Southwest,Dealer,Bayfront Studio Gear,Riley Stone,Foundry Custom,Guitar,Adirondack/Maple,37,3028.51,0.08,112054.87,54906.89,57147.98,Low,Back-to-school promotion
NAW-11083,2025-07-01,FY25 Q3,Southwest,Education,Copper Canyon Guitars,Elliot Chen,Aurora Dreadnought,Guitar,Spruce/Mahogany,28,1222.1,0,34218.8,19846.9,14371.9,Medium,Accessory attach opportunity
NAW-11084,2025-07-01,FY25 Q3,Southwest,E-commerce,Bayfront Studio Gear,Riley Stone,Coated Lifespan Strings,Accessory,String set,74,20.32,0.1,1503.68,586.44,917.24,Medium,Artist clinic follow-up
NAW-11085,2025-07-01,FY25 Q3,Southwest,Artist Relations,Pacific Pick House,Taylor Brooks,Premium Strap,Accessory,Accessory,33,43.79,0.05,1445.07,664.73,780.34,Medium,Holiday prebuild
NAW-11086,2025-07-01,FY25 Q3,Southwest,Artist Relations,Blue Ridge Music,Taylor Brooks,Northstar Ukulele,Instrument,Mahogany,19,318.49,0.03,6051.31,3691.3,2360.01,Low,Back-to-school promotion
NAW-11087,2025-07-01,FY25 Q3,Southwest,Education,Bayfront Studio Gear,Taylor Brooks,Aurora Dreadnought,Guitar,Spruce/Mahogany,4,1124.33,0.08,4497.32,2608.45,1888.87,Medium,Back-to-school promotion
NAW-11088,2025-07-01,FY25 Q3,Southwest,Dealer,Bayfront Studio Gear,Morgan Evans,Stage Cutaway,Guitar,Spruce/Ovangkol,34,1037.78,0.08,35284.52,20817.87,14466.65,Low,Artist clinic follow-up
NAW-11089,2025-07-01,FY25 Q3,Southwest,Distributor,Main Street Frets,Dana Hart,Coated Lifespan Strings,Accessory,String set,138,20.32,0.1,2804.16,1093.62,1710.54,High,Dealer replenishment
NAW-11090,2025-07-01,FY25 Q3,Southwest,Education,Soundpost Music,Jordan Lee,Harbor OM,Guitar,Spruce/Rosewood,13,1786.58,0,23225.54,12541.79,10683.75,High,Artist clinic follow-up
NAW-11091,2025-07-01,FY25 Q3,Southwest,Artist Relations,Bayfront Studio Gear,Alex Rivera,Foundry Custom,Guitar,Adirondack/Maple,34,3028.51,0.08,102969.34,50454.98,52514.36,Medium,Back-to-school promotion
NAW-11092,2025-07-01,FY25 Q3,West,Dealer,Main Street Frets,Riley Stone,Northstar Ukulele,Instrument,Mahogany,12,345.23,0.08,4142.76,2527.08,1615.68,Medium,Dealer replenishment
NAW-11093,2025-07-01,FY25 Q3,West,Education,Riverbend Instruments,Taylor Brooks,Foundry Custom,Guitar,Adirondack/Maple,8,3574.02,0.05,28592.16,14010.16,14582.0,Low,Back-to-school promotion
NAW-11094,2025-07-01,FY25 Q3,West,Education,Soundpost Music,Casey Morgan,Harbor OM,Guitar,Spruce/Rosewood,27,1837.62,0.1,49615.74,26792.5,22823.24,High,Accessory attach opportunity
NAW-11095,2025-07-01,FY25 Q3,West,E-commerce,Riverbend Instruments,Casey Morgan,Humidifier Kit,Accessory,Care,86,28.06,0.1,2413.16,1037.66,1375.5,Low,Artist clinic follow-up
NAW-11096,2025-07-01,FY25 Q3,West,E-commerce,Lakeside Strings,Priya Shah,Premium Strap,Accessory,Accessory,84,52.68,0,4425.12,2035.56,2389.56,Medium,Artist clinic follow-up
NAW-11097,2025-07-01,FY25 Q3,West,Artist Relations,Prairie Note,Alex Rivera,Coated Lifespan Strings,Accessory,String set,65,25.03,0.03,1626.95,634.51,992.44,Low,Back-to-school promotion
NAW-11098,2025-07-01,FY25 Q3,West,Education,Main Street Frets,Jordan Lee,Stage Cutaway,Guitar,Spruce/Ovangkol,16,1134.47,0.12,18151.52,10709.4,7442.12,Low,Dealer replenishment
NAW-11099,2025-07-01,FY25 Q3,West,Dealer,Metro Music Supply,Samira Khan,Harbor OM,Guitar,Spruce/Rosewood,9,1980.55,0.03,17824.95,9625.47,8199.48,Low,Accessory attach opportunity
NAW-11100,2025-07-01,FY25 Q3,West,Education,Copper Canyon Guitars,Casey Morgan,Foundry Custom,Guitar,Adirondack/Maple,20,3385.91,0.1,67718.2,33181.92,34536.28,Low,Holiday prebuild
NAW-11101,2025-07-01,FY25 Q3,West,Distributor,Soundpost Music,Riley Stone,Stage Cutaway,Guitar,Spruce/Ovangkol,13,1250.49,0.03,16256.37,9591.26,6665.11,Medium,Dealer replenishment
NAW-11102,2025-07-01,FY25 Q3,West,Dealer,Bayfront Studio Gear,Morgan Evans,Humidifier Kit,Accessory,Care,87,31.18,0,2712.66,1166.44,1546.22,Low,Accessory attach opportunity
NAW-11103,2025-07-01,FY25 Q3,West,Dealer,Copper Canyon Guitars,Elliot Chen,Hardshell Case,Accessory,Case,51,235.47,0,12008.97,7805.83,4203.14,Medium,Back-to-school promotion
NAW-11104,2025-07-01,FY25 Q3,West,Distributor,Desert Tone Co.,Casey Morgan,Stage Cutaway,Guitar,Spruce/Ovangkol,37,1224.71,0.05,45314.27,26735.42,18578.85,Low,Accessory attach opportunity
NAW-11105,2025-07-01,FY25 Q3,West,Artist Relations,Riverbend Instruments,Elliot Chen,Aurora Dreadnought,Guitar,Spruce/Mahogany,35,1326.85,0.05,46439.75,26935.06,19504.69,Low,Holiday prebuild
NAW-11106,2025-07-01,FY25 Q3,West,Education,Copper Canyon Guitars,Elliot Chen,Coated Lifespan Strings,Accessory,String set,79,25.03,0.03,1977.37,771.17,1206.2,Low,Back-to-school promotion
NAW-11107,2025-07-01,FY25 Q3,West,E-commerce,Prairie Note,Elliot Chen,Aurora Dreadnought,Guitar,Spruce/Mahogany,12,1284.95,0.08,15419.4,8943.25,6476.15,Low,Holiday prebuild
NAW-11108,2025-07-01,FY25 Q3,West,Distributor,Copper Canyon Guitars,Elliot Chen,Premium Strap,Accessory,Accessory,154,46.36,0.12,7139.44,3284.14,3855.3,Medium,Holiday prebuild
NAW-11109,2025-07-01,FY25 Q3,West,Distributor,Bayfront Studio Gear,Priya Shah,Harbor OM,Guitar,Spruce/Rosewood,16,1939.71,0.05,31035.36,16759.09,14276.27,Low,Back-to-school promotion
NAW-11110,2025-07-01,FY25 Q3,West,E-commerce,Riverbend Instruments,Alex Rivera,Humidifier Kit,Accessory,Care,94,31.18,0,2930.92,1260.3,1670.62,Medium,Accessory attach opportunity
NAW-11111,2025-07-01,FY25 Q3,West,Artist Relations,Lakeside Strings,Elliot Chen,Aurora Dreadnought,Guitar,Spruce/Mahogany,15,1257.02,0.1,18855.3,10936.07,7919.23,Low,Artist clinic follow-up
NAW-11112,2025-07-01,FY25 Q3,West,Artist Relations,Desert Tone Co.,Casey Morgan,Humidifier Kit,Accessory,Care,125,28.06,0.1,3507.5,1508.23,1999.27,Low,Holiday prebuild
NAW-11113,2025-07-01,FY25 Q3,West,Artist Relations,Pacific Pick House,Taylor Brooks,Foundry Custom,Guitar,Adirondack/Maple,32,3461.15,0.08,110756.8,54270.83,56485.97,Low,Holiday prebuild
NAW-11114,2025-07-01,FY25 Q3,West,E-commerce,Bayfront Studio Gear,Casey Morgan,Hardshell Case,Accessory,Case,82,211.92,0.1,17377.44,11295.34,6082.1,Low,Accessory attach opportunity
NAW-11115,2025-07-01,FY25 Q3,West,Education,Bayfront Studio Gear,Dana Hart,Aurora Dreadnought,Guitar,Spruce/Mahogany,33,1257.02,0.1,41481.66,24059.36,17422.3,Low,Back-to-school promotion
NAW-11116,2025-07-01,FY25 Q3,West,Artist Relations,Lakeside Strings,Dana Hart,Humidifier Kit,Accessory,Care,97,28.06,0.1,2721.82,1170.38,1551.44,Medium,Dealer replenishment
NAW-11117,2025-07-01,FY25 Q3,West,Dealer,Blue Ridge Music,Casey Morgan,Harbor OM,Guitar,Spruce/Rosewood,13,1796.79,0.12,23358.27,12613.47,10744.8,Medium,Dealer replenishment
NAW-11118,2025-07-01,FY25 Q3,West,E-commerce,Copper Canyon Guitars,Elliot Chen,Foundry Custom,Guitar,Adirondack/Maple,3,3649.26,0.03,10947.78,5364.41,5583.37,High,Dealer replenishment
NAW-11119,2025-07-01,FY25 Q3,West,Dealer,Copper Canyon Guitars,Priya Shah,Coated Lifespan Strings,Accessory,String set,157,22.71,0.12,3565.47,1390.53,2174.94,Medium,Dealer replenishment
NAW-11120,2025-08-01,FY25 Q3,Northeast,E-commerce,Prairie Note,Samira Khan,Harbor OM,Guitar,Spruce/Rosewood,26,1654.32,0.1,43012.32,23226.65,19785.67,Medium,Artist clinic follow-up
NAW-11121,2025-08-01,FY25 Q3,Northeast,Distributor,Main Street Frets,Casey Morgan,Coated Lifespan Strings,Accessory,String set,99,22.53,0.03,2230.47,869.88,1360.59,Low,Accessory attach opportunity
NAW-11122,2025-08-01,FY25 Q3,Northeast,Artist Relations,Main Street Frets,Elliot Chen,Harbor OM,Guitar,Spruce/Rosewood,31,1617.56,0.12,50144.36,27077.95,23066.41,Medium,Accessory attach opportunity
NAW-11123,2025-08-01,FY25 Q3,Northeast,E-commerce,Soundpost Music,Taylor Brooks,Premium Strap,Accessory,Accessory,144,42.69,0.1,6147.36,2827.79,3319.57,High,Dealer replenishment
NAW-11124,2025-08-01,FY25 Q3,Northeast,Artist Relations,Desert Tone Co.,Dana Hart,Stage Cutaway,Guitar,Spruce/Ovangkol,33,1021.3,0.12,33702.9,19884.71,13818.19,High,Back-to-school promotion
NAW-11125,2025-08-01,FY25 Q3,Northeast,Education,Main Street Frets,Samira Khan,Northstar Ukulele,Instrument,Mahogany,22,337.81,0,7431.82,4533.41,2898.41,Low,Dealer replenishment
NAW-11126,2025-08-01,FY25 Q3,Northeast,E-commerce,Cedar Hall Music,Jordan Lee,Stage Cutaway,Guitar,Spruce/Ovangkol,28,1067.72,0.08,29896.16,17638.73,12257.43,Low,Dealer replenishment
NAW-11127,2025-08-01,FY25 Q3,Northeast,Dealer,Bayfront Studio Gear,Riley Stone,Stage Cutaway,Guitar,Spruce/Ovangkol,23,1021.3,0.12,23489.9,13859.04,9630.86,Low,Holiday prebuild
NAW-11128,2025-08-01,FY25 Q3,Northeast,Dealer,Metro Music Supply,Samira Khan,Foundry Custom,Guitar,Adirondack/Maple,3,3285.24,0.03,9855.72,4829.3,5026.42,Low,Artist clinic follow-up
NAW-11129,2025-08-01,FY25 Q3,Northeast,Dealer,Soundpost Music,Priya Shah,Coated Lifespan Strings,Accessory,String set,140,22.07,0.05,3089.8,1205.02,1884.78,Low,Accessory attach opportunity
NAW-11130,2025-08-01,FY25 Q3,Northeast,Education,Metro Music Supply,Casey Morgan,Trail Mini,Guitar,HPL/Sapele,6,425.04,0.12,2550.24,1632.15,918.09,Low,Holiday prebuild
NAW-11131,2025-08-01,FY25 Q3,Northeast,Education,Bayfront Studio Gear,Riley Stone,Northstar Ukulele,Instrument,Mahogany,23,297.28,0.12,6837.44,4170.84,2666.6,High,Holiday prebuild
NAW-11132,2025-08-01,FY25 Q3,Northeast,Education,Bayfront Studio Gear,Priya Shah,Premium Strap,Accessory,Accessory,85,42.69,0.1,3628.65,1669.18,1959.47,Medium,Artist clinic follow-up
NAW-11133,2025-08-01,FY25 Q3,Northeast,Distributor,Soundpost Music,Taylor Brooks,Humidifier Kit,Accessory,Care,25,24.7,0.12,617.5,265.53,351.97,Medium,Artist clinic follow-up
NAW-11134,2025-08-01,FY25 Q3,Northeast,Education,Prairie Note,Elliot Chen,Phosphor Bronze Strings,Accessory,String set,85,14.25,0.08,1211.25,508.73,702.52,Medium,Artist clinic follow-up
NAW-11135,2025-08-01,FY25 Q3,Northeast,E-commerce,Metro Music Supply,Taylor Brooks,Coated Lifespan Strings,Accessory,String set,131,21.37,0.08,2799.47,1091.79,1707.68,Low,Dealer replenishment
NAW-11136,2025-08-01,FY25 Q3,Northeast,Artist Relations,Blue Ridge Music,Morgan Evans,Hardshell Case,Accessory,Case,141,205.62,0.03,28992.42,18845.07,10147.35,High,Holiday prebuild
NAW-11137,2025-08-01,FY25 Q3,Northeast,Distributor,Blue Ridge Music,Alex Rivera,Harbor OM,Guitar,Spruce/Rosewood,7,1654.32,0.1,11580.24,6253.33,5326.91,Low,Holiday prebuild
NAW-11138,2025-08-01,FY25 Q3,Northeast,Education,Lakeside Strings,Samira Khan,Humidifier Kit,Accessory,Care,67,25.26,0.1,1692.42,727.74,964.68,High,Artist clinic follow-up
NAW-11139,2025-08-01,FY25 Q3,Northeast,Education,Main Street Frets,Elliot Chen,Premium Strap,Accessory,Accessory,133,41.74,0.12,5551.42,2553.65,2997.77,High,Holiday prebuild
NAW-11140,2025-08-01,FY25 Q3,Northeast,E-commerce,Main Street Frets,Dana Hart,Coated Lifespan Strings,Accessory,String set,136,21.37,0.08,2906.32,1133.46,1772.86,High,Artist clinic follow-up
NAW-11141,2025-08-01,FY25 Q3,Northeast,Dealer,Riverbend Instruments,Elliot Chen,Trail Mini,Guitar,HPL/Sapele,27,468.52,0.03,12650.04,8096.03,4554.01,High,Holiday prebuild
NAW-11142,2025-08-01,FY25 Q3,Northeast,Artist Relations,Soundpost Music,Morgan Evans,Humidifier Kit,Accessory,Care,147,26.67,0.05,3920.49,1685.81,2234.68,Low,Dealer replenishment
NAW-11143,2025-08-01,FY25 Q3,Northeast,Education,Main Street Frets,Alex Rivera,Premium Strap,Accessory,Accessory,101,43.64,0.08,4407.64,2027.51,2380.13,High,Back-to-school promotion
NAW-11144,2025-08-01,FY25 Q3,Northeast,Education,Desert Tone Co.,Dana Hart,Northstar Ukulele,Instrument,Mahogany,20,320.92,0.05,6418.4,3915.22,2503.18,Medium,Accessory attach opportunity
NAW-11145,2025-08-01,FY25 Q3,Northeast,Education,Desert Tone Co.,Jordan Lee,Harbor OM,Guitar,Spruce/Rosewood,37,1838.13,0,68010.81,36725.84,31284.97,Medium,Holiday prebuild
NAW-11146,2025-08-01,FY25 Q3,Northeast,Education,Cedar Hall Music,Casey Morgan,Foundry Custom,Guitar,Adirondack/Maple,7,3048.16,0.1,21337.12,10455.19,10881.93,Low,Dealer replenishment
NAW-11147,2025-08-01,FY25 Q3,Northeast,Artist Relations,Main Street Frets,Elliot Chen,Northstar Ukulele,Instrument,Mahogany,15,310.79,0.08,4661.85,2843.73,1818.12,Medium,Dealer replenishment
NAW-11148,2025-08-01,FY25 Q3,Southeast,Dealer,Cedar Hall Music,Dana Hart,Hardshell Case,Accessory,Case,30,176.11,0.1,5283.3,3434.15,1849.15,High,Accessory attach opportunity
NAW-11149,2025-08-01,FY25 Q3,Southeast,Distributor,Copper Canyon Guitars,Elliot Chen,Stage Cutaway,Guitar,Spruce/Ovangkol,12,1017.73,0.05,12212.76,7205.53,5007.23,High,Artist clinic follow-up
NAW-11150,2025-08-01,FY25 Q3,Southeast,Education,Copper Canyon Guitars,Dana Hart,Hardshell Case,Accessory,Case,95,172.19,0.12,16358.05,10632.73,5725.32,Low,Accessory attach opportunity
NAW-11151,2025-08-01,FY25 Q3,Southeast,Distributor,Bayfront Studio Gear,Jordan Lee,Humidifier Kit,Accessory,Care,120,25.13,0.03,3015.6,1296.71,1718.89,Medium,Artist clinic follow-up
NAW-11152,2025-08-01,FY25 Q3,Southeast,Artist Relations,Metro Music Supply,Dana Hart,Humidifier Kit,Accessory,Care,78,23.32,0.1,1818.96,782.15,1036.81,Low,Dealer replenishment
NAW-11153,2025-08-01,FY25 Q3,Southeast,Distributor,Desert Tone Co.,Alex Rivera,Northstar Ukulele,Instrument,Mahogany,17,302.47,0.03,5141.99,3136.61,2005.38,Low,Artist clinic follow-up
NAW-11154,2025-08-01,FY25 Q3,Southeast,Distributor,Cedar Hall Music,Alex Rivera,Northstar Ukulele,Instrument,Mahogany,25,311.83,0,7795.75,4755.41,3040.34,Medium,Dealer replenishment
NAW-11155,2025-08-01,FY25 Q3,Southeast,Distributor,Pacific Pick House,Samira Khan,Hardshell Case,Accessory,Case,20,185.89,0.05,3717.8,2416.57,1301.23,Medium,Holiday prebuild
NAW-11156,2025-08-01,FY25 Q3,Southeast,Distributor,Desert Tone Co.,Samira Khan,Coated Lifespan Strings,Accessory,String set,135,21.44,0,2894.4,1128.82,1765.58,Medium,Accessory attach opportunity
NAW-11157,2025-08-01,FY25 Q3,Southeast,Distributor,Riverbend Instruments,Riley Stone,Harbor OM,Guitar,Spruce/Rosewood,37,1493.13,0.12,55245.81,29832.74,25413.07,Medium,Holiday prebuild
NAW-11158,2025-08-01,FY25 Q3,Southeast,E-commerce,Soundpost Music,Alex Rivera,Northstar Ukulele,Instrument,Mahogany,28,274.41,0.12,7683.48,4686.92,2996.56,Low,Artist clinic follow-up
NAW-11159,2025-08-01,FY25 Q3,Southeast,E-commerce,Lakeside Strings,Dana Hart,Trail Mini,Guitar,HPL/Sapele,4,423.56,0.05,1694.24,1084.31,609.93,Low,Accessory attach opportunity
NAW-11160,2025-08-01,FY25 Q3,Southeast,Dealer,Soundpost Music,Priya Shah,Phosphor Bronze Strings,Accessory,String set,150,12.58,0.12,1887.0,792.54,1094.46,High,Dealer replenishment
NAW-11161,2025-08-01,FY25 Q3,Southeast,E-commerce,Desert Tone Co.,Riley Stone,Foundry Custom,Guitar,Adirondack/Maple,18,3032.53,0.03,54585.54,26746.91,27838.63,Medium,Back-to-school promotion
NAW-11162,2025-08-01,FY25 Q3,Southeast,E-commerce,Riverbend Instruments,Casey Morgan,Coated Lifespan Strings,Accessory,String set,68,21.44,0,1457.92,568.59,889.33,Medium,Accessory attach opportunity
NAW-11163,2025-08-01,FY25 Q3,Southeast,Distributor,Lakeside Strings,Elliot Chen,Harbor OM,Guitar,Spruce/Rosewood,33,1696.74,0,55992.42,30235.91,25756.51,Medium,Back-to-school promotion
NAW-11164,2025-08-01,FY25 Q3,Southeast,Education,Riverbend Instruments,Alex Rivera,Aurora Dreadnought,Guitar,Spruce/Mahogany,28,1102.61,0.05,30873.08,17906.39,12966.69,Medium,Accessory attach opportunity
NAW-11165,2025-08-01,FY25 Q3,Southeast,Dealer,Cedar Hall Music,Morgan Evans,Stage Cutaway,Guitar,Spruce/Ovangkol,31,985.59,0.08,30553.29,18026.44,12526.85,High,Holiday prebuild
NAW-11166,2025-08-01,FY25 Q3,Southeast,Education,Copper Canyon Guitars,Taylor Brooks,Harbor OM,Guitar,Spruce/Rosewood,11,1527.06,0.1,16797.66,9070.74,7726.92,Medium,Artist clinic follow-up
NAW-11167,2025-08-01,FY25 Q3,Southeast,Dealer,Main Street Frets,Alex Rivera,Trail Mini,Guitar,HPL/Sapele,24,445.85,0,10700.4,6848.26,3852.14,Low,Accessory attach opportunity
NAW-11168,2025-08-01,FY25 Q3,Southeast,Dealer,Main Street Frets,Alex Rivera,Coated Lifespan Strings,Accessory,String set,100,19.73,0.08,1973.0,769.47,1203.53,Medium,Holiday prebuild
NAW-11169,2025-08-01,FY25 Q3,Southeast,Artist Relations,Copper Canyon Guitars,Alex Rivera,Phosphor Bronze Strings,Accessory,String set,32,13.87,0.03,443.84,186.41,257.43,Medium,Holiday prebuild
NAW-11170,2025-08-01,FY25 Q3,Southeast,Artist Relations,Metro Music Supply,Alex Rivera,Hardshell Case,Accessory,Case,72,172.19,0.12,12397.68,8058.49,4339.19,High,Holiday prebuild
NAW-11171,2025-08-01,FY25 Q3,Southeast,Distributor,Main Street Frets,Elliot Chen,Hardshell Case,Accessory,Case,48,185.89,0.05,8922.72,5799.77,3122.95,Medium,Artist clinic follow-up
NAW-11172,2025-08-01,FY25 Q3,Southeast,Distributor,Metro Music Supply,Priya Shah,Harbor OM,Guitar,Spruce/Rosewood,21,1696.74,0,35631.54,19241.03,16390.51,Medium,Dealer replenishment
NAW-11173,2025-08-01,FY25 Q3,Southeast,Dealer,Cedar Hall Music,Alex Rivera,Premium Strap,Accessory,Accessory,111,43.78,0,4859.58,2235.41,2624.17,Low,Holiday prebuild
NAW-11174,2025-08-01,FY25 Q3,Southeast,Education,Blue Ridge Music,Taylor Brooks,Premium Strap,Accessory,Accessory,69,38.53,0.12,2658.57,1222.94,1435.63,High,Holiday prebuild
NAW-11175,2025-08-01,FY25 Q3,Southeast,E-commerce,Cedar Hall Music,Elliot Chen,Foundry Custom,Guitar,Adirondack/Maple,17,2876.21,0.08,48895.57,23958.83,24936.74,Medium,Back-to-school promotion
NAW-11176,2025-08-01,FY25 Q3,Midwest,E-commerce,Copper Canyon Guitars,Alex Rivera,Hardshell Case,Accessory,Case,20,170.6,0.1,3412.0,2217.8,1194.2,Low,Accessory attach opportunity
NAW-11177,2025-08-01,FY25 Q3,Midwest,E-commerce,Desert Tone Co.,Elliot Chen,Foundry Custom,Guitar,Adirondack/Maple,6,2725.76,0.1,16354.56,8013.73,8340.83,Low,Dealer replenishment
NAW-11178,2025-08-01,FY25 Q3,Midwest,Education,Blue Ridge Music,Taylor Brooks,Coated Lifespan Strings,Accessory,String set,70,20.77,0,1453.9,567.02,886.88,Medium,Back-to-school promotion
NAW-11179,2025-08-01,FY25 Q3,Midwest,Education,Riverbend Instruments,Dana Hart,Aurora Dreadnought,Guitar,Spruce/Mahogany,24,1034.42,0.08,24826.08,14399.13,10426.95,Low,Holiday prebuild
NAW-11180,2025-08-01,FY25 Q3,Midwest,E-commerce,Soundpost Music,Alex Rivera,Phosphor Bronze Strings,Accessory,String set,53,13.43,0.03,711.79,298.95,412.84,Medium,Accessory attach opportunity
NAW-11181,2025-08-01,FY25 Q3,Midwest,Distributor,Prairie Note,Jordan Lee,Coated Lifespan Strings,Accessory,String set,78,19.73,0.05,1538.94,600.19,938.75,Medium,Holiday prebuild
NAW-11182,2025-08-01,FY25 Q3,Midwest,E-commerce,Pacific Pick House,Riley Stone,Harbor OM,Guitar,Spruce/Rosewood,4,1446.47,0.12,5785.88,3124.38,2661.5,Low,Dealer replenishment
NAW-11183,2025-08-01,FY25 Q3,Midwest,Artist Relations,Blue Ridge Music,Elliot Chen,Stage Cutaway,Guitar,Spruce/Ovangkol,9,934.03,0.1,8406.27,4959.7,3446.57,Medium,Dealer replenishment
NAW-11184,2025-08-01,FY25 Q3,Midwest,E-commerce,Prairie Note,Riley Stone,Trail Mini,Guitar,HPL/Sapele,9,418.96,0.03,3770.64,2413.21,1357.43,Low,Back-to-school promotion
NAW-11185,2025-08-01,FY25 Q3,Midwest,E-commerce,Soundpost Music,Morgan Evans,Summit Grand Auditorium,Guitar,Spruce/Walnut,9,1314.84,0.05,11833.56,6626.79,5206.77,Low,Accessory attach opportunity
NAW-11186,2025-08-01,FY25 Q3,Midwest,E-commerce,Riverbend Instruments,Dana Hart,Stage Cutaway,Guitar,Spruce/Ovangkol,30,985.92,0.05,29577.6,17450.78,12126.82,Low,Artist clinic follow-up
NAW-11187,2025-08-01,FY25 Q3,Midwest,Education,Pacific Pick House,Alex Rivera,Foundry Custom,Guitar,Adirondack/Maple,27,2725.76,0.1,73595.52,36061.8,37533.72,Medium,Artist clinic follow-up
NAW-11188,2025-08-01,FY25 Q3,Midwest,Artist Relations,Prairie Note,Morgan Evans,Foundry Custom,Guitar,Adirondack/Maple,21,2786.33,0.08,58512.93,28671.34,29841.59,Low,Artist clinic follow-up
NAW-11189,2025-08-01,FY25 Q3,Midwest,E-commerce,Blue Ridge Music,Taylor Brooks,Hardshell Case,Accessory,Case,68,174.39,0.08,11858.52,7708.04,4150.48,Medium,Accessory attach opportunity
NAW-11190,2025-08-01,FY25 Q3,Midwest,Artist Relations,Lakeside Strings,Samira Khan,Foundry Custom,Guitar,Adirondack/Maple,35,2877.19,0.05,100701.65,49343.81,51357.84,Medium,Artist clinic follow-up
NAW-11191,2025-08-01,FY25 Q3,Midwest,Artist Relations,Copper Canyon Guitars,Alex Rivera,Harbor OM,Guitar,Spruce/Rosewood,37,1512.22,0.08,55952.14,30214.16,25737.98,Medium,Artist clinic follow-up
NAW-11192,2025-08-01,FY25 Q3,Midwest,Dealer,Blue Ridge Music,Morgan Evans,Phosphor Bronze Strings,Accessory,String set,134,12.74,0.08,1707.16,717.01,990.15,Medium,Artist clinic follow-up
NAW-11193,2025-08-01,FY25 Q3,Midwest,Education,Bayfront Studio Gear,Priya Shah,Northstar Ukulele,Instrument,Mahogany,14,265.83,0.12,3721.62,2270.19,1451.43,Low,Accessory attach opportunity
NAW-11194,2025-08-01,FY25 Q3,Midwest,Distributor,Riverbend Instruments,Alex Rivera,Humidifier Kit,Accessory,Care,66,24.35,0.03,1607.1,691.05,916.05,Low,Dealer replenishment
NAW-11195,2025-08-01,FY25 Q3,Midwest,Artist Relations,Desert Tone Co.,Dana Hart,Premium Strap,Accessory,Accessory,144,38.17,0.1,5496.48,2528.38,2968.1,Medium,Accessory attach opportunity
NAW-11196,2025-08-01,FY25 Q3,Midwest,Artist Relations,Lakeside Strings,Priya Shah,Phosphor Bronze Strings,Accessory,String set,125,13.85,0,1731.25,727.13,1004.12,Medium,Back-to-school promotion
NAW-11197,2025-08-01,FY25 Q3,Midwest,Education,Riverbend Instruments,Priya Shah,Foundry Custom,Guitar,Adirondack/Maple,28,2877.19,0.05,80561.32,39475.05,41086.27,Low,Artist clinic follow-up
NAW-11198,2025-08-01,FY25 Q3,Midwest,Education,Desert Tone Co.,Taylor Brooks,Stage Cutaway,Guitar,Spruce/Ovangkol,30,934.03,0.1,28020.9,16532.33,11488.57,Low,Holiday prebuild
NAW-11199,2025-08-01,FY25 Q3,Midwest,Education,Cedar Hall Music,Elliot Chen,Summit Grand Auditorium,Guitar,Spruce/Walnut,27,1273.32,0.08,34379.64,19252.6,15127.04,Medium,Accessory attach opportunity
NAW-11200,2025-08-01,FY25 Q3,Midwest,Artist Relations,Cedar Hall Music,Priya Shah,Humidifier Kit,Accessory,Care,158,24.35,0.03,3847.3,1654.34,2192.96,Medium,Back-to-school promotion
NAW-11201,2025-08-01,FY25 Q3,Midwest,Artist Relations,Lakeside Strings,Elliot Chen,Aurora Dreadnought,Guitar,Spruce/Mahogany,15,1011.94,0.1,15179.1,8803.88,6375.22,High,Back-to-school promotion
NAW-11202,2025-08-01,FY25 Q3,Midwest,Artist Relations,Soundpost Music,Casey Morgan,Humidifier Kit,Accessory,Care,47,22.59,0.1,1061.73,456.54,605.19,Low,Accessory attach opportunity
NAW-11203,2025-08-01,FY25 Q3,Midwest,Education,Blue Ridge Music,Samira Khan,Foundry Custom,Guitar,Adirondack/Maple,23,2665.19,0.12,61299.37,30036.69,31262.68,Low,Accessory attach opportunity
NAW-11204,2025-08-01,FY25 Q3,Southwest,Artist Relations,Main Street Frets,Priya Shah,Northstar Ukulele,Instrument,Mahogany,20,318.32,0,6366.4,3883.5,2482.9,High,Back-to-school promotion
NAW-11205,2025-08-01,FY25 Q3,Southwest,Distributor,Pacific Pick House,Jordan Lee,Stage Cutaway,Guitar,Spruce/Ovangkol,30,1006.12,0.08,30183.6,17808.32,12375.28,Low,Dealer replenishment
NAW-11206,2025-08-01,FY25 Q3,Southwest,Distributor,Metro Music Supply,Riley Stone,Hardshell Case,Accessory,Case,26,179.78,0.1,4674.28,3038.28,1636.0,Medium,Artist clinic follow-up
NAW-11207,2025-08-01,FY25 Q3,Southwest,Distributor,Pacific Pick House,Samira Khan,Coated Lifespan Strings,Accessory,String set,79,19.26,0.12,1521.54,593.4,928.14,Low,Accessory attach opportunity
NAW-11208,2025-08-01,FY25 Q3,Southwest,Distributor,Riverbend Instruments,Casey Morgan,Aurora Dreadnought,Guitar,Spruce/Mahogany,16,1090.04,0.08,17440.64,10115.57,7325.07,Medium,Artist clinic follow-up
NAW-11209,2025-08-01,FY25 Q3,Southwest,Dealer,Riverbend Instruments,Taylor Brooks,Aurora Dreadnought,Guitar,Spruce/Mahogany,28,1066.34,0.1,29857.52,17317.36,12540.16,High,Back-to-school promotion
NAW-11210,2025-08-01,FY25 Q3,Southwest,E-commerce,Main Street Frets,Elliot Chen,Premium Strap,Accessory,Accessory,109,41.12,0.08,4482.08,2061.76,2420.32,Low,Back-to-school promotion
NAW-11211,2025-08-01,FY25 Q3,Southwest,Distributor,Soundpost Music,Dana Hart,Foundry Custom,Guitar,Adirondack/Maple,31,2872.31,0.1,89041.61,43630.39,45411.22,Low,Holiday prebuild
NAW-11212,2025-08-01,FY25 Q3,Southwest,Distributor,Desert Tone Co.,Dana Hart,Summit Grand Auditorium,Guitar,Spruce/Walnut,33,1385.53,0.05,45722.49,25604.59,20117.9,Medium,Dealer replenishment
NAW-11213,2025-08-01,FY25 Q3,Southwest,E-commerce,Prairie Note,Priya Shah,Humidifier Kit,Accessory,Care,29,26.45,0,767.05,329.83,437.22,Medium,Accessory attach opportunity
NAW-11214,2025-08-01,FY25 Q3,Southwest,Distributor,Copper Canyon Guitars,Taylor Brooks,Hardshell Case,Accessory,Case,72,193.76,0.03,13950.72,9067.97,4882.75,Low,Dealer replenishment
NAW-11215,2025-08-01,FY25 Q3,Southwest,Distributor,Prairie Note,Jordan Lee,Foundry Custom,Guitar,Adirondack/Maple,3,2808.48,0.12,8425.44,4128.47,4296.97,High,Accessory attach opportunity
NAW-11216,2025-08-01,FY25 Q3,Southwest,Education,Lakeside Strings,Dana Hart,Premium Strap,Accessory,Accessory,36,44.69,0,1608.84,740.07,868.77,Medium,Back-to-school promotion
NAW-11217,2025-08-01,FY25 Q3,Southwest,E-commerce,Cedar Hall Music,Casey Morgan,Northstar Ukulele,Instrument,Mahogany,29,308.77,0.03,8954.33,5462.14,3492.19,Low,Artist clinic follow-up
NAW-11218,2025-08-01,FY25 Q3,Southwest,E-commerce,Blue Ridge Music,Taylor Brooks,Coated Lifespan Strings,Accessory,String set,35,21.23,0.03,743.05,289.79,453.26,High,Holiday prebuild
NAW-11219,2025-08-01,FY25 Q3,Southwest,Artist Relations,Lakeside Strings,Casey Morgan,Harbor OM,Guitar,Spruce/Rosewood,2,1732.08,0,3464.16,1870.65,1593.51,Low,Dealer replenishment
NAW-11220,2025-08-01,FY25 Q3,Southwest,Distributor,Blue Ridge Music,Elliot Chen,Harbor OM,Guitar,Spruce/Rosewood,19,1524.23,0.12,28960.37,15638.6,13321.77,Medium,Accessory attach opportunity
NAW-11221,2025-08-01,FY25 Q3,Southwest,E-commerce,Bayfront Studio Gear,Casey Morgan,Humidifier Kit,Accessory,Care,125,25.13,0.05,3141.25,1350.74,1790.51,Medium,Dealer replenishment
NAW-11222,2025-08-01,FY25 Q3,Southwest,Artist Relations,Prairie Note,Riley Stone,Stage Cutaway,Guitar,Spruce/Ovangkol,10,1093.61,0,10936.1,6452.3,4483.8,Medium,Back-to-school promotion
NAW-11223,2025-08-01,FY25 Q3,Southwest,Dealer,Metro Music Supply,Casey Morgan,Northstar Ukulele,Instrument,Mahogany,20,318.32,0,6366.4,3883.5,2482.9,High,Dealer replenishment
NAW-11224,2025-08-01,FY25 Q3,Southwest,Education,Riverbend Instruments,Morgan Evans,Hardshell Case,Accessory,Case,33,179.78,0.1,5932.74,3856.28,2076.46,High,Accessory attach opportunity
NAW-11225,2025-08-01,FY25 Q3,Southwest,Education,Riverbend Instruments,Taylor Brooks,Humidifier Kit,Accessory,Care,22,24.33,0.08,535.26,230.16,305.1,Medium,Accessory attach opportunity
NAW-11226,2025-08-01,FY25 Q3,Southwest,Distributor,Copper Canyon Guitars,Riley Stone,Phosphor Bronze Strings,Accessory,String set,97,13.86,0.05,1344.42,564.66,779.76,Low,Holiday prebuild
NAW-11227,2025-08-01,FY25 Q3,Southwest,E-commerce,Riverbend Instruments,Jordan Lee,Stage Cutaway,Guitar,Spruce/Ovangkol,8,1038.93,0.05,8311.44,4903.75,3407.69,Medium,Dealer replenishment
NAW-11228,2025-08-01,FY25 Q3,Southwest,Education,Cedar Hall Music,Dana Hart,Stage Cutaway,Guitar,Spruce/Ovangkol,36,984.25,0.1,35433.0,20905.47,14527.53,Medium,Accessory attach opportunity
NAW-11229,2025-08-01,FY25 Q3,Southwest,Artist Relations,Riverbend Instruments,Elliot Chen,Humidifier Kit,Accessory,Care,142,24.33,0.08,3454.86,1485.59,1969.27,Low,Back-to-school promotion
NAW-11230,2025-08-01,FY25 Q3,Southwest,E-commerce,Main Street Frets,Dana Hart,Humidifier Kit,Accessory,Care,103,24.33,0.08,2505.99,1077.58,1428.41,High,Dealer replenishment
NAW-11231,2025-08-01,FY25 Q3,Southwest,Dealer,Pacific Pick House,Dana Hart,Premium Strap,Accessory,Accessory,68,43.35,0.03,2947.8,1355.99,1591.81,Low,Accessory attach opportunity
NAW-11232,2025-08-01,FY25 Q3,West,Artist Relations,Cedar Hall Music,Morgan Evans,Foundry Custom,Guitar,Adirondack/Maple,20,3537.95,0.03,70759.0,34671.91,36087.09,High,Accessory attach opportunity
NAW-11233,2025-08-01,FY25 Q3,West,Dealer,Prairie Note,Morgan Evans,Aurora Dreadnought,Guitar,Spruce/Mahogany,19,1354.08,0,25727.52,14921.96,10805.56,Low,Holiday prebuild
NAW-11234,2025-08-01,FY25 Q3,West,Education,Prairie Note,Elliot Chen,Coated Lifespan Strings,Accessory,String set,134,23.77,0.05,3185.18,1242.22,1942.96,Medium,Artist clinic follow-up
NAW-11235,2025-08-01,FY25 Q3,West,E-commerce,Desert Tone Co.,Casey Morgan,Northstar Ukulele,Instrument,Mahogany,37,327.42,0.1,12114.54,7389.87,4724.67,Low,Accessory attach opportunity
NAW-11236,2025-08-01,FY25 Q3,West,E-commerce,Cedar Hall Music,Elliot Chen,Summit Grand Auditorium,Guitar,Spruce/Walnut,2,1666.8,0,3333.6,1866.82,1466.78,Low,Back-to-school promotion
NAW-11237,2025-08-01,FY25 Q3,West,Artist Relations,Blue Ridge Music,Morgan Evans,Stage Cutaway,Guitar,Spruce/Ovangkol,15,1124.86,0.1,16872.9,9955.01,6917.89,High,Artist clinic follow-up
NAW-11238,2025-08-01,FY25 Q3,West,Artist Relations,Soundpost Music,Elliot Chen,Stage Cutaway,Guitar,Spruce/Ovangkol,13,1249.84,0,16247.92,9586.27,6661.65,Medium,Artist clinic follow-up
NAW-11239,2025-08-01,FY25 Q3,West,Distributor,Cedar Hall Music,Riley Stone,Northstar Ukulele,Instrument,Mahogany,11,352.89,0.03,3881.79,2367.89,1513.9,Low,Accessory attach opportunity
NAW-11240,2025-08-01,FY25 Q3,West,E-commerce,Main Street Frets,Jordan Lee,Humidifier Kit,Accessory,Care,140,29.32,0.03,4104.8,1765.06,2339.74,High,Artist clinic follow-up
NAW-11241,2025-08-01,FY25 Q3,West,Education,Cedar Hall Music,Elliot Chen,Foundry Custom,Guitar,Adirondack/Maple,18,3282.63,0.1,59087.34,28952.8,30134.54,Medium,Back-to-school promotion
NAW-11242,2025-08-01,FY25 Q3,West,Education,Bayfront Studio Gear,Taylor Brooks,Trail Mini,Guitar,HPL/Sapele,21,478.55,0.08,10049.55,6431.71,3617.84,Low,Back-to-school promotion
NAW-11243,2025-08-01,FY25 Q3,West,Distributor,Soundpost Music,Elliot Chen,Foundry Custom,Guitar,Adirondack/Maple,31,3537.95,0.03,109676.45,53741.46,55934.99,High,Holiday prebuild
NAW-11244,2025-08-01,FY25 Q3,West,E-commerce,Soundpost Music,Jordan Lee,Premium Strap,Accessory,Accessory,67,46.99,0.08,3148.33,1448.23,1700.1,Medium,Holiday prebuild
NAW-11245,2025-08-01,FY25 Q3,West,Artist Relations,Desert Tone Co.,Morgan Evans,Coated Lifespan Strings,Accessory,String set,52,23.02,0.08,1197.04,466.85,730.19,Low,Artist clinic follow-up
NAW-11246,2025-08-01,FY25 Q3,West,Distributor,Soundpost Music,Priya Shah,Phosphor Bronze Strings,Accessory,String set,137,16.68,0,2285.16,959.77,1325.39,Medium,Holiday prebuild
NAW-11247,2025-08-01,FY25 Q3,West,Artist Relations,Blue Ridge Music,Samira Khan,Foundry Custom,Guitar,Adirondack/Maple,31,3537.95,0.03,109676.45,53741.46,55934.99,Medium,Back-to-school promotion
NAW-11248,2025-08-01,FY25 Q3,West,Distributor,Desert Tone Co.,Taylor Brooks,Coated Lifespan Strings,Accessory,String set,154,23.77,0.05,3660.58,1427.63,2232.95,High,Artist clinic follow-up
NAW-11249,2025-08-01,FY25 Q3,West,Distributor,Main Street Frets,Dana Hart,Foundry Custom,Guitar,Adirondack/Maple,26,3647.37,0,94831.62,46467.49,48364.13,Low,Back-to-school promotion
NAW-11250,2025-08-01,FY25 Q3,West,Education,Lakeside Strings,Riley Stone,Hardshell Case,Accessory,Case,145,205.46,0.1,29791.7,19364.6,10427.1,Low,Accessory attach opportunity
NAW-11251,2025-08-01,FY25 Q3,West,Dealer,Metro Music Supply,Morgan Evans,Summit Grand Auditorium,Guitar,Spruce/Walnut,26,1616.8,0.03,42036.8,23540.61,18496.19,Medium,Accessory attach opportunity
NAW-11252,2025-08-01,FY25 Q3,West,Dealer,Main Street Frets,Samira Khan,Foundry Custom,Guitar,Adirondack/Maple,23,3355.58,0.08,77178.34,37817.39,39360.95,Low,Holiday prebuild
NAW-11253,2025-08-01,FY25 Q3,West,Dealer,Pacific Pick House,Morgan Evans,Phosphor Bronze Strings,Accessory,String set,100,15.84,0.05,1584.0,665.28,918.72,Medium,Holiday prebuild
NAW-11254,2025-08-01,FY25 Q3,West,E-commerce,Blue Ridge Music,Elliot Chen,Coated Lifespan Strings,Accessory,String set,40,22.52,0.1,900.8,351.31,549.49,Low,Artist clinic follow-up
NAW-11255,2025-08-01,FY25 Q3,West,Dealer,Riverbend Instruments,Priya Shah,Harbor OM,Guitar,Spruce/Rosewood,31,1979.53,0,61365.43,33137.33,28228.1,Low,Holiday prebuild
NAW-11256,2025-08-01,FY25 Q3,West,Artist Relations,Blue Ridge Music,Riley Stone,Phosphor Bronze Strings,Accessory,String set,44,14.68,0.12,645.92,271.29,374.63,High,Accessory attach opportunity
NAW-11257,2025-08-01,FY25 Q3,West,Education,Metro Music Supply,Samira Khan,Foundry Custom,Guitar,Adirondack/Maple,38,3537.95,0.03,134442.1,65876.63,68565.47,Medium,Dealer replenishment
NAW-11258,2025-08-01,FY25 Q3,West,E-commerce,Pacific Pick House,Morgan Evans,Stage Cutaway,Guitar,Spruce/Ovangkol,36,1187.35,0.05,42744.6,25219.31,17525.29,Low,Accessory attach opportunity
NAW-11259,2025-08-01,FY25 Q3,West,Education,Main Street Frets,Elliot Chen,Summit Grand Auditorium,Guitar,Spruce/Walnut,24,1583.46,0.05,38003.04,21281.7,16721.34,High,Artist clinic follow-up
NAW-11260,2025-09-01,FY25 Q3,Northeast,Dealer,Riverbend Instruments,Samira Khan,Coated Lifespan Strings,Accessory,String set,135,21.13,0.08,2852.55,1112.49,1740.06,Low,Holiday prebuild
NAW-11261,2025-09-01,FY25 Q3,Northeast,Artist Relations,Bayfront Studio Gear,Alex Rivera,Foundry Custom,Guitar,Adirondack/Maple,31,3247.41,0.03,100669.71,49328.16,51341.55,Medium,Dealer replenishment
NAW-11262,2025-09-01,FY25 Q3,Northeast,Dealer,Copper Canyon Guitars,Elliot Chen,Stage Cutaway,Guitar,Spruce/Ovangkol,38,1147.2,0,43593.6,25720.22,17873.38,Low,Accessory attach opportunity
NAW-11263,2025-09-01,FY25 Q3,Northeast,Artist Relations,Metro Music Supply,Alex Rivera,Humidifier Kit,Accessory,Care,74,25.53,0.08,1889.22,812.36,1076.86,Low,Accessory attach opportunity
NAW-11264,2025-09-01,FY25 Q3,Northeast,Distributor,Copper Canyon Guitars,Jordan Lee,Phosphor Bronze Strings,Accessory,String set,145,15.31,0,2219.95,932.38,1287.57,Medium,Dealer replenishment
NAW-11265,2025-09-01,FY25 Q3,Northeast,E-commerce,Riverbend Instruments,Alex Rivera,Phosphor Bronze Strings,Accessory,String set,43,14.85,0.03,638.55,268.19,370.36,Medium,Back-to-school promotion
NAW-11266,2025-09-01,FY25 Q3,Northeast,Distributor,Prairie Note,Alex Rivera,Hardshell Case,Accessory,Case,75,188.59,0.1,14144.25,9193.76,4950.49,Medium,Holiday prebuild
NAW-11267,2025-09-01,FY25 Q3,Northeast,Distributor,Cedar Hall Music,Elliot Chen,Foundry Custom,Guitar,Adirondack/Maple,31,3080.02,0.08,95480.62,46785.5,48695.12,Medium,Back-to-school promotion
NAW-11268,2025-09-01,FY25 Q3,Northeast,Dealer,Blue Ridge Music,Elliot Chen,Trail Mini,Guitar,HPL/Sapele,35,420.15,0.12,14705.25,9411.36,5293.89,Medium,Dealer replenishment
NAW-11269,2025-09-01,FY25 Q3,Northeast,E-commerce,Prairie Note,Elliot Chen,Trail Mini,Guitar,HPL/Sapele,31,463.12,0.03,14356.72,9188.3,5168.42,Medium,Artist clinic follow-up
NAW-11270,2025-09-01,FY25 Q3,Northeast,Distributor,Main Street Frets,Alex Rivera,Stage Cutaway,Guitar,Spruce/Ovangkol,28,1147.2,0,32121.6,18951.74,13169.86,Medium,Back-to-school promotion
NAW-11271,2025-09-01,FY25 Q3,Northeast,Dealer,Prairie Note,Morgan Evans,Humidifier Kit,Accessory,Care,72,26.91,0.03,1937.52,833.13,1104.39,Medium,Back-to-school promotion
NAW-11272,2025-09-01,FY25 Q3,Northeast,E-commerce,Bayfront Studio Gear,Dana Hart,Summit Grand Auditorium,Guitar,Spruce/Walnut,20,1407.53,0.08,28150.6,15764.34,12386.26,Medium,Accessory attach opportunity
NAW-11273,2025-09-01,FY25 Q3,Northeast,Distributor,Bayfront Studio Gear,Riley Stone,Harbor OM,Guitar,Spruce/Rosewood,2,1598.93,0.12,3197.86,1726.84,1471.02,Medium,Accessory attach opportunity
NAW-11274,2025-09-01,FY25 Q3,Northeast,Distributor,Cedar Hall Music,Priya Shah,Harbor OM,Guitar,Spruce/Rosewood,20,1635.27,0.1,32705.4,17660.92,15044.48,Low,Dealer replenishment
NAW-11275,2025-09-01,FY25 Q3,Northeast,Dealer,Copper Canyon Guitars,Jordan Lee,Harbor OM,Guitar,Spruce/Rosewood,16,1671.61,0.08,26745.76,14442.71,12303.05,Low,Accessory attach opportunity
NAW-11276,2025-09-01,FY25 Q3,Northeast,E-commerce,Blue Ridge Music,Dana Hart,Humidifier Kit,Accessory,Care,106,24.42,0.12,2588.52,1113.06,1475.46,Medium,Dealer replenishment
NAW-11277,2025-09-01,FY25 Q3,Northeast,Dealer,Desert Tone Co.,Samira Khan,Coated Lifespan Strings,Accessory,String set,91,21.82,0.05,1985.62,774.39,1211.23,Medium,Back-to-school promotion
NAW-11278,2025-09-01,FY25 Q3,Northeast,Artist Relations,Prairie Note,Elliot Chen,Premium Strap,Accessory,Accessory,132,45.48,0.03,6003.36,2761.55,3241.81,Medium,Accessory attach opportunity
NAW-11279,2025-09-01,FY25 Q3,Northeast,Artist Relations,Copper Canyon Guitars,Elliot Chen,Summit Grand Auditorium,Guitar,Spruce/Walnut,32,1407.53,0.08,45040.96,25222.94,19818.02,Medium,Holiday prebuild
NAW-11280,2025-09-01,FY25 Q3,Northeast,Education,Bayfront Studio Gear,Priya Shah,Humidifier Kit,Accessory,Care,35,24.97,0.1,873.95,375.8,498.15,High,Accessory attach opportunity
NAW-11281,2025-09-01,FY25 Q3,Northeast,Education,Soundpost Music,Taylor Brooks,Harbor OM,Guitar,Spruce/Rosewood,14,1635.27,0.1,22893.78,12362.64,10531.14,Medium,Accessory attach opportunity
NAW-11282,2025-09-01,FY25 Q3,Northeast,Education,Metro Music Supply,Morgan Evans,Trail Mini,Guitar,HPL/Sapele,17,463.12,0.03,7873.04,5038.75,2834.29,High,Holiday prebuild
NAW-11283,2025-09-01,FY25 Q3,Northeast,Distributor,Lakeside Strings,Dana Hart,Phosphor Bronze Strings,Accessory,String set,53,13.78,0.1,730.34,306.74,423.6,Medium,Holiday prebuild
NAW-11284,2025-09-01,FY25 Q3,Northeast,Education,Prairie Note,Taylor Brooks,Stage Cutaway,Guitar,Spruce/Ovangkol,22,1009.54,0.12,22209.88,13103.83,9106.05,Medium,Dealer replenishment
NAW-11285,2025-09-01,FY25 Q3,Northeast,Education,Main Street Frets,Elliot Chen,Foundry Custom,Guitar,Adirondack/Maple,10,3080.02,0.08,30800.2,15092.1,15708.1,Low,Holiday prebuild
NAW-11286,2025-09-01,FY25 Q3,Northeast,Distributor,Prairie Note,Morgan Evans,Trail Mini,Guitar,HPL/Sapele,3,463.12,0.03,1389.36,889.19,500.17,Medium,Back-to-school promotion
NAW-11287,2025-09-01,FY25 Q3,Northeast,Dealer,Main Street Frets,Riley Stone,Humidifier Kit,Accessory,Care,66,26.91,0.03,1776.06,763.71,1012.35,Medium,Holiday prebuild
NAW-11288,2025-09-01,FY25 Q3,Southeast,Distributor,Bayfront Studio Gear,Dana Hart,Hardshell Case,Accessory,Case,72,174.08,0.1,12533.76,8146.94,4386.82,High,Dealer replenishment
NAW-11289,2025-09-01,FY25 Q3,Southeast,Dealer,Desert Tone Co.,Samira Khan,Hardshell Case,Accessory,Case,75,177.95,0.08,13346.25,8675.06,4671.19,Medium,Artist clinic follow-up
NAW-11290,2025-09-01,FY25 Q3,Southeast,Artist Relations,Blue Ridge Music,Alex Rivera,Trail Mini,Guitar,HPL/Sapele,36,440.72,0,15865.92,10154.19,5711.73,Medium,Accessory attach opportunity
NAW-11291,2025-09-01,FY25 Q3,Southeast,E-commerce,Riverbend Instruments,Samira Khan,Stage Cutaway,Guitar,Spruce/Ovangkol,8,1027.19,0.03,8217.52,4848.34,3369.18,Low,Holiday prebuild
NAW-11292,2025-09-01,FY25 Q3,Southeast,Artist Relations,Lakeside Strings,Priya Shah,Trail Mini,Guitar,HPL/Sapele,14,396.65,0.1,5553.1,3553.98,1999.12,High,Accessory attach opportunity
NAW-11293,2025-09-01,FY25 Q3,Southeast,E-commerce,Metro Music Supply,Elliot Chen,Coated Lifespan Strings,Accessory,String set,46,20.14,0.05,926.44,361.31,565.13,Medium,Artist clinic follow-up
NAW-11294,2025-09-01,FY25 Q3,Southeast,E-commerce,Soundpost Music,Jordan Lee,Hardshell Case,Accessory,Case,45,187.62,0.03,8442.9,5487.89,2955.01,Low,Artist clinic follow-up
NAW-11295,2025-09-01,FY25 Q3,Southeast,Distributor,Soundpost Music,Dana Hart,Premium Strap,Accessory,Accessory,20,38.08,0.12,761.6,350.34,411.26,Medium,Holiday prebuild
NAW-11296,2025-09-01,FY25 Q3,Southeast,Distributor,Bayfront Studio Gear,Jordan Lee,Aurora Dreadnought,Guitar,Spruce/Mahogany,12,1112.86,0.03,13354.32,7745.51,5608.81,Low,Artist clinic follow-up
NAW-11297,2025-09-01,FY25 Q3,Southeast,Artist Relations,Bayfront Studio Gear,Alex Rivera,Harbor OM,Guitar,Spruce/Rosewood,26,1677.2,0,43607.2,23547.89,20059.31,Medium,Artist clinic follow-up
NAW-11298,2025-09-01,FY25 Q3,Southeast,Distributor,Copper Canyon Guitars,Casey Morgan,Summit Grand Auditorium,Guitar,Spruce/Walnut,34,1299.26,0.08,44174.84,24737.91,19436.93,Low,Accessory attach opportunity
NAW-11299,2025-09-01,FY25 Q3,Southeast,E-commerce,Main Street Frets,Riley Stone,Premium Strap,Accessory,Accessory,20,39.81,0.08,796.2,366.25,429.95,High,Dealer replenishment
NAW-11300,2025-09-01,FY25 Q3,Southeast,Education,Lakeside Strings,Morgan Evans,Foundry Custom,Guitar,Adirondack/Maple,32,2719.48,0.12,87023.36,42641.45,44381.91,Low,Accessory attach opportunity
NAW-11301,2025-09-01,FY25 Q3,Southeast,E-commerce,Copper Canyon Guitars,Dana Hart,Trail Mini,Guitar,HPL/Sapele,23,418.68,0.05,9629.64,6162.97,3466.67,Medium,Back-to-school promotion
NAW-11302,2025-09-01,FY25 Q3,Southeast,Dealer,Bayfront Studio Gear,Alex Rivera,Phosphor Bronze Strings,Accessory,String set,48,12.44,0.12,597.12,250.79,346.33,Medium,Holiday prebuild
NAW-11303,2025-09-01,FY25 Q3,Southeast,Distributor,Copper Canyon Guitars,Samira Khan,Coated Lifespan Strings,Accessory,String set,127,21.2,0,2692.4,1050.04,1642.36,Medium,Accessory attach opportunity
NAW-11304,2025-09-01,FY25 Q3,Southeast,Dealer,Soundpost Music,Elliot Chen,Stage Cutaway,Guitar,Spruce/Ovangkol,16,974.24,0.08,15587.84,9196.83,6391.01,Medium,Dealer replenishment
NAW-11305,2025-09-01,FY25 Q3,Southeast,E-commerce,Cedar Hall Music,Elliot Chen,Stage Cutaway,Guitar,Spruce/Ovangkol,5,974.24,0.08,4871.2,2874.01,1997.19,Low,Artist clinic follow-up
NAW-11306,2025-09-01,FY25 Q3,Southeast,E-commerce,Main Street Frets,Morgan Evans,Coated Lifespan Strings,Accessory,String set,97,20.14,0.05,1953.58,761.9,1191.68,High,Holiday prebuild
NAW-11307,2025-09-01,FY25 Q3,Southeast,Dealer,Bayfront Studio Gear,Dana Hart,Humidifier Kit,Accessory,Care,58,24.84,0.03,1440.72,619.51,821.21,Low,Dealer replenishment
NAW-11308,2025-09-01,FY25 Q3,Southeast,Distributor,Lakeside Strings,Morgan Evans,Summit Grand Auditorium,Guitar,Spruce/Walnut,25,1299.26,0.08,32481.5,18189.64,14291.86,High,Accessory attach opportunity
NAW-11309,2025-09-01,FY25 Q3,Southeast,Dealer,Cedar Hall Music,Jordan Lee,Phosphor Bronze Strings,Accessory,String set,39,12.44,0.12,485.16,203.77,281.39,Low,Back-to-school promotion
NAW-11310,2025-09-01,FY25 Q3,Southeast,E-commerce,Prairie Note,Dana Hart,Stage Cutaway,Guitar,Spruce/Ovangkol,17,1006.01,0.05,17102.17,10090.28,7011.89,Low,Dealer replenishment
NAW-11311,2025-09-01,FY25 Q3,Southeast,E-commerce,Blue Ridge Music,Morgan Evans,Northstar Ukulele,Instrument,Mahogany,19,308.24,0,5856.56,3572.5,2284.06,Low,Dealer replenishment
NAW-11312,2025-09-01,FY25 Q3,Southeast,Dealer,Lakeside Strings,Alex Rivera,Stage Cutaway,Guitar,Spruce/Ovangkol,18,974.24,0.08,17536.32,10346.43,7189.89,Medium,Back-to-school promotion
NAW-11313,2025-09-01,FY25 Q3,Southeast,Artist Relations,Cedar Hall Music,Morgan Evans,Summit Grand Auditorium,Guitar,Spruce/Walnut,26,1299.26,0.08,33780.76,18917.23,14863.53,Low,Dealer replenishment
NAW-11314,2025-09-01,FY25 Q3,Southeast,Dealer,Metro Music Supply,Elliot Chen,Phosphor Bronze Strings,Accessory,String set,35,13.0,0.08,455.0,191.1,263.9,High,Accessory attach opportunity
NAW-11315,2025-09-01,FY25 Q3,Southeast,Dealer,Prairie Note,Riley Stone,Hardshell Case,Accessory,Case,112,177.95,0.08,19930.4,12954.76,6975.64,High,Accessory attach opportunity
NAW-11316,2025-09-01,FY25 Q3,Midwest,Education,Blue Ridge Music,Jordan Lee,Trail Mini,Guitar,HPL/Sapele,25,392.79,0.08,9819.75,6284.64,3535.11,Low,Accessory attach opportunity
NAW-11317,2025-09-01,FY25 Q3,Midwest,Distributor,Copper Canyon Guitars,Dana Hart,Hardshell Case,Accessory,Case,102,187.38,0,19112.76,12423.29,6689.47,Medium,Back-to-school promotion
NAW-11318,2025-09-01,FY25 Q3,Midwest,Artist Relations,Blue Ridge Music,Dana Hart,Stage Cutaway,Guitar,Spruce/Ovangkol,6,995.09,0.03,5970.54,3522.62,2447.92,Low,Back-to-school promotion
NAW-11319,2025-09-01,FY25 Q3,Midwest,Dealer,Metro Music Supply,Casey Morgan,Premium Strap,Accessory,Accessory,117,41.92,0,4904.64,2256.13,2648.51,Low,Back-to-school promotion
NAW-11320,2025-09-01,FY25 Q3,Midwest,Dealer,Blue Ridge Music,Dana Hart,Aurora Dreadnought,Guitar,Spruce/Mahogany,8,1055.85,0.05,8446.8,4899.14,3547.66,Medium,Holiday prebuild
NAW-11321,2025-09-01,FY25 Q3,Midwest,E-commerce,Copper Canyon Guitars,Jordan Lee,Aurora Dreadnought,Guitar,Spruce/Mahogany,12,1078.08,0.03,12936.96,7503.44,5433.52,Low,Back-to-school promotion
NAW-11322,2025-09-01,FY25 Q3,Midwest,Artist Relations,Main Street Frets,Riley Stone,Stage Cutaway,Guitar,Spruce/Ovangkol,27,1025.86,0,27698.22,16341.95,11356.27,High,Dealer replenishment
NAW-11323,2025-09-01,FY25 Q3,Midwest,Dealer,Main Street Frets,Priya Shah,Hardshell Case,Accessory,Case,68,168.64,0.1,11467.52,7453.89,4013.63,Low,Dealer replenishment
NAW-11324,2025-09-01,FY25 Q3,Midwest,Education,Lakeside Strings,Taylor Brooks,Summit Grand Auditorium,Guitar,Spruce/Walnut,11,1299.7,0.05,14296.7,8006.15,6290.55,High,Back-to-school promotion
NAW-11325,2025-09-01,FY25 Q3,Midwest,Education,Main Street Frets,Jordan Lee,Phosphor Bronze Strings,Accessory,String set,97,12.32,0.1,1195.04,501.92,693.12,High,Artist clinic follow-up
NAW-11326,2025-09-01,FY25 Q3,Midwest,E-commerce,Metro Music Supply,Samira Khan,Summit Grand Auditorium,Guitar,Spruce/Walnut,20,1203.93,0.12,24078.6,13484.02,10594.58,Medium,Dealer replenishment
NAW-11327,2025-09-01,FY25 Q3,Midwest,E-commerce,Cedar Hall Music,Morgan Evans,Northstar Ukulele,Instrument,Mahogany,9,274.72,0.08,2472.48,1508.21,964.27,Medium,Accessory attach opportunity
NAW-11328,2025-09-01,FY25 Q3,Midwest,Distributor,Riverbend Instruments,Samira Khan,Stage Cutaway,Guitar,Spruce/Ovangkol,37,974.57,0.05,36059.09,21274.86,14784.23,High,Holiday prebuild
NAW-11329,2025-09-01,FY25 Q3,Midwest,Dealer,Lakeside Strings,Elliot Chen,Harbor OM,Guitar,Spruce/Rosewood,37,1462.31,0.1,54105.47,29216.95,24888.52,High,Holiday prebuild
NAW-11330,2025-09-01,FY25 Q3,Midwest,E-commerce,Lakeside Strings,Jordan Lee,Northstar Ukulele,Instrument,Mahogany,13,283.67,0.05,3687.71,2249.5,1438.21,Low,Artist clinic follow-up
NAW-11331,2025-09-01,FY25 Q3,Midwest,Dealer,Main Street Frets,Priya Shah,Hardshell Case,Accessory,Case,88,172.39,0.08,15170.32,9860.71,5309.61,Low,Dealer replenishment
NAW-11332,2025-09-01,FY25 Q3,Midwest,Distributor,Prairie Note,Alex Rivera,Aurora Dreadnought,Guitar,Spruce/Mahogany,9,1111.42,0,10002.78,5801.61,4201.17,Low,Accessory attach opportunity
NAW-11333,2025-09-01,FY25 Q3,Midwest,E-commerce,Prairie Note,Elliot Chen,Harbor OM,Guitar,Spruce/Rosewood,24,1494.8,0.08,35875.2,19372.61,16502.59,High,Back-to-school promotion
NAW-11334,2025-09-01,FY25 Q3,Midwest,Education,Blue Ridge Music,Elliot Chen,Trail Mini,Guitar,HPL/Sapele,25,405.6,0.05,10140.0,6489.6,3650.4,Low,Dealer replenishment
NAW-11335,2025-09-01,FY25 Q3,Midwest,Artist Relations,Lakeside Strings,Alex Rivera,Trail Mini,Guitar,HPL/Sapele,38,375.71,0.12,14276.98,9137.27,5139.71,Medium,Accessory attach opportunity
NAW-11336,2025-09-01,FY25 Q3,Midwest,Artist Relations,Pacific Pick House,Casey Morgan,Northstar Ukulele,Instrument,Mahogany,13,283.67,0.05,3687.71,2249.5,1438.21,High,Holiday prebuild
NAW-11337,2025-09-01,FY25 Q3,Midwest,Education,Copper Canyon Guitars,Dana Hart,Stage Cutaway,Guitar,Spruce/Ovangkol,10,923.28,0.1,9232.8,5447.35,3785.45,Low,Back-to-school promotion
NAW-11338,2025-09-01,FY25 Q3,Midwest,E-commerce,Desert Tone Co.,Dana Hart,Northstar Ukulele,Instrument,Mahogany,7,262.77,0.12,1839.39,1122.03,717.36,Medium,Accessory attach opportunity
NAW-11339,2025-09-01,FY25 Q3,Midwest,Distributor,Riverbend Instruments,Morgan Evans,Northstar Ukulele,Instrument,Mahogany,15,298.6,0,4479.0,2732.19,1746.81,Low,Accessory attach opportunity
NAW-11340,2025-09-01,FY25 Q3,Midwest,E-commerce,Riverbend Instruments,Morgan Evans,Stage Cutaway,Guitar,Spruce/Ovangkol,19,943.8,0.08,17932.2,10580.0,7352.2,Low,Holiday prebuild
NAW-11341,2025-09-01,FY25 Q3,Midwest,Dealer,Blue Ridge Music,Dana Hart,Harbor OM,Guitar,Spruce/Rosewood,11,1429.81,0.12,15727.91,8493.07,7234.84,Low,Holiday prebuild
NAW-11342,2025-09-01,FY25 Q3,Midwest,Dealer,Lakeside Strings,Morgan Evans,Trail Mini,Guitar,HPL/Sapele,16,414.14,0.03,6626.24,4240.79,2385.45,Low,Artist clinic follow-up
NAW-11343,2025-09-01,FY25 Q3,Midwest,Artist Relations,Prairie Note,Taylor Brooks,Trail Mini,Guitar,HPL/Sapele,32,414.14,0.03,13252.48,8481.59,4770.89,Medium,Accessory attach opportunity
NAW-11344,2025-09-01,FY25 Q3,Southwest,Artist Relations,Lakeside Strings,Priya Shah,Northstar Ukulele,Instrument,Mahogany,33,305.22,0.03,10072.26,6144.08,3928.18,Low,Artist clinic follow-up
NAW-11345,2025-09-01,FY25 Q3,Southwest,Dealer,Bayfront Studio Gear,Jordan Lee,Hardshell Case,Accessory,Case,77,177.71,0.1,13683.67,8894.39,4789.28,High,Dealer replenishment
NAW-11346,2025-09-01,FY25 Q3,Southwest,Distributor,Copper Canyon Guitars,Samira Khan,Harbor OM,Guitar,Spruce/Rosewood,21,1506.68,0.12,31640.28,17085.75,14554.53,Low,Dealer replenishment
NAW-11347,2025-09-01,FY25 Q3,Southwest,Distributor,Lakeside Strings,Taylor Brooks,Phosphor Bronze Strings,Accessory,String set,74,13.27,0.08,981.98,412.43,569.55,High,Back-to-school promotion
NAW-11348,2025-09-01,FY25 Q3,Southwest,Distributor,Blue Ridge Music,Riley Stone,Premium Strap,Accessory,Accessory,140,41.97,0.05,5875.8,2702.87,3172.93,Low,Holiday prebuild
NAW-11349,2025-09-01,FY25 Q3,Southwest,Distributor,Riverbend Instruments,Elliot Chen,Stage Cutaway,Guitar,Spruce/Ovangkol,9,1048.59,0.03,9437.31,5568.01,3869.3,Low,Dealer replenishment
NAW-11350,2025-09-01,FY25 Q3,Southwest,Artist Relations,Metro Music Supply,Dana Hart,Humidifier Kit,Accessory,Care,32,25.36,0.03,811.52,348.95,462.57,Low,Back-to-school promotion
NAW-11351,2025-09-01,FY25 Q3,Southwest,Artist Relations,Lakeside Strings,Jordan Lee,Phosphor Bronze Strings,Accessory,String set,123,13.7,0.05,1685.1,707.74,977.36,Medium,Artist clinic follow-up
NAW-11352,2025-09-01,FY25 Q3,Southwest,Artist Relations,Soundpost Music,Alex Rivera,Coated Lifespan Strings,Accessory,String set,26,20.99,0.03,545.74,212.84,332.9,Low,Dealer replenishment
NAW-11353,2025-09-01,FY25 Q3,Southwest,Distributor,Blue Ridge Music,Casey Morgan,Coated Lifespan Strings,Accessory,String set,41,19.47,0.1,798.27,311.33,486.94,Low,Artist clinic follow-up
NAW-11354,2025-09-01,FY25 Q3,Southwest,E-commerce,Main Street Frets,Taylor Brooks,Humidifier Kit,Accessory,Care,90,25.36,0.03,2282.4,981.43,1300.97,Low,Accessory attach opportunity
NAW-11355,2025-09-01,FY25 Q3,Southwest,Artist Relations,Copper Canyon Guitars,Riley Stone,Coated Lifespan Strings,Accessory,String set,54,20.99,0.03,1133.46,442.05,691.41,Medium,Holiday prebuild
NAW-11356,2025-09-01,FY25 Q3,Southwest,Dealer,Lakeside Strings,Casey Morgan,Humidifier Kit,Accessory,Care,71,26.15,0,1856.65,798.36,1058.29,Low,Accessory attach opportunity
NAW-11357,2025-09-01,FY25 Q3,Southwest,Education,Bayfront Studio Gear,Elliot Chen,Phosphor Bronze Strings,Accessory,String set,53,12.98,0.1,687.94,288.93,399.01,Medium,Holiday prebuild
NAW-11358,2025-09-01,FY25 Q3,Southwest,Dealer,Soundpost Music,Casey Morgan,Humidifier Kit,Accessory,Care,69,23.53,0.1,1623.57,698.14,925.43,High,Artist clinic follow-up
NAW-11359,2025-09-01,FY25 Q3,Southwest,Artist Relations,Lakeside Strings,Alex Rivera,Hardshell Case,Accessory,Case,95,181.65,0.08,17256.75,11216.89,6039.86,Low,Holiday prebuild
NAW-11360,2025-09-01,FY25 Q3,Southwest,E-commerce,Bayfront Studio Gear,Priya Shah,Hardshell Case,Accessory,Case,18,177.71,0.1,3198.78,2079.21,1119.57,Low,Dealer replenishment
NAW-11361,2025-09-01,FY25 Q3,Southwest,Distributor,Lakeside Strings,Dana Hart,Hardshell Case,Accessory,Case,57,191.53,0.03,10917.21,7096.19,3821.02,Medium,Accessory attach opportunity
NAW-11362,2025-09-01,FY25 Q3,Southwest,Dealer,Soundpost Music,Jordan Lee,Harbor OM,Guitar,Spruce/Rosewood,16,1626.53,0.05,26024.48,14053.22,11971.26,Low,Holiday prebuild
NAW-11363,2025-09-01,FY25 Q3,Southwest,E-commerce,Riverbend Instruments,Samira Khan,Coated Lifespan Strings,Accessory,String set,148,19.04,0.12,2817.92,1098.99,1718.93,Low,Holiday prebuild
NAW-11364,2025-09-01,FY25 Q3,Southwest,E-commerce,Pacific Pick House,Elliot Chen,Aurora Dreadnought,Guitar,Spruce/Mahogany,23,1136.04,0.03,26128.92,15154.77,10974.15,Low,Dealer replenishment
NAW-11365,2025-09-01,FY25 Q3,Southwest,Distributor,Riverbend Instruments,Samira Khan,Summit Grand Auditorium,Guitar,Spruce/Walnut,18,1398.41,0.03,25171.38,14095.97,11075.41,Low,Holiday prebuild
NAW-11366,2025-09-01,FY25 Q3,Southwest,Distributor,Desert Tone Co.,Jordan Lee,Trail Mini,Guitar,HPL/Sapele,25,413.91,0.08,10347.75,6622.56,3725.19,Low,Accessory attach opportunity
NAW-11367,2025-09-01,FY25 Q3,Southwest,Distributor,Metro Music Supply,Taylor Brooks,Premium Strap,Accessory,Accessory,72,41.97,0.05,3021.84,1390.05,1631.79,Medium,Artist clinic follow-up
NAW-11368,2025-09-01,FY25 Q3,Southwest,E-commerce,Metro Music Supply,Casey Morgan,Northstar Ukulele,Instrument,Mahogany,28,283.19,0.1,7929.32,4836.89,3092.43,Medium,Dealer replenishment
NAW-11369,2025-09-01,FY25 Q3,Southwest,Education,Blue Ridge Music,Alex Rivera,Trail Mini,Guitar,HPL/Sapele,36,436.4,0.03,15710.4,10054.66,5655.74,Medium,Dealer replenishment
NAW-11370,2025-09-01,FY25 Q3,Southwest,Education,Pacific Pick House,Dana Hart,Coated Lifespan Strings,Accessory,String set,82,20.56,0.05,1685.92,657.51,1028.41,Medium,Artist clinic follow-up
NAW-11371,2025-09-01,FY25 Q3,Southwest,Education,Copper Canyon Guitars,Casey Morgan,Summit Grand Auditorium,Guitar,Spruce/Walnut,27,1398.41,0.03,37757.07,21143.96,16613.11,Low,Accessory attach opportunity
NAW-11372,2025-09-01,FY25 Q3,West,Distributor,Desert Tone Co.,Jordan Lee,Coated Lifespan Strings,Accessory,String set,45,21.76,0.12,979.2,381.89,597.31,Medium,Holiday prebuild
NAW-11373,2025-09-01,FY25 Q3,West,Artist Relations,Cedar Hall Music,Casey Morgan,Summit Grand Auditorium,Guitar,Spruce/Walnut,8,1482.85,0.1,11862.8,6643.17,5219.63,Low,Back-to-school promotion
NAW-11374,2025-09-01,FY25 Q3,West,Distributor,Main Street Frets,Morgan Evans,Stage Cutaway,Guitar,Spruce/Ovangkol,2,1198.39,0.03,2396.78,1414.1,982.68,Low,Back-to-school promotion
NAW-11375,2025-09-01,FY25 Q3,West,Artist Relations,Main Street Frets,Samira Khan,Aurora Dreadnought,Guitar,Spruce/Mahogany,33,1298.33,0.03,42844.89,24850.04,17994.85,Medium,Dealer replenishment
NAW-11376,2025-09-01,FY25 Q3,West,Distributor,Riverbend Instruments,Jordan Lee,Coated Lifespan Strings,Accessory,String set,49,22.26,0.1,1090.74,425.39,665.35,Medium,Dealer replenishment
NAW-11377,2025-09-01,FY25 Q3,West,Education,Pacific Pick House,Priya Shah,Humidifier Kit,Accessory,Care,32,29.88,0,956.16,411.15,545.01,Low,Dealer replenishment
NAW-11378,2025-09-01,FY25 Q3,West,E-commerce,Bayfront Studio Gear,Riley Stone,Stage Cutaway,Guitar,Spruce/Ovangkol,31,1111.9,0.1,34468.9,20336.65,14132.25,High,Accessory attach opportunity
NAW-11379,2025-09-01,FY25 Q3,West,Artist Relations,Copper Canyon Guitars,Dana Hart,Foundry Custom,Guitar,Adirondack/Maple,35,3605.37,0,126187.95,61832.1,64355.85,Medium,Holiday prebuild
NAW-11380,2025-09-01,FY25 Q3,West,Distributor,Soundpost Music,Morgan Evans,Coated Lifespan Strings,Accessory,String set,60,24.73,0,1483.8,578.68,905.12,High,Accessory attach opportunity
NAW-11381,2025-09-01,FY25 Q3,West,Artist Relations,Blue Ridge Music,Casey Morgan,Hardshell Case,Accessory,Case,104,218.89,0.03,22764.56,14796.96,7967.6,Medium,Artist clinic follow-up
NAW-11382,2025-09-01,FY25 Q3,West,Artist Relations,Prairie Note,Jordan Lee,Trail Mini,Guitar,HPL/Sapele,15,473.04,0.08,7095.6,4541.18,2554.42,Low,Holiday prebuild
NAW-11383,2025-09-01,FY25 Q3,West,E-commerce,Riverbend Instruments,Jordan Lee,Premium Strap,Accessory,Accessory,156,47.97,0.05,7483.32,3442.33,4040.99,Low,Accessory attach opportunity
NAW-11384,2025-09-01,FY25 Q3,West,Dealer,Soundpost Music,Casey Morgan,Humidifier Kit,Accessory,Care,149,26.3,0.12,3918.7,1685.04,2233.66,Medium,Back-to-school promotion
NAW-11385,2025-09-01,FY25 Q3,West,E-commerce,Riverbend Instruments,Priya Shah,Northstar Ukulele,Instrument,Mahogany,7,341.63,0.05,2391.41,1458.76,932.65,Low,Holiday prebuild
NAW-11386,2025-09-01,FY25 Q3,West,Dealer,Bayfront Studio Gear,Taylor Brooks,Harbor OM,Guitar,Spruce/Rosewood,26,1956.73,0,50874.98,27472.49,23402.49,Medium,Dealer replenishment
NAW-11387,2025-09-01,FY25 Q3,West,E-commerce,Prairie Note,Samira Khan,Hardshell Case,Accessory,Case,122,203.09,0.1,24776.98,16105.04,8671.94,Medium,Holiday prebuild
NAW-11388,2025-09-01,FY25 Q3,West,Distributor,Bayfront Studio Gear,Priya Shah,Aurora Dreadnought,Guitar,Spruce/Mahogany,21,1338.49,0,28108.29,16302.81,11805.48,High,Accessory attach opportunity
NAW-11389,2025-09-01,FY25 Q3,West,Artist Relations,Desert Tone Co.,Riley Stone,Hardshell Case,Accessory,Case,129,218.89,0.03,28236.81,18353.93,9882.88,Medium,Artist clinic follow-up
NAW-11390,2025-09-01,FY25 Q3,West,Artist Relations,Lakeside Strings,Riley Stone,Phosphor Bronze Strings,Accessory,String set,134,15.17,0.08,2032.78,853.77,1179.01,Low,Back-to-school promotion
NAW-11391,2025-09-01,FY25 Q3,West,Artist Relations,Copper Canyon Guitars,Casey Morgan,Aurora Dreadnought,Guitar,Spruce/Mahogany,6,1271.57,0.05,7629.42,4425.06,3204.36,Low,Holiday prebuild
NAW-11392,2025-09-01,FY25 Q3,West,Artist Relations,Blue Ridge Music,Priya Shah,Stage Cutaway,Guitar,Spruce/Ovangkol,3,1136.61,0.08,3409.83,2011.8,1398.03,Low,Holiday prebuild
NAW-11393,2025-09-01,FY25 Q3,West,Education,Desert Tone Co.,Priya Shah,Harbor OM,Guitar,Spruce/Rosewood,35,1721.92,0.12,60267.2,32544.29,27722.91,High,Dealer replenishment
NAW-11394,2025-09-01,FY25 Q3,West,Dealer,Prairie Note,Taylor Brooks,Harbor OM,Guitar,Spruce/Rosewood,13,1956.73,0,25437.49,13736.24,11701.25,High,Artist clinic follow-up
NAW-11395,2025-09-01,FY25 Q3,West,E-commerce,Blue Ridge Music,Casey Morgan,Hardshell Case,Accessory,Case,138,225.66,0,31141.08,20241.7,10899.38,Low,Back-to-school promotion
NAW-11396,2025-09-01,FY25 Q3,West,Dealer,Main Street Frets,Taylor Brooks,Trail Mini,Guitar,HPL/Sapele,15,452.47,0.12,6787.05,4343.71,2443.34,Low,Holiday prebuild
NAW-11397,2025-09-01,FY25 Q3,West,Education,Soundpost Music,Elliot Chen,Summit Grand Auditorium,Guitar,Spruce/Walnut,20,1647.61,0,32952.2,18453.23,14498.97,Medium,Back-to-school promotion
NAW-11398,2025-09-01,FY25 Q3,West,Education,Bayfront Studio Gear,Elliot Chen,Hardshell Case,Accessory,Case,44,203.09,0.1,8935.96,5808.37,3127.59,Low,Holiday prebuild
NAW-11399,2025-09-01,FY25 Q3,West,Distributor,Soundpost Music,Alex Rivera,Coated Lifespan Strings,Accessory,String set,147,22.75,0.08,3344.25,1304.26,2039.99,Low,Accessory attach opportunity
NAW-11400,2025-10-01,FY25 Q4,Northeast,Artist Relations,Lakeside Strings,Alex Rivera,Northstar Ukulele,Instrument,Mahogany,15,310.79,0.08,4661.85,2843.73,1818.12,Medium,Holiday prebuild
NAW-11401,2025-10-01,FY25 Q4,Northeast,Artist Relations,Riverbend Instruments,Riley Stone,Premium Strap,Accessory,Accessory,36,42.69,0.1,1536.84,706.95,829.89,Medium,Artist clinic follow-up
NAW-11402,2025-10-01,FY25 Q4,Northeast,Education,Metro Music Supply,Casey Morgan,Humidifier Kit,Accessory,Care,19,25.26,0.1,479.94,206.37,273.57,Medium,Holiday prebuild
NAW-11403,2025-10-01,FY25 Q4,Northeast,Artist Relations,Bayfront Studio Gear,Dana Hart,Premium Strap,Accessory,Accessory,36,41.74,0.12,1502.64,691.21,811.43,High,Artist clinic follow-up
NAW-11404,2025-10-01,FY25 Q4,Northeast,E-commerce,Cedar Hall Music,Samira Khan,Premium Strap,Accessory,Accessory,125,47.43,0,5928.75,2727.22,3201.53,Medium,Accessory attach opportunity
NAW-11405,2025-10-01,FY25 Q4,Northeast,Dealer,Lakeside Strings,Taylor Brooks,Summit Grand Auditorium,Guitar,Spruce/Walnut,4,1423.93,0.08,5695.72,3189.6,2506.12,Low,Artist clinic follow-up
NAW-11406,2025-10-01,FY25 Q4,Northeast,Education,Lakeside Strings,Taylor Brooks,Summit Grand Auditorium,Guitar,Spruce/Walnut,18,1392.97,0.1,25073.46,14041.14,11032.32,Low,Back-to-school promotion
NAW-11407,2025-10-01,FY25 Q4,Northeast,Distributor,Pacific Pick House,Riley Stone,Stage Cutaway,Guitar,Spruce/Ovangkol,33,1125.75,0.03,37149.75,21918.35,15231.4,Medium,Dealer replenishment
NAW-11408,2025-10-01,FY25 Q4,Northeast,Artist Relations,Blue Ridge Music,Dana Hart,Aurora Dreadnought,Guitar,Spruce/Mahogany,33,1106.48,0.12,36513.84,21178.03,15335.81,Low,Back-to-school promotion
NAW-11409,2025-10-01,FY25 Q4,Northeast,E-commerce,Lakeside Strings,Taylor Brooks,Stage Cutaway,Guitar,Spruce/Ovangkol,32,1021.3,0.12,32681.6,19282.14,13399.46,High,Accessory attach opportunity
NAW-11410,2025-10-01,FY25 Q4,Northeast,Distributor,Riverbend Instruments,Jordan Lee,Stage Cutaway,Guitar,Spruce/Ovangkol,23,1160.57,0,26693.11,15748.93,10944.18,Low,Accessory attach opportunity
NAW-11411,2025-10-01,FY25 Q4,Northeast,E-commerce,Soundpost Music,Priya Shah,Northstar Ukulele,Instrument,Mahogany,5,310.79,0.08,1553.95,947.91,606.04,High,Dealer replenishment
NAW-11412,2025-10-01,FY25 Q4,Northeast,Artist Relations,Lakeside Strings,Elliot Chen,Foundry Custom,Guitar,Adirondack/Maple,16,3386.85,0,54189.6,26552.9,27636.7,Low,Artist clinic follow-up
NAW-11413,2025-10-01,FY25 Q4,Northeast,Artist Relations,Cedar Hall Music,Priya Shah,Coated Lifespan Strings,Accessory,String set,108,23.23,0,2508.84,978.45,1530.39,Low,Dealer replenishment
NAW-11414,2025-10-01,FY25 Q4,Northeast,E-commerce,Main Street Frets,Casey Morgan,Stage Cutaway,Guitar,Spruce/Ovangkol,19,1044.51,0.1,19845.69,11708.96,8136.73,High,Back-to-school promotion
NAW-11415,2025-10-01,FY25 Q4,Northeast,E-commerce,Soundpost Music,Morgan Evans,Humidifier Kit,Accessory,Care,67,26.67,0.05,1786.89,768.36,1018.53,Medium,Holiday prebuild
NAW-11416,2025-10-01,FY25 Q4,Northeast,Artist Relations,Blue Ridge Music,Elliot Chen,Harbor OM,Guitar,Spruce/Rosewood,8,1617.56,0.12,12940.48,6987.86,5952.62,Medium,Dealer replenishment
NAW-11417,2025-10-01,FY25 Q4,Northeast,E-commerce,Metro Music Supply,Morgan Evans,Hardshell Case,Accessory,Case,123,205.62,0.03,25291.26,16439.32,8851.94,Low,Holiday prebuild
NAW-11418,2025-10-01,FY25 Q4,Northeast,E-commerce,Metro Music Supply,Morgan Evans,Northstar Ukulele,Instrument,Mahogany,4,297.28,0.12,1189.12,725.36,463.76,Medium,Artist clinic follow-up
NAW-11419,2025-10-01,FY25 Q4,Northeast,Education,Prairie Note,Jordan Lee,Harbor OM,Guitar,Spruce/Rosewood,8,1782.99,0.03,14263.92,7702.52,6561.4,Medium,Holiday prebuild
NAW-11420,2025-10-01,FY25 Q4,Northeast,Distributor,Blue Ridge Music,Dana Hart,Premium Strap,Accessory,Accessory,143,43.64,0.08,6240.52,2870.64,3369.88,Medium,Dealer replenishment
NAW-11421,2025-10-01,FY25 Q4,Northeast,Distributor,Lakeside Strings,Taylor Brooks,Northstar Ukulele,Instrument,Mahogany,30,304.03,0.1,9120.9,5563.75,3557.15,Medium,Artist clinic follow-up
NAW-11422,2025-10-01,FY25 Q4,Northeast,Distributor,Cedar Hall Music,Samira Khan,Summit Grand Auditorium,Guitar,Spruce/Walnut,26,1470.36,0.05,38229.36,21408.44,16820.92,Low,Holiday prebuild
NAW-11423,2025-10-01,FY25 Q4,Northeast,Distributor,Main Street Frets,Casey Morgan,Phosphor Bronze Strings,Accessory,String set,34,13.63,0.12,463.42,194.64,268.78,Low,Holiday prebuild
NAW-11424,2025-10-01,FY25 Q4,Northeast,Dealer,Riverbend Instruments,Alex Rivera,Foundry Custom,Guitar,Adirondack/Maple,7,3115.9,0.08,21811.3,10687.54,11123.76,Medium,Back-to-school promotion
NAW-11425,2025-10-01,FY25 Q4,Northeast,Artist Relations,Riverbend Instruments,Taylor Brooks,Coated Lifespan Strings,Accessory,String set,73,22.53,0.03,1644.69,641.43,1003.26,Low,Artist clinic follow-up
NAW-11426,2025-10-01,FY25 Q4,Northeast,Artist Relations,Cedar Hall Music,Alex Rivera,Humidifier Kit,Accessory,Care,120,26.67,0.05,3200.4,1376.17,1824.23,High,Back-to-school promotion
NAW-11427,2025-10-01,FY25 Q4,Northeast,E-commerce,Soundpost Music,Morgan Evans,Premium Strap,Accessory,Accessory,154,47.43,0,7304.22,3359.94,3944.28,Medium,Artist clinic follow-up
NAW-11428,2025-10-01,FY25 Q4,Southeast,Education,Metro Music Supply,Riley Stone,Foundry Custom,Guitar,Adirondack/Maple,24,2813.69,0.1,67528.56,33088.99,34439.57,Low,Back-to-school promotion
NAW-11429,2025-10-01,FY25 Q4,Southeast,Dealer,Metro Music Supply,Casey Morgan,Northstar Ukulele,Instrument,Mahogany,2,280.64,0.1,561.28,342.38,218.9,Medium,Back-to-school promotion
NAW-11430,2025-10-01,FY25 Q4,Southeast,E-commerce,Prairie Note,Casey Morgan,Premium Strap,Accessory,Accessory,126,41.59,0.05,5240.34,2410.56,2829.78,Low,Accessory attach opportunity
NAW-11431,2025-10-01,FY25 Q4,Southeast,Distributor,Riverbend Instruments,Casey Morgan,Summit Grand Auditorium,Guitar,Spruce/Walnut,34,1285.82,0.1,43717.88,24482.01,19235.87,High,Accessory attach opportunity
NAW-11432,2025-10-01,FY25 Q4,Southeast,Distributor,Riverbend Instruments,Jordan Lee,Premium Strap,Accessory,Accessory,77,41.59,0.05,3202.43,1473.12,1729.31,Medium,Artist clinic follow-up
NAW-11433,2025-10-01,FY25 Q4,Southeast,Distributor,Soundpost Music,Samira Khan,Summit Grand Auditorium,Guitar,Spruce/Walnut,11,1428.69,0,15715.59,8800.73,6914.86,High,Accessory attach opportunity
NAW-11434,2025-10-01,FY25 Q4,Southeast,E-commerce,Pacific Pick House,Elliot Chen,Stage Cutaway,Guitar,Spruce/Ovangkol,23,1071.29,0,24639.67,14537.41,10102.26,Low,Artist clinic follow-up
NAW-11435,2025-10-01,FY25 Q4,Southeast,Dealer,Cedar Hall Music,Dana Hart,Stage Cutaway,Guitar,Spruce/Ovangkol,31,1017.73,0.05,31549.63,18614.28,12935.35,Low,Holiday prebuild
NAW-11436,2025-10-01,FY25 Q4,Southeast,E-commerce,Soundpost Music,Samira Khan,Premium Strap,Accessory,Accessory,134,41.59,0.05,5573.06,2563.61,3009.45,Medium,Artist clinic follow-up
NAW-11437,2025-10-01,FY25 Q4,Southeast,Artist Relations,Copper Canyon Guitars,Morgan Evans,Aurora Dreadnought,Guitar,Spruce/Mahogany,26,1102.61,0.05,28667.86,16627.36,12040.5,Medium,Accessory attach opportunity
NAW-11438,2025-10-01,FY25 Q4,Southeast,Education,Desert Tone Co.,Casey Morgan,Stage Cutaway,Guitar,Spruce/Ovangkol,34,1039.15,0.03,35331.1,20845.35,14485.75,High,Dealer replenishment
NAW-11439,2025-10-01,FY25 Q4,Southeast,Education,Soundpost Music,Alex Rivera,Coated Lifespan Strings,Accessory,String set,62,19.3,0.1,1196.6,466.67,729.93,Low,Holiday prebuild
NAW-11440,2025-10-01,FY25 Q4,Southeast,Education,Metro Music Supply,Elliot Chen,Hardshell Case,Accessory,Case,87,180.02,0.08,15661.74,10180.13,5481.61,Low,Artist clinic follow-up
NAW-11441,2025-10-01,FY25 Q4,Southeast,Dealer,Copper Canyon Guitars,Priya Shah,Harbor OM,Guitar,Spruce/Rosewood,29,1561.0,0.08,45269.0,24445.26,20823.74,Medium,Artist clinic follow-up
NAW-11442,2025-10-01,FY25 Q4,Southeast,Distributor,Pacific Pick House,Dana Hart,Stage Cutaway,Guitar,Spruce/Ovangkol,38,1017.73,0.05,38673.74,22817.51,15856.23,Medium,Dealer replenishment
NAW-11443,2025-10-01,FY25 Q4,Southeast,Education,Pacific Pick House,Casey Morgan,Aurora Dreadnought,Guitar,Spruce/Mahogany,28,1021.37,0.12,28598.36,16587.05,12011.31,Medium,Dealer replenishment
NAW-11444,2025-10-01,FY25 Q4,Southeast,Dealer,Copper Canyon Guitars,Dana Hart,Stage Cutaway,Guitar,Spruce/Ovangkol,7,964.16,0.1,6749.12,3981.98,2767.14,High,Dealer replenishment
NAW-11445,2025-10-01,FY25 Q4,Southeast,Distributor,Desert Tone Co.,Casey Morgan,Humidifier Kit,Accessory,Care,155,23.32,0.1,3614.6,1554.28,2060.32,High,Accessory attach opportunity
NAW-11446,2025-10-01,FY25 Q4,Southeast,Artist Relations,Main Street Frets,Samira Khan,Premium Strap,Accessory,Accessory,61,40.28,0.08,2457.08,1130.26,1326.82,Medium,Accessory attach opportunity
NAW-11447,2025-10-01,FY25 Q4,Southeast,Distributor,Copper Canyon Guitars,Casey Morgan,Humidifier Kit,Accessory,Care,54,24.62,0.05,1329.48,571.68,757.8,High,Back-to-school promotion
NAW-11448,2025-10-01,FY25 Q4,Southeast,Education,Lakeside Strings,Morgan Evans,Northstar Ukulele,Instrument,Mahogany,17,286.88,0.08,4876.96,2974.95,1902.01,Medium,Back-to-school promotion
NAW-11449,2025-10-01,FY25 Q4,Southeast,E-commerce,Prairie Note,Samira Khan,Hardshell Case,Accessory,Case,45,180.02,0.08,8100.9,5265.59,2835.31,High,Back-to-school promotion
NAW-11450,2025-10-01,FY25 Q4,Southeast,Artist Relations,Copper Canyon Guitars,Morgan Evans,Foundry Custom,Guitar,Adirondack/Maple,11,2813.69,0.1,30950.59,15165.79,15784.8,High,Artist clinic follow-up
NAW-11451,2025-10-01,FY25 Q4,Southeast,Dealer,Blue Ridge Music,Alex Rivera,Premium Strap,Accessory,Accessory,153,43.78,0,6698.34,3081.24,3617.1,Medium,Artist clinic follow-up
NAW-11452,2025-10-01,FY25 Q4,Southeast,Education,Soundpost Music,Casey Morgan,Phosphor Bronze Strings,Accessory,String set,31,13.15,0.08,407.65,171.21,236.44,Medium,Accessory attach opportunity
NAW-11453,2025-10-01,FY25 Q4,Southeast,Distributor,Desert Tone Co.,Priya Shah,Aurora Dreadnought,Guitar,Spruce/Mahogany,29,1102.61,0.05,31975.69,18545.9,13429.79,High,Artist clinic follow-up
NAW-11454,2025-10-01,FY25 Q4,Southeast,E-commerce,Cedar Hall Music,Jordan Lee,Humidifier Kit,Accessory,Care,74,23.32,0.1,1725.68,742.04,983.64,Medium,Holiday prebuild
NAW-11455,2025-10-01,FY25 Q4,Southeast,Distributor,Lakeside Strings,Samira Khan,Aurora Dreadnought,Guitar,Spruce/Mahogany,30,1160.64,0,34819.2,20195.14,14624.06,Medium,Back-to-school promotion
NAW-11456,2025-10-01,FY25 Q4,Midwest,Distributor,Riverbend Instruments,Taylor Brooks,Summit Grand Auditorium,Guitar,Spruce/Walnut,12,1342.52,0.03,16110.24,9021.73,7088.51,High,Artist clinic follow-up
NAW-11457,2025-10-01,FY25 Q4,Midwest,Artist Relations,Lakeside Strings,Riley Stone,Hardshell Case,Accessory,Case,130,174.39,0.08,22670.7,14735.96,7934.74,Low,Holiday prebuild
NAW-11458,2025-10-01,FY25 Q4,Midwest,Education,Desert Tone Co.,Elliot Chen,Hardshell Case,Accessory,Case,18,166.81,0.12,3002.58,1951.68,1050.9,Low,Back-to-school promotion
NAW-11459,2025-10-01,FY25 Q4,Midwest,E-commerce,Blue Ridge Music,Priya Shah,Trail Mini,Guitar,HPL/Sapele,30,431.92,0,12957.6,8292.86,4664.74,High,Holiday prebuild
NAW-11460,2025-10-01,FY25 Q4,Midwest,E-commerce,Main Street Frets,Riley Stone,Phosphor Bronze Strings,Accessory,String set,83,12.46,0.1,1034.18,434.36,599.82,Medium,Accessory attach opportunity
NAW-11461,2025-10-01,FY25 Q4,Midwest,E-commerce,Cedar Hall Music,Riley Stone,Northstar Ukulele,Instrument,Mahogany,7,293.02,0.03,2051.14,1251.2,799.94,Medium,Dealer replenishment
NAW-11462,2025-10-01,FY25 Q4,Midwest,Dealer,Copper Canyon Guitars,Taylor Brooks,Stage Cutaway,Guitar,Spruce/Ovangkol,38,985.92,0.05,37464.96,22104.33,15360.63,Medium,Dealer replenishment
NAW-11463,2025-10-01,FY25 Q4,Midwest,E-commerce,Metro Music Supply,Samira Khan,Foundry Custom,Guitar,Adirondack/Maple,3,2786.33,0.08,8358.99,4095.91,4263.08,Medium,Accessory attach opportunity
NAW-11464,2025-10-01,FY25 Q4,Midwest,Distributor,Pacific Pick House,Riley Stone,Aurora Dreadnought,Guitar,Spruce/Mahogany,20,1124.37,0,22487.4,13042.69,9444.71,Low,Holiday prebuild
NAW-11465,2025-10-01,FY25 Q4,Midwest,Artist Relations,Pacific Pick House,Priya Shah,Harbor OM,Guitar,Spruce/Rosewood,20,1446.47,0.12,28929.4,15621.88,13307.52,Medium,Dealer replenishment
NAW-11466,2025-10-01,FY25 Q4,Midwest,Education,Riverbend Instruments,Priya Shah,Stage Cutaway,Guitar,Spruce/Ovangkol,32,954.79,0.08,30553.28,18026.44,12526.84,High,Back-to-school promotion
NAW-11467,2025-10-01,FY25 Q4,Midwest,Education,Main Street Frets,Priya Shah,Coated Lifespan Strings,Accessory,String set,45,20.15,0.03,906.75,353.63,553.12,Medium,Artist clinic follow-up
NAW-11468,2025-10-01,FY25 Q4,Midwest,Artist Relations,Prairie Note,Samira Khan,Hardshell Case,Accessory,Case,104,180.08,0.05,18728.32,12173.41,6554.91,High,Back-to-school promotion
NAW-11469,2025-10-01,FY25 Q4,Midwest,Dealer,Soundpost Music,Dana Hart,Stage Cutaway,Guitar,Spruce/Ovangkol,4,1006.68,0.03,4026.72,2375.76,1650.96,Medium,Dealer replenishment
NAW-11470,2025-10-01,FY25 Q4,Midwest,Artist Relations,Riverbend Instruments,Dana Hart,Premium Strap,Accessory,Accessory,65,41.14,0.03,2674.1,1230.09,1444.01,Low,Holiday prebuild
NAW-11471,2025-10-01,FY25 Q4,Midwest,Dealer,Prairie Note,Morgan Evans,Phosphor Bronze Strings,Accessory,String set,146,13.16,0.05,1921.36,806.97,1114.39,High,Artist clinic follow-up
NAW-11472,2025-10-01,FY25 Q4,Midwest,Education,Soundpost Music,Morgan Evans,Summit Grand Auditorium,Guitar,Spruce/Walnut,26,1273.32,0.08,33106.32,18539.54,14566.78,Medium,Artist clinic follow-up
NAW-11473,2025-10-01,FY25 Q4,Midwest,Dealer,Riverbend Instruments,Riley Stone,Aurora Dreadnought,Guitar,Spruce/Mahogany,10,989.45,0.12,9894.5,5738.81,4155.69,Medium,Accessory attach opportunity
NAW-11474,2025-10-01,FY25 Q4,Midwest,Education,Main Street Frets,Casey Morgan,Premium Strap,Accessory,Accessory,132,39.02,0.08,5150.64,2369.29,2781.35,Medium,Dealer replenishment
NAW-11475,2025-10-01,FY25 Q4,Midwest,Dealer,Riverbend Instruments,Dana Hart,Foundry Custom,Guitar,Adirondack/Maple,36,2725.76,0.1,98127.36,48082.41,50044.95,Medium,Back-to-school promotion
NAW-11476,2025-10-01,FY25 Q4,Midwest,Education,Desert Tone Co.,Priya Shah,Foundry Custom,Guitar,Adirondack/Maple,20,3028.62,0,60572.4,29680.48,30891.92,High,Holiday prebuild
NAW-11477,2025-10-01,FY25 Q4,Midwest,Dealer,Cedar Hall Music,Jordan Lee,Hardshell Case,Accessory,Case,55,170.6,0.1,9383.0,6098.95,3284.05,Medium,Accessory attach opportunity
NAW-11478,2025-10-01,FY25 Q4,Midwest,Artist Relations,Cedar Hall Music,Samira Khan,Stage Cutaway,Guitar,Spruce/Ovangkol,5,1006.68,0.03,5033.4,2969.71,2063.69,High,Accessory attach opportunity
NAW-11479,2025-10-01,FY25 Q4,Midwest,Artist Relations,Blue Ridge Music,Morgan Evans,Stage Cutaway,Guitar,Spruce/Ovangkol,23,985.92,0.05,22676.16,13378.93,9297.23,Low,Dealer replenishment
NAW-11480,2025-10-01,FY25 Q4,Midwest,E-commerce,Soundpost Music,Jordan Lee,Trail Mini,Guitar,HPL/Sapele,21,380.09,0.12,7981.89,5108.41,2873.48,Medium,Accessory attach opportunity
NAW-11481,2025-10-01,FY25 Q4,Midwest,Dealer,Desert Tone Co.,Elliot Chen,Coated Lifespan Strings,Accessory,String set,125,20.15,0.03,2518.75,982.31,1536.44,Low,Holiday prebuild
NAW-11482,2025-10-01,FY25 Q4,Midwest,E-commerce,Metro Music Supply,Elliot Chen,Coated Lifespan Strings,Accessory,String set,151,18.7,0.1,2823.7,1101.24,1722.46,Low,Back-to-school promotion
NAW-11483,2025-10-01,FY25 Q4,Midwest,Education,Soundpost Music,Riley Stone,Summit Grand Auditorium,Guitar,Spruce/Walnut,18,1342.52,0.03,24165.36,13532.6,10632.76,Medium,Accessory attach opportunity
NAW-11484,2025-10-01,FY25 Q4,Southwest,Education,Bayfront Studio Gear,Taylor Brooks,Phosphor Bronze Strings,Accessory,String set,47,13.86,0.05,651.42,273.6,377.82,Low,Dealer replenishment
NAW-11485,2025-10-01,FY25 Q4,Southwest,Artist Relations,Cedar Hall Music,Taylor Brooks,Northstar Ukulele,Instrument,Mahogany,3,302.41,0.05,907.23,553.41,353.82,High,Artist clinic follow-up
NAW-11486,2025-10-01,FY25 Q4,Southwest,Distributor,Soundpost Music,Riley Stone,Stage Cutaway,Guitar,Spruce/Ovangkol,14,1006.12,0.08,14085.68,8310.55,5775.13,Medium,Dealer replenishment
NAW-11487,2025-10-01,FY25 Q4,Southwest,Education,Blue Ridge Music,Dana Hart,Humidifier Kit,Accessory,Care,74,23.28,0.12,1722.72,740.77,981.95,Low,Artist clinic follow-up
NAW-11488,2025-10-01,FY25 Q4,Southwest,E-commerce,Soundpost Music,Jordan Lee,Premium Strap,Accessory,Accessory,36,41.12,0.08,1480.32,680.95,799.37,Low,Back-to-school promotion
NAW-11489,2025-10-01,FY25 Q4,Southwest,Dealer,Prairie Note,Jordan Lee,Premium Strap,Accessory,Accessory,50,40.22,0.1,2011.0,925.06,1085.94,Low,Back-to-school promotion
NAW-11490,2025-10-01,FY25 Q4,Southwest,Distributor,Lakeside Strings,Elliot Chen,Phosphor Bronze Strings,Accessory,String set,66,13.86,0.05,914.76,384.2,530.56,High,Holiday prebuild
NAW-11491,2025-10-01,FY25 Q4,Southwest,Artist Relations,Bayfront Studio Gear,Morgan Evans,Trail Mini,Guitar,HPL/Sapele,20,455.14,0,9102.8,5825.79,3277.01,Low,Accessory attach opportunity
NAW-11492,2025-10-01,FY25 Q4,Southwest,Dealer,Copper Canyon Guitars,Samira Khan,Summit Grand Auditorium,Guitar,Spruce/Walnut,3,1414.7,0.03,4244.1,2376.7,1867.4,Low,Holiday prebuild
NAW-11493,2025-10-01,FY25 Q4,Southwest,Education,Copper Canyon Guitars,Priya Shah,Premium Strap,Accessory,Accessory,88,44.69,0,3932.72,1809.05,2123.67,High,Back-to-school promotion
NAW-11494,2025-10-01,FY25 Q4,Southwest,Distributor,Blue Ridge Music,Jordan Lee,Phosphor Bronze Strings,Accessory,String set,86,14.59,0,1254.74,526.99,727.75,Low,Dealer replenishment
NAW-11495,2025-10-01,FY25 Q4,Southwest,Education,Copper Canyon Guitars,Elliot Chen,Premium Strap,Accessory,Accessory,45,43.35,0.03,1950.75,897.34,1053.41,Medium,Dealer replenishment
NAW-11496,2025-10-01,FY25 Q4,Southwest,Artist Relations,Riverbend Instruments,Dana Hart,Northstar Ukulele,Instrument,Mahogany,37,292.86,0.08,10835.82,6609.85,4225.97,Medium,Artist clinic follow-up
NAW-11497,2025-10-01,FY25 Q4,Southwest,Education,Bayfront Studio Gear,Morgan Evans,Humidifier Kit,Accessory,Care,84,23.28,0.12,1955.52,840.87,1114.65,High,Accessory attach opportunity
NAW-11498,2025-10-01,FY25 Q4,Southwest,Distributor,Pacific Pick House,Priya Shah,Summit Grand Auditorium,Guitar,Spruce/Walnut,10,1414.7,0.03,14147.0,7922.32,6224.68,High,Artist clinic follow-up
NAW-11499,2025-10-01,FY25 Q4,Southwest,E-commerce,Desert Tone Co.,Priya Shah,Premium Strap,Accessory,Accessory,40,44.69,0,1787.6,822.3,965.3,High,Back-to-school promotion
NAW-11500,2025-10-01,FY25 Q4,Southwest,E-commerce,Prairie Note,Taylor Brooks,Harbor OM,Guitar,Spruce/Rosewood,30,1524.23,0.12,45726.9,24692.53,21034.37,Medium,Accessory attach opportunity
NAW-11501,2025-10-01,FY25 Q4,Southwest,Dealer,Prairie Note,Casey Morgan,Summit Grand Auditorium,Guitar,Spruce/Walnut,34,1341.78,0.08,45620.52,25547.49,20073.03,Medium,Holiday prebuild
NAW-11502,2025-10-01,FY25 Q4,Southwest,E-commerce,Prairie Note,Elliot Chen,Aurora Dreadnought,Guitar,Spruce/Mahogany,25,1125.58,0.05,28139.5,16320.91,11818.59,Low,Dealer replenishment
NAW-11503,2025-10-01,FY25 Q4,Southwest,Artist Relations,Soundpost Music,Dana Hart,Trail Mini,Guitar,HPL/Sapele,23,409.63,0.1,9421.49,6029.75,3391.74,Low,Artist clinic follow-up
NAW-11504,2025-10-01,FY25 Q4,Southwest,Distributor,Bayfront Studio Gear,Morgan Evans,Trail Mini,Guitar,HPL/Sapele,34,432.38,0.05,14700.92,9408.59,5292.33,High,Accessory attach opportunity
NAW-11505,2025-10-01,FY25 Q4,Southwest,Distributor,Riverbend Instruments,Samira Khan,Coated Lifespan Strings,Accessory,String set,145,20.8,0.05,3016.0,1176.24,1839.76,Medium,Accessory attach opportunity
NAW-11506,2025-10-01,FY25 Q4,Southwest,Dealer,Lakeside Strings,Priya Shah,Foundry Custom,Guitar,Adirondack/Maple,29,3191.45,0,92552.05,45350.5,47201.55,High,Holiday prebuild
NAW-11507,2025-10-01,FY25 Q4,Southwest,Artist Relations,Cedar Hall Music,Jordan Lee,Foundry Custom,Guitar,Adirondack/Maple,9,2936.13,0.08,26425.17,12948.33,13476.84,Low,Back-to-school promotion
NAW-11508,2025-10-01,FY25 Q4,Southwest,Artist Relations,Main Street Frets,Riley Stone,Phosphor Bronze Strings,Accessory,String set,43,14.16,0.03,608.88,255.73,353.15,Low,Holiday prebuild
NAW-11509,2025-10-01,FY25 Q4,Southwest,Education,Prairie Note,Priya Shah,Premium Strap,Accessory,Accessory,30,41.12,0.08,1233.6,567.46,666.14,Medium,Back-to-school promotion
NAW-11510,2025-10-01,FY25 Q4,Southwest,Artist Relations,Main Street Frets,Riley Stone,Phosphor Bronze Strings,Accessory,String set,23,12.84,0.12,295.32,124.03,171.29,Medium,Back-to-school promotion
NAW-11511,2025-10-01,FY25 Q4,Southwest,Dealer,Lakeside Strings,Casey Morgan,Trail Mini,Guitar,HPL/Sapele,38,400.52,0.12,15219.76,9740.65,5479.11,Low,Dealer replenishment
NAW-11512,2025-10-01,FY25 Q4,West,E-commerce,Main Street Frets,Riley Stone,Stage Cutaway,Guitar,Spruce/Ovangkol,21,1187.35,0.05,24934.35,14711.27,10223.08,Low,Artist clinic follow-up
NAW-11513,2025-10-01,FY25 Q4,West,Dealer,Bayfront Studio Gear,Taylor Brooks,Trail Mini,Guitar,HPL/Sapele,31,504.55,0.03,15641.05,10010.27,5630.78,Low,Holiday prebuild
NAW-11514,2025-10-01,FY25 Q4,West,Distributor,Pacific Pick House,Taylor Brooks,Phosphor Bronze Strings,Accessory,String set,103,15.34,0.08,1580.02,663.61,916.41,Low,Holiday prebuild
NAW-11515,2025-10-01,FY25 Q4,West,Education,Lakeside Strings,Elliot Chen,Phosphor Bronze Strings,Accessory,String set,83,14.68,0.12,1218.44,511.74,706.7,Medium,Dealer replenishment
NAW-11516,2025-10-01,FY25 Q4,West,Dealer,Soundpost Music,Priya Shah,Foundry Custom,Guitar,Adirondack/Maple,7,3355.58,0.08,23489.06,11509.64,11979.42,High,Dealer replenishment
NAW-11517,2025-10-01,FY25 Q4,West,Artist Relations,Bayfront Studio Gear,Samira Khan,Trail Mini,Guitar,HPL/Sapele,5,520.16,0,2600.8,1664.51,936.29,Medium,Artist clinic follow-up
NAW-11518,2025-10-01,FY25 Q4,West,Dealer,Bayfront Studio Gear,Casey Morgan,Hardshell Case,Accessory,Case,48,210.02,0.08,10080.96,6552.62,3528.34,High,Back-to-school promotion
NAW-11519,2025-10-01,FY25 Q4,West,Distributor,Metro Music Supply,Riley Stone,Hardshell Case,Accessory,Case,32,221.44,0.03,7086.08,4605.95,2480.13,High,Holiday prebuild
NAW-11520,2025-10-01,FY25 Q4,West,Dealer,Riverbend Instruments,Casey Morgan,Phosphor Bronze Strings,Accessory,String set,102,16.68,0,1701.36,714.57,986.79,Medium,Holiday prebuild
NAW-11521,2025-10-01,FY25 Q4,West,Artist Relations,Prairie Note,Jordan Lee,Summit Grand Auditorium,Guitar,Spruce/Walnut,15,1616.8,0.03,24252.0,13581.12,10670.88,Medium,Back-to-school promotion
NAW-11522,2025-10-01,FY25 Q4,West,Distributor,Copper Canyon Guitars,Elliot Chen,Harbor OM,Guitar,Spruce/Rosewood,26,1920.14,0.03,49923.64,26958.77,22964.87,High,Accessory attach opportunity
NAW-11523,2025-10-01,FY25 Q4,West,E-commerce,Soundpost Music,Alex Rivera,Trail Mini,Guitar,HPL/Sapele,37,494.15,0.05,18283.55,11701.47,6582.08,High,Back-to-school promotion
NAW-11524,2025-10-01,FY25 Q4,West,Distributor,Riverbend Instruments,Casey Morgan,Northstar Ukulele,Instrument,Mahogany,6,320.14,0.12,1920.84,1171.71,749.13,Medium,Holiday prebuild
NAW-11525,2025-10-01,FY25 Q4,West,Education,Blue Ridge Music,Riley Stone,Trail Mini,Guitar,HPL/Sapele,37,478.55,0.08,17706.35,11332.06,6374.29,Low,Back-to-school promotion
NAW-11526,2025-10-01,FY25 Q4,West,Dealer,Desert Tone Co.,Taylor Brooks,Phosphor Bronze Strings,Accessory,String set,51,15.34,0.08,782.34,328.58,453.76,Low,Dealer replenishment
NAW-11527,2025-10-01,FY25 Q4,West,Education,Cedar Hall Music,Riley Stone,Humidifier Kit,Accessory,Care,115,29.32,0.03,3371.8,1449.87,1921.93,Medium,Holiday prebuild
NAW-11528,2025-10-01,FY25 Q4,West,E-commerce,Soundpost Music,Taylor Brooks,Summit Grand Auditorium,Guitar,Spruce/Walnut,35,1616.8,0.03,56588.0,31689.28,24898.72,Low,Artist clinic follow-up
NAW-11529,2025-10-01,FY25 Q4,West,Dealer,Riverbend Instruments,Samira Khan,Humidifier Kit,Accessory,Care,98,26.6,0.12,2606.8,1120.92,1485.88,Low,Accessory attach opportunity
NAW-11530,2025-10-01,FY25 Q4,West,Artist Relations,Riverbend Instruments,Priya Shah,Trail Mini,Guitar,HPL/Sapele,14,478.55,0.08,6699.7,4287.81,2411.89,Low,Dealer replenishment
NAW-11531,2025-10-01,FY25 Q4,West,E-commerce,Pacific Pick House,Samira Khan,Coated Lifespan Strings,Accessory,String set,43,25.02,0,1075.86,419.59,656.27,High,Artist clinic follow-up
NAW-11532,2025-10-01,FY25 Q4,West,Distributor,Prairie Note,Riley Stone,Aurora Dreadnought,Guitar,Spruce/Mahogany,4,1354.08,0,5416.32,3141.47,2274.85,Medium,Back-to-school promotion
NAW-11533,2025-10-01,FY25 Q4,West,Dealer,Metro Music Supply,Riley Stone,Trail Mini,Guitar,HPL/Sapele,31,520.16,0,16124.96,10319.97,5804.99,Low,Holiday prebuild
NAW-11534,2025-10-01,FY25 Q4,West,E-commerce,Lakeside Strings,Priya Shah,Coated Lifespan Strings,Accessory,String set,160,22.52,0.1,3603.2,1405.25,2197.95,Low,Dealer replenishment
NAW-11535,2025-10-01,FY25 Q4,West,Distributor,Soundpost Music,Taylor Brooks,Hardshell Case,Accessory,Case,63,228.29,0,14382.27,9348.48,5033.79,Low,Holiday prebuild
NAW-11536,2025-10-01,FY25 Q4,West,Distributor,Soundpost Music,Samira Khan,Humidifier Kit,Accessory,Care,73,27.81,0.08,2030.13,872.96,1157.17,Medium,Accessory attach opportunity
NAW-11537,2025-10-01,FY25 Q4,West,Artist Relations,Prairie Note,Priya Shah,Trail Mini,Guitar,HPL/Sapele,4,468.14,0.1,1872.56,1198.44,674.12,Medium,Dealer replenishment
NAW-11538,2025-10-01,FY25 Q4,West,Artist Relations,Prairie Note,Priya Shah,Summit Grand Auditorium,Guitar,Spruce/Walnut,26,1466.79,0.12,38136.54,21356.46,16780.08,Low,Accessory attach opportunity
NAW-11539,2025-10-01,FY25 Q4,West,Distributor,Riverbend Instruments,Samira Khan,Stage Cutaway,Guitar,Spruce/Ovangkol,31,1124.86,0.1,34870.66,20573.69,14296.97,Medium,Holiday prebuild
NAW-11540,2025-11-01,FY25 Q4,Northeast,E-commerce,Pacific Pick House,Jordan Lee,Harbor OM,Guitar,Spruce/Rosewood,6,1895.96,0,11375.76,6142.91,5232.85,Low,Back-to-school promotion
NAW-11541,2025-11-01,FY25 Q4,Northeast,E-commerce,Pacific Pick House,Taylor Brooks,Humidifier Kit,Accessory,Care,104,25.48,0.12,2649.92,1139.47,1510.45,Medium,Artist clinic follow-up
NAW-11542,2025-11-01,FY25 Q4,Northeast,Artist Relations,Prairie Note,Jordan Lee,Northstar Ukulele,Instrument,Mahogany,18,306.63,0.12,5519.34,3366.8,2152.54,Medium,Back-to-school promotion
NAW-11543,2025-11-01,FY25 Q4,Northeast,Artist Relations,Riverbend Instruments,Morgan Evans,Phosphor Bronze Strings,Accessory,String set,47,14.06,0.12,660.82,277.54,383.28,Low,Accessory attach opportunity
NAW-11544,2025-11-01,FY25 Q4,Northeast,Distributor,Desert Tone Co.,Samira Khan,Phosphor Bronze Strings,Accessory,String set,147,14.06,0.12,2066.82,868.06,1198.76,Low,Back-to-school promotion
NAW-11545,2025-11-01,FY25 Q4,Northeast,E-commerce,Cedar Hall Music,Dana Hart,Trail Mini,Guitar,HPL/Sapele,31,458.35,0.08,14208.85,9093.66,5115.19,High,Dealer replenishment
NAW-11546,2025-11-01,FY25 Q4,Northeast,Dealer,Copper Canyon Guitars,Morgan Evans,Humidifier Kit,Accessory,Care,27,28.95,0,781.65,336.11,445.54,Low,Holiday prebuild
NAW-11547,2025-11-01,FY25 Q4,Northeast,Dealer,Lakeside Strings,Casey Morgan,Aurora Dreadnought,Guitar,Spruce/Mahogany,13,1296.92,0,16859.96,9778.78,7081.18,Medium,Holiday prebuild
NAW-11548,2025-11-01,FY25 Q4,Northeast,Artist Relations,Pacific Pick House,Riley Stone,Stage Cutaway,Guitar,Spruce/Ovangkol,34,1137.23,0.05,38665.82,22812.83,15852.99,Medium,Back-to-school promotion
NAW-11549,2025-11-01,FY25 Q4,Northeast,Artist Relations,Copper Canyon Guitars,Riley Stone,Premium Strap,Accessory,Accessory,152,43.05,0.12,6543.6,3010.06,3533.54,Low,Holiday prebuild
NAW-11550,2025-11-01,FY25 Q4,Northeast,E-commerce,Copper Canyon Guitars,Samira Khan,Hardshell Case,Accessory,Case,145,201.16,0.08,29168.2,18959.33,10208.87,Low,Accessory attach opportunity
NAW-11551,2025-11-01,FY25 Q4,Northeast,Artist Relations,Desert Tone Co.,Dana Hart,Humidifier Kit,Accessory,Care,86,25.48,0.12,2191.28,942.25,1249.03,Low,Artist clinic follow-up
NAW-11552,2025-11-01,FY25 Q4,Northeast,Education,Bayfront Studio Gear,Elliot Chen,Premium Strap,Accessory,Accessory,67,48.92,0,3277.64,1507.71,1769.93,Medium,Accessory attach opportunity
NAW-11553,2025-11-01,FY25 Q4,Northeast,Artist Relations,Metro Music Supply,Jordan Lee,Coated Lifespan Strings,Accessory,String set,19,22.76,0.05,432.44,168.65,263.79,Medium,Accessory attach opportunity
NAW-11554,2025-11-01,FY25 Q4,Northeast,Artist Relations,Blue Ridge Music,Elliot Chen,Coated Lifespan Strings,Accessory,String set,66,21.57,0.1,1423.62,555.21,868.41,Low,Artist clinic follow-up
NAW-11555,2025-11-01,FY25 Q4,Northeast,Education,Main Street Frets,Priya Shah,Northstar Ukulele,Instrument,Mahogany,2,320.57,0.08,641.14,391.1,250.04,High,Back-to-school promotion
NAW-11556,2025-11-01,FY25 Q4,Northeast,Education,Lakeside Strings,Casey Morgan,Summit Grand Auditorium,Guitar,Spruce/Walnut,15,1436.8,0.1,21552.0,12069.12,9482.88,Low,Back-to-school promotion
NAW-11557,2025-11-01,FY25 Q4,Northeast,E-commerce,Riverbend Instruments,Samira Khan,Aurora Dreadnought,Guitar,Spruce/Mahogany,36,1232.08,0.05,44354.88,25725.83,18629.05,Medium,Back-to-school promotion
NAW-11558,2025-11-01,FY25 Q4,Northeast,Dealer,Soundpost Music,Morgan Evans,Summit Grand Auditorium,Guitar,Spruce/Walnut,2,1436.8,0.1,2873.6,1609.22,1264.38,Medium,Back-to-school promotion
NAW-11559,2025-11-01,FY25 Q4,Northeast,Education,Soundpost Music,Alex Rivera,Aurora Dreadnought,Guitar,Spruce/Mahogany,30,1167.23,0.1,35016.9,20309.8,14707.1,Medium,Back-to-school promotion
NAW-11560,2025-11-01,FY25 Q4,Northeast,Artist Relations,Metro Music Supply,Dana Hart,Foundry Custom,Guitar,Adirondack/Maple,12,3388.6,0.03,40663.2,19924.97,20738.23,Medium,Back-to-school promotion
NAW-11561,2025-11-01,FY25 Q4,Northeast,Education,Main Street Frets,Dana Hart,Summit Grand Auditorium,Guitar,Spruce/Walnut,33,1436.8,0.1,47414.4,26552.06,20862.34,Medium,Holiday prebuild
NAW-11562,2025-11-01,FY25 Q4,Northeast,E-commerce,Soundpost Music,Priya Shah,Trail Mini,Guitar,HPL/Sapele,38,483.26,0.03,18363.88,11752.88,6611.0,Medium,Artist clinic follow-up
NAW-11563,2025-11-01,FY25 Q4,Northeast,Distributor,Pacific Pick House,Samira Khan,Premium Strap,Accessory,Accessory,31,43.05,0.12,1334.55,613.89,720.66,Medium,Back-to-school promotion
NAW-11564,2025-11-01,FY25 Q4,Northeast,Education,Desert Tone Co.,Morgan Evans,Harbor OM,Guitar,Spruce/Rosewood,6,1895.96,0,11375.76,6142.91,5232.85,Medium,Accessory attach opportunity
NAW-11565,2025-11-01,FY25 Q4,Northeast,Artist Relations,Soundpost Music,Taylor Brooks,Aurora Dreadnought,Guitar,Spruce/Mahogany,15,1296.92,0,19453.8,11283.2,8170.6,Low,Holiday prebuild
NAW-11566,2025-11-01,FY25 Q4,Northeast,E-commerce,Blue Ridge Music,Jordan Lee,Summit Grand Auditorium,Guitar,Spruce/Walnut,10,1468.73,0.08,14687.3,8224.89,6462.41,Medium,Artist clinic follow-up
NAW-11567,2025-11-01,FY25 Q4,Northeast,E-commerce,Copper Canyon Guitars,Morgan Evans,Aurora Dreadnought,Guitar,Spruce/Mahogany,31,1167.23,0.1,36184.13,20986.8,15197.33,Low,Artist clinic follow-up
NAW-11568,2025-11-01,FY25 Q4,Southeast,Distributor,Bayfront Studio Gear,Samira Khan,Trail Mini,Guitar,HPL/Sapele,28,459.88,0,12876.64,8241.05,4635.59,High,Holiday prebuild
NAW-11569,2025-11-01,FY25 Q4,Southeast,E-commerce,Copper Canyon Guitars,Priya Shah,Aurora Dreadnought,Guitar,Spruce/Mahogany,9,1161.24,0.03,10451.16,6061.67,4389.49,High,Back-to-school promotion
NAW-11570,2025-11-01,FY25 Q4,Southeast,Artist Relations,Prairie Note,Dana Hart,Stage Cutaway,Guitar,Spruce/Ovangkol,15,1105.0,0,16575.0,9779.25,6795.75,Medium,Holiday prebuild
NAW-11571,2025-11-01,FY25 Q4,Southeast,Dealer,Copper Canyon Guitars,Jordan Lee,Premium Strap,Accessory,Accessory,124,43.8,0.03,5431.2,2498.35,2932.85,High,Dealer replenishment
NAW-11572,2025-11-01,FY25 Q4,Southeast,Dealer,Metro Music Supply,Jordan Lee,Premium Strap,Accessory,Accessory,150,45.16,0,6774.0,3116.04,3657.96,Medium,Back-to-school promotion
NAW-11573,2025-11-01,FY25 Q4,Southeast,Education,Bayfront Studio Gear,Alex Rivera,Summit Grand Auditorium,Guitar,Spruce/Walnut,35,1326.27,0.1,46419.45,25994.89,20424.56,High,Back-to-school promotion
NAW-11574,2025-11-01,FY25 Q4,Southeast,Artist Relations,Lakeside Strings,Riley Stone,Premium Strap,Accessory,Accessory,134,45.16,0,6051.44,2783.66,3267.78,Medium,Artist clinic follow-up
NAW-11575,2025-11-01,FY25 Q4,Southeast,E-commerce,Prairie Note,Dana Hart,Phosphor Bronze Strings,Accessory,String set,138,14.01,0.05,1933.38,812.02,1121.36,Medium,Dealer replenishment
NAW-11576,2025-11-01,FY25 Q4,Southeast,Education,Soundpost Music,Alex Rivera,Coated Lifespan Strings,Accessory,String set,97,19.91,0.1,1931.27,753.2,1178.07,Medium,Holiday prebuild
NAW-11577,2025-11-01,FY25 Q4,Southeast,Artist Relations,Bayfront Studio Gear,Jordan Lee,Hardshell Case,Accessory,Case,30,201.83,0,6054.9,3935.68,2119.22,Medium,Back-to-school promotion
NAW-11578,2025-11-01,FY25 Q4,Southeast,E-commerce,Blue Ridge Music,Elliot Chen,Humidifier Kit,Accessory,Care,126,23.52,0.12,2963.52,1274.31,1689.21,High,Back-to-school promotion
NAW-11579,2025-11-01,FY25 Q4,Southeast,Distributor,Metro Music Supply,Samira Khan,Harbor OM,Guitar,Spruce/Rosewood,13,1610.11,0.08,20931.43,11302.97,9628.46,Low,Holiday prebuild
NAW-11580,2025-11-01,FY25 Q4,Southeast,Artist Relations,Copper Canyon Guitars,Samira Khan,Foundry Custom,Guitar,Adirondack/Maple,6,3224.68,0,19348.08,9480.56,9867.52,Low,Back-to-school promotion
NAW-11581,2025-11-01,FY25 Q4,Southeast,Dealer,Lakeside Strings,Morgan Evans,Phosphor Bronze Strings,Accessory,String set,73,13.27,0.1,968.71,406.86,561.85,Medium,Dealer replenishment
NAW-11582,2025-11-01,FY25 Q4,Southeast,Artist Relations,Bayfront Studio Gear,Priya Shah,Aurora Dreadnought,Guitar,Spruce/Mahogany,34,1053.5,0.12,35819.0,20775.02,15043.98,Medium,Accessory attach opportunity
NAW-11583,2025-11-01,FY25 Q4,Southeast,Education,Blue Ridge Music,Elliot Chen,Hardshell Case,Accessory,Case,61,177.61,0.12,10834.21,7042.24,3791.97,Medium,Accessory attach opportunity
NAW-11584,2025-11-01,FY25 Q4,Southeast,Artist Relations,Prairie Note,Priya Shah,Summit Grand Auditorium,Guitar,Spruce/Walnut,28,1399.96,0.05,39198.88,21951.37,17247.51,Low,Dealer replenishment
NAW-11585,2025-11-01,FY25 Q4,Southeast,Artist Relations,Metro Music Supply,Casey Morgan,Premium Strap,Accessory,Accessory,21,39.74,0.12,834.54,383.89,450.65,Medium,Holiday prebuild
NAW-11586,2025-11-01,FY25 Q4,Southeast,Dealer,Desert Tone Co.,Dana Hart,Trail Mini,Guitar,HPL/Sapele,14,436.88,0.05,6116.32,3914.44,2201.88,Medium,Holiday prebuild
NAW-11587,2025-11-01,FY25 Q4,Southeast,Distributor,Prairie Note,Elliot Chen,Coated Lifespan Strings,Accessory,String set,77,19.91,0.1,1533.07,597.9,935.17,Low,Holiday prebuild
NAW-11588,2025-11-01,FY25 Q4,Southeast,E-commerce,Cedar Hall Music,Taylor Brooks,Foundry Custom,Guitar,Adirondack/Maple,4,2902.21,0.1,11608.84,5688.33,5920.51,Low,Accessory attach opportunity
NAW-11589,2025-11-01,FY25 Q4,Southeast,E-commerce,Cedar Hall Music,Priya Shah,Harbor OM,Guitar,Spruce/Rosewood,23,1697.61,0.03,39045.03,21084.32,17960.71,Low,Artist clinic follow-up
NAW-11590,2025-11-01,FY25 Q4,Southeast,Distributor,Prairie Note,Taylor Brooks,Phosphor Bronze Strings,Accessory,String set,71,14.75,0,1047.25,439.85,607.4,Medium,Dealer replenishment
NAW-11591,2025-11-01,FY25 Q4,Southeast,Education,Blue Ridge Music,Taylor Brooks,Hardshell Case,Accessory,Case,58,195.78,0.03,11355.24,7380.91,3974.33,Low,Artist clinic follow-up
NAW-11592,2025-11-01,FY25 Q4,Southeast,Dealer,Desert Tone Co.,Samira Khan,Harbor OM,Guitar,Spruce/Rosewood,22,1662.61,0.05,36577.42,19751.81,16825.61,Medium,Back-to-school promotion
NAW-11593,2025-11-01,FY25 Q4,Southeast,Distributor,Blue Ridge Music,Elliot Chen,Hardshell Case,Accessory,Case,25,201.83,0,5045.75,3279.74,1766.01,Low,Holiday prebuild
NAW-11594,2025-11-01,FY25 Q4,Southeast,Dealer,Copper Canyon Guitars,Taylor Brooks,Northstar Ukulele,Instrument,Mahogany,3,311.99,0.03,935.97,570.94,365.03,High,Holiday prebuild
NAW-11595,2025-11-01,FY25 Q4,Southeast,Distributor,Blue Ridge Music,Alex Rivera,Trail Mini,Guitar,HPL/Sapele,13,446.08,0.03,5799.04,3711.39,2087.65,Low,Holiday prebuild
NAW-11596,2025-11-01,FY25 Q4,Midwest,Distributor,Blue Ridge Music,Dana Hart,Northstar Ukulele,Instrument,Mahogany,36,286.66,0.08,10319.76,6295.05,4024.71,Low,Back-to-school promotion
NAW-11597,2025-11-01,FY25 Q4,Midwest,E-commerce,Main Street Frets,Jordan Lee,Harbor OM,Guitar,Spruce/Rosewood,33,1559.79,0.08,51473.07,27795.46,23677.61,Medium,Artist clinic follow-up
NAW-11598,2025-11-01,FY25 Q4,Midwest,Distributor,Soundpost Music,Riley Stone,Humidifier Kit,Accessory,Care,113,23.82,0.08,2691.66,1157.41,1534.25,High,Holiday prebuild
NAW-11599,2025-11-01,FY25 Q4,Midwest,E-commerce,Pacific Pick House,Alex Rivera,Foundry Custom,Guitar,Adirondack/Maple,30,2873.99,0.08,86219.7,42247.65,43972.05,High,Artist clinic follow-up
NAW-11600,2025-11-01,FY25 Q4,Midwest,Artist Relations,Soundpost Music,Samira Khan,Phosphor Bronze Strings,Accessory,String set,39,12.57,0.12,490.23,205.9,284.33,Medium,Back-to-school promotion
NAW-11601,2025-11-01,FY25 Q4,Midwest,Dealer,Lakeside Strings,Elliot Chen,Humidifier Kit,Accessory,Care,110,25.89,0,2847.9,1224.6,1623.3,Medium,Dealer replenishment
NAW-11602,2025-11-01,FY25 Q4,Midwest,Education,Riverbend Instruments,Priya Shah,Trail Mini,Guitar,HPL/Sapele,23,445.51,0,10246.73,6557.91,3688.82,Low,Holiday prebuild
NAW-11603,2025-11-01,FY25 Q4,Midwest,Dealer,Prairie Note,Samira Khan,Summit Grand Auditorium,Guitar,Spruce/Walnut,15,1313.38,0.08,19700.7,11032.39,8668.31,Low,Artist clinic follow-up
NAW-11604,2025-11-01,FY25 Q4,Midwest,E-commerce,Pacific Pick House,Elliot Chen,Summit Grand Auditorium,Guitar,Spruce/Walnut,10,1284.83,0.1,12848.3,7195.05,5653.25,Medium,Holiday prebuild
NAW-11605,2025-11-01,FY25 Q4,Midwest,Distributor,Pacific Pick House,Alex Rivera,Trail Mini,Guitar,HPL/Sapele,17,392.05,0.12,6664.85,4265.5,2399.35,Medium,Back-to-school promotion
NAW-11606,2025-11-01,FY25 Q4,Midwest,Education,Prairie Note,Taylor Brooks,Coated Lifespan Strings,Accessory,String set,71,19.71,0.08,1399.41,545.77,853.64,Low,Artist clinic follow-up
NAW-11607,2025-11-01,FY25 Q4,Midwest,Education,Bayfront Studio Gear,Samira Khan,Coated Lifespan Strings,Accessory,String set,60,19.71,0.08,1182.6,461.21,721.39,Low,Back-to-school promotion
NAW-11608,2025-11-01,FY25 Q4,Midwest,Distributor,Blue Ridge Music,Morgan Evans,Coated Lifespan Strings,Accessory,String set,68,20.78,0.03,1413.04,551.09,861.95,Medium,Holiday prebuild
NAW-11609,2025-11-01,FY25 Q4,Midwest,Artist Relations,Copper Canyon Guitars,Riley Stone,Phosphor Bronze Strings,Accessory,String set,91,13.57,0.05,1234.87,518.65,716.22,High,Artist clinic follow-up
NAW-11610,2025-11-01,FY25 Q4,Midwest,Artist Relations,Desert Tone Co.,Alex Rivera,Stage Cutaway,Guitar,Spruce/Ovangkol,15,1038.35,0.03,15575.25,9189.4,6385.85,Medium,Holiday prebuild
NAW-11611,2025-11-01,FY25 Q4,Midwest,Dealer,Bayfront Studio Gear,Casey Morgan,Harbor OM,Guitar,Spruce/Rosewood,16,1559.79,0.08,24956.64,13476.59,11480.05,Low,Dealer replenishment
NAW-11612,2025-11-01,FY25 Q4,Midwest,Distributor,Soundpost Music,Jordan Lee,Coated Lifespan Strings,Accessory,String set,99,20.78,0.03,2057.22,802.32,1254.9,Low,Dealer replenishment
NAW-11613,2025-11-01,FY25 Q4,Midwest,Education,Copper Canyon Guitars,Dana Hart,Foundry Custom,Guitar,Adirondack/Maple,7,2749.04,0.12,19243.28,9429.21,9814.07,Medium,Accessory attach opportunity
NAW-11614,2025-11-01,FY25 Q4,Midwest,Distributor,Blue Ridge Music,Morgan Evans,Northstar Ukulele,Instrument,Mahogany,9,274.2,0.12,2467.8,1505.36,962.44,Medium,Accessory attach opportunity
NAW-11615,2025-11-01,FY25 Q4,Midwest,E-commerce,Copper Canyon Guitars,Taylor Brooks,Northstar Ukulele,Instrument,Mahogany,38,302.24,0.03,11485.12,7005.92,4479.2,Low,Artist clinic follow-up
NAW-11616,2025-11-01,FY25 Q4,Midwest,Dealer,Bayfront Studio Gear,Dana Hart,Humidifier Kit,Accessory,Care,139,25.11,0.03,3490.29,1500.82,1989.47,Medium,Accessory attach opportunity
NAW-11617,2025-11-01,FY25 Q4,Midwest,E-commerce,Lakeside Strings,Alex Rivera,Northstar Ukulele,Instrument,Mahogany,25,286.66,0.08,7166.5,4371.56,2794.94,High,Holiday prebuild
NAW-11618,2025-11-01,FY25 Q4,Midwest,E-commerce,Soundpost Music,Casey Morgan,Phosphor Bronze Strings,Accessory,String set,83,12.86,0.1,1067.38,448.3,619.08,Low,Holiday prebuild
NAW-11619,2025-11-01,FY25 Q4,Midwest,E-commerce,Copper Canyon Guitars,Alex Rivera,Foundry Custom,Guitar,Adirondack/Maple,31,3123.91,0,96841.21,47452.19,49389.02,Medium,Accessory attach opportunity
NAW-11620,2025-11-01,FY25 Q4,Midwest,Education,Soundpost Music,Priya Shah,Humidifier Kit,Accessory,Care,20,24.6,0.05,492.0,211.56,280.44,Medium,Dealer replenishment
NAW-11621,2025-11-01,FY25 Q4,Midwest,E-commerce,Cedar Hall Music,Elliot Chen,Coated Lifespan Strings,Accessory,String set,31,20.78,0.03,644.18,251.23,392.95,Medium,Holiday prebuild
NAW-11622,2025-11-01,FY25 Q4,Midwest,Education,Copper Canyon Guitars,Elliot Chen,Aurora Dreadnought,Guitar,Spruce/Mahogany,15,1124.95,0.03,16874.25,9787.07,7087.18,Medium,Artist clinic follow-up
NAW-11623,2025-11-01,FY25 Q4,Midwest,Distributor,Soundpost Music,Elliot Chen,Humidifier Kit,Accessory,Care,141,22.78,0.12,3211.98,1381.15,1830.83,Medium,Back-to-school promotion
NAW-11624,2025-11-01,FY25 Q4,Southwest,Education,Soundpost Music,Elliot Chen,Harbor OM,Guitar,Spruce/Rosewood,18,1732.98,0.03,31193.64,16844.57,14349.07,Medium,Accessory attach opportunity
NAW-11625,2025-11-01,FY25 Q4,Southwest,Distributor,Bayfront Studio Gear,Elliot Chen,Coated Lifespan Strings,Accessory,String set,52,22.58,0,1174.16,457.92,716.24,Low,Holiday prebuild
NAW-11626,2025-11-01,FY25 Q4,Southwest,Artist Relations,Soundpost Music,Taylor Brooks,Hardshell Case,Accessory,Case,89,199.85,0.03,17786.65,11561.32,6225.33,Low,Dealer replenishment
NAW-11627,2025-11-01,FY25 Q4,Southwest,E-commerce,Metro Music Supply,Jordan Lee,Aurora Dreadnought,Guitar,Spruce/Mahogany,17,1124.33,0.08,19113.61,11085.89,8027.72,Medium,Back-to-school promotion
NAW-11628,2025-11-01,FY25 Q4,Southwest,E-commerce,Blue Ridge Music,Elliot Chen,Hardshell Case,Accessory,Case,64,189.55,0.08,12131.2,7885.28,4245.92,Low,Artist clinic follow-up
NAW-11629,2025-11-01,FY25 Q4,Southwest,Distributor,Bayfront Studio Gear,Jordan Lee,Premium Strap,Accessory,Accessory,101,40.57,0.12,4097.57,1884.88,2212.69,Low,Back-to-school promotion
NAW-11630,2025-11-01,FY25 Q4,Southwest,Dealer,Bayfront Studio Gear,Dana Hart,Stage Cutaway,Guitar,Spruce/Ovangkol,28,1094.18,0.03,30637.04,18075.85,12561.19,Medium,Accessory attach opportunity
NAW-11631,2025-11-01,FY25 Q4,Southwest,Artist Relations,Bayfront Studio Gear,Dana Hart,Premium Strap,Accessory,Accessory,72,40.57,0.12,2921.04,1343.68,1577.36,Medium,Back-to-school promotion
NAW-11632,2025-11-01,FY25 Q4,Southwest,Education,Metro Music Supply,Priya Shah,Summit Grand Auditorium,Guitar,Spruce/Walnut,37,1429.12,0.05,52877.44,29611.37,23266.07,Low,Accessory attach opportunity
NAW-11633,2025-11-01,FY25 Q4,Southwest,Artist Relations,Copper Canyon Guitars,Morgan Evans,Phosphor Bronze Strings,Accessory,String set,115,13.55,0.1,1558.25,654.47,903.78,High,Artist clinic follow-up
NAW-11634,2025-11-01,FY25 Q4,Southwest,E-commerce,Metro Music Supply,Dana Hart,Aurora Dreadnought,Guitar,Spruce/Mahogany,4,1075.45,0.12,4301.8,2495.04,1806.76,Low,Artist clinic follow-up
NAW-11635,2025-11-01,FY25 Q4,Southwest,Education,Bayfront Studio Gear,Casey Morgan,Northstar Ukulele,Instrument,Mahogany,12,288.94,0.12,3467.28,2115.04,1352.24,Low,Dealer replenishment
NAW-11636,2025-11-01,FY25 Q4,Southwest,Distributor,Bayfront Studio Gear,Samira Khan,Aurora Dreadnought,Guitar,Spruce/Mahogany,18,1185.44,0.03,21337.92,12375.99,8961.93,Medium,Artist clinic follow-up
NAW-11637,2025-11-01,FY25 Q4,Southwest,Dealer,Pacific Pick House,Taylor Brooks,Trail Mini,Guitar,HPL/Sapele,6,413.12,0.12,2478.72,1586.38,892.34,High,Dealer replenishment
NAW-11638,2025-11-01,FY25 Q4,Southwest,Artist Relations,Copper Canyon Guitars,Casey Morgan,Harbor OM,Guitar,Spruce/Rosewood,30,1732.98,0.03,51989.4,28074.28,23915.12,Medium,Back-to-school promotion
NAW-11639,2025-11-01,FY25 Q4,Southwest,Dealer,Riverbend Instruments,Morgan Evans,Trail Mini,Guitar,HPL/Sapele,35,413.12,0.12,14459.2,9253.89,5205.31,High,Back-to-school promotion
NAW-11640,2025-11-01,FY25 Q4,Southwest,Education,Copper Canyon Guitars,Riley Stone,Summit Grand Auditorium,Guitar,Spruce/Walnut,18,1323.82,0.12,23828.76,13344.11,10484.65,Low,Back-to-school promotion
NAW-11641,2025-11-01,FY25 Q4,Southwest,Education,Metro Music Supply,Dana Hart,Aurora Dreadnought,Guitar,Spruce/Mahogany,9,1099.89,0.1,9899.01,5741.43,4157.58,Medium,Artist clinic follow-up
NAW-11642,2025-11-01,FY25 Q4,Southwest,Dealer,Bayfront Studio Gear,Alex Rivera,Harbor OM,Guitar,Spruce/Rosewood,27,1697.25,0.05,45825.75,24745.91,21079.84,Low,Back-to-school promotion
NAW-11643,2025-11-01,FY25 Q4,Southwest,Education,Lakeside Strings,Morgan Evans,Humidifier Kit,Accessory,Care,24,25.1,0.08,602.4,259.03,343.37,Low,Dealer replenishment
NAW-11644,2025-11-01,FY25 Q4,Southwest,Distributor,Lakeside Strings,Elliot Chen,Stage Cutaway,Guitar,Spruce/Ovangkol,16,1037.78,0.08,16604.48,9796.64,6807.84,Medium,Accessory attach opportunity
NAW-11645,2025-11-01,FY25 Q4,Southwest,Dealer,Cedar Hall Music,Samira Khan,Northstar Ukulele,Instrument,Mahogany,26,311.92,0.05,8109.92,4947.05,3162.87,Medium,Back-to-school promotion
NAW-11646,2025-11-01,FY25 Q4,Southwest,Education,Cedar Hall Music,Elliot Chen,Hardshell Case,Accessory,Case,94,199.85,0.03,18785.9,12210.84,6575.06,Low,Holiday prebuild
NAW-11647,2025-11-01,FY25 Q4,Southwest,Education,Riverbend Instruments,Alex Rivera,Humidifier Kit,Accessory,Care,37,24.01,0.12,888.37,382.0,506.37,Low,Accessory attach opportunity
NAW-11648,2025-11-01,FY25 Q4,Southwest,E-commerce,Prairie Note,Riley Stone,Harbor OM,Guitar,Spruce/Rosewood,37,1786.58,0,66103.46,35695.87,30407.59,High,Dealer replenishment
NAW-11649,2025-11-01,FY25 Q4,Southwest,Dealer,Cedar Hall Music,Riley Stone,Trail Mini,Guitar,HPL/Sapele,2,469.46,0,938.92,600.91,338.01,Low,Artist clinic follow-up
NAW-11650,2025-11-01,FY25 Q4,Southwest,Distributor,Desert Tone Co.,Dana Hart,Humidifier Kit,Accessory,Care,145,25.1,0.08,3639.5,1564.99,2074.51,Low,Back-to-school promotion
NAW-11651,2025-11-01,FY25 Q4,Southwest,E-commerce,Riverbend Instruments,Morgan Evans,Summit Grand Auditorium,Guitar,Spruce/Walnut,14,1383.99,0.08,19375.86,10850.48,8525.38,High,Holiday prebuild
NAW-11652,2025-11-01,FY25 Q4,West,Distributor,Desert Tone Co.,Elliot Chen,Hardshell Case,Accessory,Case,114,216.63,0.08,24695.82,16052.28,8643.54,Low,Artist clinic follow-up
NAW-11653,2025-11-01,FY25 Q4,West,Distributor,Soundpost Music,Casey Morgan,Northstar Ukulele,Instrument,Mahogany,31,356.48,0.05,11050.88,6741.04,4309.84,Medium,Dealer replenishment
NAW-11654,2025-11-01,FY25 Q4,West,Artist Relations,Desert Tone Co.,Casey Morgan,Trail Mini,Guitar,HPL/Sapele,38,472.14,0.12,17941.32,11482.44,6458.88,High,Accessory attach opportunity
NAW-11655,2025-11-01,FY25 Q4,West,Dealer,Soundpost Music,Riley Stone,Humidifier Kit,Accessory,Care,22,28.69,0.08,631.18,271.41,359.77,Low,Back-to-school promotion
NAW-11656,2025-11-01,FY25 Q4,West,Distributor,Blue Ridge Music,Elliot Chen,Trail Mini,Guitar,HPL/Sapele,24,509.7,0.05,12232.8,7828.99,4403.81,High,Accessory attach opportunity
NAW-11657,2025-11-01,FY25 Q4,West,Artist Relations,Soundpost Music,Jordan Lee,Coated Lifespan Strings,Accessory,String set,133,25.8,0,3431.4,1338.25,2093.15,High,Artist clinic follow-up
NAW-11658,2025-11-01,FY25 Q4,West,E-commerce,Desert Tone Co.,Jordan Lee,Aurora Dreadnought,Guitar,Spruce/Mahogany,37,1284.95,0.08,47543.15,27575.03,19968.12,Medium,Artist clinic follow-up
NAW-11659,2025-11-01,FY25 Q4,West,E-commerce,Lakeside Strings,Alex Rivera,Summit Grand Auditorium,Guitar,Spruce/Walnut,7,1581.71,0.08,11071.97,6200.3,4871.67,High,Dealer replenishment
NAW-11660,2025-11-01,FY25 Q4,West,Distributor,Riverbend Instruments,Jordan Lee,Aurora Dreadnought,Guitar,Spruce/Mahogany,7,1396.68,0,9776.76,5670.52,4106.24,Low,Dealer replenishment
NAW-11661,2025-11-01,FY25 Q4,West,E-commerce,Riverbend Instruments,Dana Hart,Phosphor Bronze Strings,Accessory,String set,138,16.69,0.03,2303.22,967.35,1335.87,Low,Artist clinic follow-up
NAW-11662,2025-11-01,FY25 Q4,West,Dealer,Copper Canyon Guitars,Priya Shah,Northstar Ukulele,Instrument,Mahogany,4,356.48,0.05,1425.92,869.81,556.11,High,Artist clinic follow-up
NAW-11663,2025-11-01,FY25 Q4,West,Education,Riverbend Instruments,Morgan Evans,Humidifier Kit,Accessory,Care,29,31.18,0,904.22,388.81,515.41,Low,Artist clinic follow-up
NAW-11664,2025-11-01,FY25 Q4,West,Distributor,Lakeside Strings,Elliot Chen,Phosphor Bronze Strings,Accessory,String set,35,15.48,0.1,541.8,227.56,314.24,Medium,Holiday prebuild
NAW-11665,2025-11-01,FY25 Q4,West,E-commerce,Blue Ridge Music,Samira Khan,Phosphor Bronze Strings,Accessory,String set,47,16.34,0.05,767.98,322.55,445.43,Medium,Holiday prebuild
NAW-11666,2025-11-01,FY25 Q4,West,Distributor,Prairie Note,Casey Morgan,Hardshell Case,Accessory,Case,110,207.21,0.12,22793.1,14815.51,7977.59,Medium,Accessory attach opportunity
NAW-11667,2025-11-01,FY25 Q4,West,Distributor,Desert Tone Co.,Elliot Chen,Stage Cutaway,Guitar,Spruce/Ovangkol,32,1134.47,0.12,36303.04,21418.79,14884.25,Medium,Dealer replenishment
NAW-11668,2025-11-01,FY25 Q4,West,Distributor,Cedar Hall Music,Riley Stone,Summit Grand Auditorium,Guitar,Spruce/Walnut,13,1512.94,0.12,19668.22,11014.2,8654.02,Low,Artist clinic follow-up
NAW-11669,2025-11-01,FY25 Q4,West,Artist Relations,Main Street Frets,Taylor Brooks,Hardshell Case,Accessory,Case,70,216.63,0.08,15164.1,9856.67,5307.43,Medium,Accessory attach opportunity
NAW-11670,2025-11-01,FY25 Q4,West,E-commerce,Blue Ridge Music,Priya Shah,Trail Mini,Guitar,HPL/Sapele,23,493.6,0.08,11352.8,7265.79,4087.01,High,Holiday prebuild
NAW-11671,2025-11-01,FY25 Q4,West,Dealer,Main Street Frets,Elliot Chen,Premium Strap,Accessory,Accessory,58,51.1,0.03,2963.8,1363.35,1600.45,Low,Artist clinic follow-up
NAW-11672,2025-11-01,FY25 Q4,West,Dealer,Bayfront Studio Gear,Casey Morgan,Northstar Ukulele,Instrument,Mahogany,20,356.48,0.05,7129.6,4349.06,2780.54,Medium,Dealer replenishment
NAW-11673,2025-11-01,FY25 Q4,West,Education,Bayfront Studio Gear,Samira Khan,Hardshell Case,Accessory,Case,54,235.47,0,12715.38,8265.0,4450.38,Medium,Holiday prebuild
NAW-11674,2025-11-01,FY25 Q4,West,Education,Soundpost Music,Morgan Evans,Foundry Custom,Guitar,Adirondack/Maple,20,3649.26,0.03,72985.2,35762.75,37222.45,High,Back-to-school promotion
NAW-11675,2025-11-01,FY25 Q4,West,Artist Relations,Cedar Hall Music,Taylor Brooks,Phosphor Bronze Strings,Accessory,String set,56,15.48,0.1,866.88,364.09,502.79,Medium,Holiday prebuild
NAW-11676,2025-11-01,FY25 Q4,West,Artist Relations,Cedar Hall Music,Morgan Evans,Hardshell Case,Accessory,Case,105,207.21,0.12,21757.05,14142.08,7614.97,High,Holiday prebuild
NAW-11677,2025-11-01,FY25 Q4,West,E-commerce,Bayfront Studio Gear,Alex Rivera,Premium Strap,Accessory,Accessory,112,51.1,0.03,5723.2,2632.67,3090.53,Medium,Back-to-school promotion
NAW-11678,2025-11-01,FY25 Q4,West,Distributor,Soundpost Music,Samira Khan,Trail Mini,Guitar,HPL/Sapele,17,536.52,0,9120.84,5837.34,3283.5,Medium,Back-to-school promotion
NAW-11679,2025-11-01,FY25 Q4,West,Education,Blue Ridge Music,Alex Rivera,Premium Strap,Accessory,Accessory,66,46.36,0.12,3059.76,1407.49,1652.27,High,Holiday prebuild
NAW-11680,2025-12-01,FY25 Q4,Northeast,E-commerce,Desert Tone Co.,Morgan Evans,Premium Strap,Accessory,Accessory,52,44.84,0.12,2331.68,1072.57,1259.11,Medium,Back-to-school promotion
NAW-11681,2025-12-01,FY25 Q4,Northeast,E-commerce,Desert Tone Co.,Riley Stone,Hardshell Case,Accessory,Case,66,216.37,0.05,14280.42,9282.27,4998.15,Low,Back-to-school promotion
NAW-11682,2025-12-01,FY25 Q4,Northeast,E-commerce,Desert Tone Co.,Elliot Chen,Phosphor Bronze Strings,Accessory,String set,103,14.98,0.1,1542.94,648.03,894.91,High,Holiday prebuild
NAW-11683,2025-12-01,FY25 Q4,Northeast,Education,Blue Ridge Music,Morgan Evans,Premium Strap,Accessory,Accessory,57,48.41,0.05,2759.37,1269.31,1490.06,Low,Holiday prebuild
NAW-11684,2025-12-01,FY25 Q4,Northeast,E-commerce,Prairie Note,Alex Rivera,Humidifier Kit,Accessory,Care,147,28.65,0.05,4211.55,1810.97,2400.58,High,Dealer replenishment
NAW-11685,2025-12-01,FY25 Q4,Northeast,Distributor,Main Street Frets,Samira Khan,Humidifier Kit,Accessory,Care,54,27.14,0.1,1465.56,630.19,835.37,High,Artist clinic follow-up
NAW-11686,2025-12-01,FY25 Q4,Northeast,Education,Main Street Frets,Priya Shah,Summit Grand Auditorium,Guitar,Spruce/Walnut,3,1529.92,0.08,4589.76,2570.27,2019.49,Low,Accessory attach opportunity
NAW-11687,2025-12-01,FY25 Q4,Northeast,Distributor,Desert Tone Co.,Samira Khan,Foundry Custom,Guitar,Adirondack/Maple,28,3275.06,0.1,91701.68,44933.82,46767.86,High,Accessory attach opportunity
NAW-11688,2025-12-01,FY25 Q4,Northeast,Distributor,Main Street Frets,Priya Shah,Northstar Ukulele,Instrument,Mahogany,37,326.66,0.1,12086.42,7372.72,4713.7,High,Holiday prebuild
NAW-11689,2025-12-01,FY25 Q4,Northeast,Dealer,Main Street Frets,Riley Stone,Stage Cutaway,Guitar,Spruce/Ovangkol,24,1184.61,0.05,28430.64,16774.08,11656.56,High,Back-to-school promotion
NAW-11690,2025-12-01,FY25 Q4,Northeast,E-commerce,Metro Music Supply,Elliot Chen,Trail Mini,Guitar,HPL/Sapele,32,477.44,0.08,15278.08,9777.97,5500.11,Medium,Dealer replenishment
NAW-11691,2025-12-01,FY25 Q4,Northeast,Distributor,Cedar Hall Music,Morgan Evans,Trail Mini,Guitar,HPL/Sapele,4,467.06,0.1,1868.24,1195.67,672.57,Low,Holiday prebuild
NAW-11692,2025-12-01,FY25 Q4,Northeast,Education,Soundpost Music,Taylor Brooks,Coated Lifespan Strings,Accessory,String set,63,22.96,0.08,1446.48,564.13,882.35,Medium,Dealer replenishment
NAW-11693,2025-12-01,FY25 Q4,Northeast,Artist Relations,Lakeside Strings,Taylor Brooks,Foundry Custom,Guitar,Adirondack/Maple,16,3202.28,0.12,51236.48,25105.88,26130.6,Medium,Artist clinic follow-up
NAW-11694,2025-12-01,FY25 Q4,Northeast,Education,Blue Ridge Music,Riley Stone,Aurora Dreadnought,Guitar,Spruce/Mahogany,14,1242.88,0.08,17400.32,10092.19,7308.13,High,Accessory attach opportunity
NAW-11695,2025-12-01,FY25 Q4,Northeast,Education,Riverbend Instruments,Elliot Chen,Humidifier Kit,Accessory,Care,113,27.14,0.1,3066.82,1318.73,1748.09,Low,Holiday prebuild
NAW-11696,2025-12-01,FY25 Q4,Northeast,Education,Blue Ridge Music,Elliot Chen,Phosphor Bronze Strings,Accessory,String set,97,15.31,0.08,1485.07,623.73,861.34,Medium,Holiday prebuild
NAW-11697,2025-12-01,FY25 Q4,Northeast,Education,Blue Ridge Music,Riley Stone,Northstar Ukulele,Instrument,Mahogany,10,326.66,0.1,3266.6,1992.63,1273.97,Medium,Holiday prebuild
NAW-11698,2025-12-01,FY25 Q4,Northeast,Distributor,Main Street Frets,Morgan Evans,Northstar Ukulele,Instrument,Mahogany,6,344.81,0.05,2068.86,1262.0,806.86,Low,Dealer replenishment
NAW-11699,2025-12-01,FY25 Q4,Northeast,Distributor,Bayfront Studio Gear,Dana Hart,Humidifier Kit,Accessory,Care,143,26.54,0.12,3795.22,1631.94,2163.28,Low,Artist clinic follow-up
NAW-11700,2025-12-01,FY25 Q4,Northeast,E-commerce,Cedar Hall Music,Riley Stone,Phosphor Bronze Strings,Accessory,String set,142,15.31,0.08,2174.02,913.09,1260.93,Low,Artist clinic follow-up
NAW-11701,2025-12-01,FY25 Q4,Northeast,Dealer,Metro Music Supply,Jordan Lee,Foundry Custom,Guitar,Adirondack/Maple,16,3347.84,0.08,53565.44,26247.07,27318.37,Medium,Artist clinic follow-up
NAW-11702,2025-12-01,FY25 Q4,Northeast,Distributor,Prairie Note,Riley Stone,Aurora Dreadnought,Guitar,Spruce/Mahogany,31,1350.96,0,41879.76,24290.26,17589.5,Low,Back-to-school promotion
NAW-11703,2025-12-01,FY25 Q4,Northeast,Dealer,Main Street Frets,Jordan Lee,Foundry Custom,Guitar,Adirondack/Maple,13,3457.01,0.05,44941.13,22021.15,22919.98,Medium,Accessory attach opportunity
NAW-11704,2025-12-01,FY25 Q4,Northeast,Dealer,Metro Music Supply,Priya Shah,Stage Cutaway,Guitar,Spruce/Ovangkol,11,1209.55,0.03,13305.05,7849.98,5455.07,Medium,Artist clinic follow-up
NAW-11705,2025-12-01,FY25 Q4,Northeast,Artist Relations,Pacific Pick House,Riley Stone,Stage Cutaway,Guitar,Spruce/Ovangkol,7,1122.26,0.1,7855.82,4634.93,3220.89,Low,Back-to-school promotion
NAW-11706,2025-12-01,FY25 Q4,Northeast,Artist Relations,Bayfront Studio Gear,Elliot Chen,Trail Mini,Guitar,HPL/Sapele,20,456.68,0.12,9133.6,5845.5,3288.1,Medium,Back-to-school promotion
NAW-11707,2025-12-01,FY25 Q4,Northeast,Artist Relations,Main Street Frets,Riley Stone,Summit Grand Auditorium,Guitar,Spruce/Walnut,21,1529.92,0.08,32128.32,17991.86,14136.46,Low,Back-to-school promotion
NAW-11708,2025-12-01,FY25 Q4,Southeast,Dealer,Desert Tone Co.,Priya Shah,Coated Lifespan Strings,Accessory,String set,88,20.28,0.12,1784.64,696.01,1088.63,Low,Artist clinic follow-up
NAW-11709,2025-12-01,FY25 Q4,Southeast,E-commerce,Cedar Hall Music,Casey Morgan,Coated Lifespan Strings,Accessory,String set,138,21.89,0.05,3020.82,1178.12,1842.7,Medium,Artist clinic follow-up
NAW-11710,2025-12-01,FY25 Q4,Southeast,Dealer,Desert Tone Co.,Taylor Brooks,Phosphor Bronze Strings,Accessory,String set,131,14.9,0.03,1951.9,819.8,1132.1,Low,Back-to-school promotion
NAW-11711,2025-12-01,FY25 Q4,Southeast,Artist Relations,Blue Ridge Music,Morgan Evans,Hardshell Case,Accessory,Case,34,199.73,0.05,6790.82,4414.03,2376.79,Low,Accessory attach opportunity
NAW-11712,2025-12-01,FY25 Q4,Southeast,Artist Relations,Desert Tone Co.,Dana Hart,Coated Lifespan Strings,Accessory,String set,22,23.04,0,506.88,197.68,309.2,Low,Accessory attach opportunity
NAW-11713,2025-12-01,FY25 Q4,Southeast,Dealer,Cedar Hall Music,Taylor Brooks,Phosphor Bronze Strings,Accessory,String set,91,13.82,0.1,1257.62,528.2,729.42,Medium,Dealer replenishment
NAW-11714,2025-12-01,FY25 Q4,Southeast,E-commerce,Pacific Pick House,Elliot Chen,Aurora Dreadnought,Guitar,Spruce/Mahogany,19,1097.4,0.12,20850.6,12093.35,8757.25,Low,Artist clinic follow-up
NAW-11715,2025-12-01,FY25 Q4,Southeast,E-commerce,Copper Canyon Guitars,Taylor Brooks,Harbor OM,Guitar,Spruce/Rosewood,2,1640.74,0.1,3281.48,1772.0,1509.48,Low,Accessory attach opportunity
NAW-11716,2025-12-01,FY25 Q4,Southeast,Education,Lakeside Strings,Elliot Chen,Harbor OM,Guitar,Spruce/Rosewood,33,1731.89,0.05,57152.37,30862.28,26290.09,Medium,Dealer replenishment
NAW-11717,2025-12-01,FY25 Q4,Southeast,Artist Relations,Metro Music Supply,Priya Shah,Aurora Dreadnought,Guitar,Spruce/Mahogany,14,1247.04,0,17458.56,10125.96,7332.6,Medium,Holiday prebuild
NAW-11718,2025-12-01,FY25 Q4,Southeast,Artist Relations,Soundpost Music,Jordan Lee,Aurora Dreadnought,Guitar,Spruce/Mahogany,20,1247.04,0,24940.8,14465.66,10475.14,High,Accessory attach opportunity
NAW-11719,2025-12-01,FY25 Q4,Southeast,Distributor,Pacific Pick House,Alex Rivera,Trail Mini,Guitar,HPL/Sapele,6,431.14,0.1,2586.84,1655.58,931.26,Medium,Dealer replenishment
NAW-11720,2025-12-01,FY25 Q4,Southeast,Education,Prairie Note,Elliot Chen,Humidifier Kit,Accessory,Care,54,24.5,0.12,1323.0,568.89,754.11,High,Back-to-school promotion
NAW-11721,2025-12-01,FY25 Q4,Southeast,E-commerce,Soundpost Music,Elliot Chen,Foundry Custom,Guitar,Adirondack/Maple,32,2955.96,0.12,94590.72,46349.45,48241.27,Low,Dealer replenishment
NAW-11722,2025-12-01,FY25 Q4,Southeast,Artist Relations,Soundpost Music,Casey Morgan,Summit Grand Auditorium,Guitar,Spruce/Walnut,38,1412.24,0.08,53665.12,30052.47,23612.65,High,Accessory attach opportunity
NAW-11723,2025-12-01,FY25 Q4,Southeast,E-commerce,Prairie Note,Elliot Chen,Summit Grand Auditorium,Guitar,Spruce/Walnut,25,1458.29,0.05,36457.25,20416.06,16041.19,Low,Accessory attach opportunity
NAW-11724,2025-12-01,FY25 Q4,Southeast,E-commerce,Riverbend Instruments,Elliot Chen,Aurora Dreadnought,Guitar,Spruce/Mahogany,33,1122.34,0.1,37037.22,21481.59,15555.63,Medium,Back-to-school promotion
NAW-11725,2025-12-01,FY25 Q4,Southeast,Distributor,Metro Music Supply,Morgan Evans,Northstar Ukulele,Instrument,Mahogany,32,308.24,0.08,9863.68,6016.84,3846.84,High,Dealer replenishment
NAW-11726,2025-12-01,FY25 Q4,Southeast,Dealer,Copper Canyon Guitars,Riley Stone,Aurora Dreadnought,Guitar,Spruce/Mahogany,22,1147.28,0.08,25240.16,14639.29,10600.87,Low,Holiday prebuild
NAW-11727,2025-12-01,FY25 Q4,Southeast,Dealer,Copper Canyon Guitars,Jordan Lee,Northstar Ukulele,Instrument,Mahogany,23,335.04,0,7705.92,4700.61,3005.31,Medium,Back-to-school promotion
NAW-11728,2025-12-01,FY25 Q4,Southeast,Dealer,Main Street Frets,Priya Shah,Summit Grand Auditorium,Guitar,Spruce/Walnut,5,1412.24,0.08,7061.2,3954.27,3106.93,Low,Artist clinic follow-up
NAW-11729,2025-12-01,FY25 Q4,Southeast,Distributor,Bayfront Studio Gear,Alex Rivera,Premium Strap,Accessory,Accessory,125,43.28,0.08,5410.0,2488.6,2921.4,High,Holiday prebuild
NAW-11730,2025-12-01,FY25 Q4,Southeast,Education,Soundpost Music,Riley Stone,Phosphor Bronze Strings,Accessory,String set,25,15.36,0,384.0,161.28,222.72,Medium,Holiday prebuild
NAW-11731,2025-12-01,FY25 Q4,Southeast,Dealer,Lakeside Strings,Taylor Brooks,Phosphor Bronze Strings,Accessory,String set,43,14.9,0.03,640.7,269.09,371.61,Medium,Accessory attach opportunity
NAW-11732,2025-12-01,FY25 Q4,Southeast,Education,Riverbend Instruments,Elliot Chen,Foundry Custom,Guitar,Adirondack/Maple,5,3191.09,0.05,15955.45,7818.17,8137.28,Low,Back-to-school promotion
NAW-11733,2025-12-01,FY25 Q4,Southeast,Education,Soundpost Music,Riley Stone,Humidifier Kit,Accessory,Care,78,26.45,0.05,2063.1,887.13,1175.97,Medium,Artist clinic follow-up
NAW-11734,2025-12-01,FY25 Q4,Southeast,Dealer,Cedar Hall Music,Riley Stone,Stage Cutaway,Guitar,Spruce/Ovangkol,2,1151.04,0,2302.08,1358.23,943.85,Medium,Accessory attach opportunity
NAW-11735,2025-12-01,FY25 Q4,Southeast,Dealer,Soundpost Music,Riley Stone,Foundry Custom,Guitar,Adirondack/Maple,4,3090.32,0.08,12361.28,6057.03,6304.25,Medium,Dealer replenishment
NAW-11736,2025-12-01,FY25 Q4,Midwest,Artist Relations,Blue Ridge Music,Casey Morgan,Phosphor Bronze Strings,Accessory,String set,96,14.14,0.05,1357.44,570.12,787.32,Medium,Dealer replenishment
NAW-11737,2025-12-01,FY25 Q4,Midwest,Education,Prairie Note,Taylor Brooks,Coated Lifespan Strings,Accessory,String set,25,20.09,0.1,502.25,195.88,306.37,Medium,Artist clinic follow-up
NAW-11738,2025-12-01,FY25 Q4,Midwest,Education,Bayfront Studio Gear,Priya Shah,Premium Strap,Accessory,Accessory,109,41.92,0.08,4569.28,2101.87,2467.41,Low,Dealer replenishment
NAW-11739,2025-12-01,FY25 Q4,Midwest,Artist Relations,Pacific Pick House,Morgan Evans,Harbor OM,Guitar,Spruce/Rosewood,27,1713.09,0.03,46253.43,24976.85,21276.58,High,Back-to-school promotion
NAW-11740,2025-12-01,FY25 Q4,Midwest,Artist Relations,Blue Ridge Music,Samira Khan,Harbor OM,Guitar,Spruce/Rosewood,18,1624.78,0.08,29246.04,15792.86,13453.18,Low,Holiday prebuild
NAW-11741,2025-12-01,FY25 Q4,Midwest,Education,Riverbend Instruments,Priya Shah,Trail Mini,Guitar,HPL/Sapele,9,464.07,0,4176.63,2673.04,1503.59,Low,Accessory attach opportunity
NAW-11742,2025-12-01,FY25 Q4,Midwest,Education,Blue Ridge Music,Samira Khan,Coated Lifespan Strings,Accessory,String set,138,22.32,0,3080.16,1201.26,1878.9,High,Artist clinic follow-up
NAW-11743,2025-12-01,FY25 Q4,Midwest,Artist Relations,Copper Canyon Guitars,Morgan Evans,Aurora Dreadnought,Guitar,Spruce/Mahogany,37,1171.83,0.03,43357.71,25147.47,18210.24,Medium,Dealer replenishment
NAW-11744,2025-12-01,FY25 Q4,Midwest,E-commerce,Prairie Note,Casey Morgan,Coated Lifespan Strings,Accessory,String set,52,20.09,0.1,1044.68,407.43,637.25,Low,Back-to-school promotion
NAW-11745,2025-12-01,FY25 Q4,Midwest,Dealer,Main Street Frets,Elliot Chen,Aurora Dreadnought,Guitar,Spruce/Mahogany,13,1087.26,0.1,14134.38,8197.94,5936.44,Medium,Accessory attach opportunity
NAW-11746,2025-12-01,FY25 Q4,Midwest,Dealer,Bayfront Studio Gear,Dana Hart,Phosphor Bronze Strings,Accessory,String set,78,13.39,0.1,1044.42,438.66,605.76,Low,Back-to-school promotion
NAW-11747,2025-12-01,FY25 Q4,Midwest,Distributor,Bayfront Studio Gear,Morgan Evans,Hardshell Case,Accessory,Case,133,179.23,0.12,23837.59,15494.43,8343.16,Low,Artist clinic follow-up
NAW-11748,2025-12-01,FY25 Q4,Midwest,Education,Bayfront Studio Gear,Priya Shah,Summit Grand Auditorium,Guitar,Spruce/Walnut,4,1487.07,0,5948.28,3331.04,2617.24,Low,Back-to-school promotion
NAW-11749,2025-12-01,FY25 Q4,Midwest,Dealer,Prairie Note,Taylor Brooks,Hardshell Case,Accessory,Case,88,183.3,0.1,16130.4,10484.76,5645.64,Low,Accessory attach opportunity
NAW-11750,2025-12-01,FY25 Q4,Midwest,Artist Relations,Desert Tone Co.,Dana Hart,Hardshell Case,Accessory,Case,155,183.3,0.1,28411.5,18467.48,9944.02,High,Holiday prebuild
NAW-11751,2025-12-01,FY25 Q4,Midwest,Distributor,Lakeside Strings,Morgan Evans,Coated Lifespan Strings,Accessory,String set,22,21.65,0.03,476.3,185.76,290.54,Low,Back-to-school promotion
NAW-11752,2025-12-01,FY25 Q4,Midwest,Education,Cedar Hall Music,Samira Khan,Harbor OM,Guitar,Spruce/Rosewood,12,1589.46,0.1,19073.52,10299.7,8773.82,Medium,Holiday prebuild
NAW-11753,2025-12-01,FY25 Q4,Midwest,Distributor,Cedar Hall Music,Jordan Lee,Foundry Custom,Guitar,Adirondack/Maple,5,2993.74,0.08,14968.7,7334.66,7634.04,Medium,Dealer replenishment
NAW-11754,2025-12-01,FY25 Q4,Midwest,Education,Riverbend Instruments,Priya Shah,Aurora Dreadnought,Guitar,Spruce/Mahogany,36,1111.42,0.08,40011.12,23206.45,16804.67,Low,Artist clinic follow-up
NAW-11755,2025-12-01,FY25 Q4,Midwest,E-commerce,Riverbend Instruments,Samira Khan,Summit Grand Auditorium,Guitar,Spruce/Walnut,5,1442.46,0.03,7212.3,4038.89,3173.41,Medium,Holiday prebuild
NAW-11756,2025-12-01,FY25 Q4,Midwest,Education,Main Street Frets,Riley Stone,Aurora Dreadnought,Guitar,Spruce/Mahogany,4,1147.67,0.05,4590.68,2662.59,1928.09,Medium,Artist clinic follow-up
NAW-11757,2025-12-01,FY25 Q4,Midwest,E-commerce,Desert Tone Co.,Riley Stone,Coated Lifespan Strings,Accessory,String set,45,20.53,0.08,923.85,360.3,563.55,Medium,Dealer replenishment
NAW-11758,2025-12-01,FY25 Q4,Midwest,Education,Metro Music Supply,Dana Hart,Stage Cutaway,Guitar,Spruce/Ovangkol,36,1081.62,0.03,38938.32,22973.61,15964.71,High,Holiday prebuild
NAW-11759,2025-12-01,FY25 Q4,Midwest,Artist Relations,Main Street Frets,Samira Khan,Hardshell Case,Accessory,Case,128,197.56,0.03,25287.68,16436.99,8850.69,Medium,Accessory attach opportunity
NAW-11760,2025-12-01,FY25 Q4,Midwest,Distributor,Desert Tone Co.,Elliot Chen,Summit Grand Auditorium,Guitar,Spruce/Walnut,7,1308.62,0.12,9160.34,5129.79,4030.55,High,Artist clinic follow-up
NAW-11761,2025-12-01,FY25 Q4,Midwest,Distributor,Lakeside Strings,Alex Rivera,Harbor OM,Guitar,Spruce/Rosewood,22,1713.09,0.03,37687.98,20351.51,17336.47,Low,Back-to-school promotion
NAW-11762,2025-12-01,FY25 Q4,Midwest,E-commerce,Cedar Hall Music,Dana Hart,Coated Lifespan Strings,Accessory,String set,107,22.32,0,2388.24,931.41,1456.83,High,Artist clinic follow-up
NAW-11763,2025-12-01,FY25 Q4,Midwest,Artist Relations,Pacific Pick House,Elliot Chen,Stage Cutaway,Guitar,Spruce/Ovangkol,29,981.26,0.12,28456.54,16789.36,11667.18,Medium,Holiday prebuild
NAW-11764,2025-12-01,FY25 Q4,Southwest,Artist Relations,Desert Tone Co.,Riley Stone,Aurora Dreadnought,Guitar,Spruce/Mahogany,9,1145.72,0.1,10311.48,5980.66,4330.82,Medium,Dealer replenishment
NAW-11765,2025-12-01,FY25 Q4,Southwest,Dealer,Lakeside Strings,Dana Hart,Coated Lifespan Strings,Accessory,String set,160,21.17,0.1,3387.2,1321.01,2066.19,Medium,Holiday prebuild
NAW-11766,2025-12-01,FY25 Q4,Southwest,E-commerce,Metro Music Supply,Samira Khan,Foundry Custom,Guitar,Adirondack/Maple,4,3429.02,0,13716.08,6720.88,6995.2,Medium,Dealer replenishment
NAW-11767,2025-12-01,FY25 Q4,Southwest,Education,Main Street Frets,Riley Stone,Harbor OM,Guitar,Spruce/Rosewood,28,1805.19,0.03,50545.32,27294.47,23250.85,Medium,Accessory attach opportunity
NAW-11768,2025-12-01,FY25 Q4,Southwest,Artist Relations,Pacific Pick House,Alex Rivera,Humidifier Kit,Accessory,Care,52,27.0,0.05,1404.0,603.72,800.28,Low,Back-to-school promotion
NAW-11769,2025-12-01,FY25 Q4,Southwest,Education,Pacific Pick House,Dana Hart,Harbor OM,Guitar,Spruce/Rosewood,11,1861.02,0,20471.22,11054.46,9416.76,Low,Holiday prebuild
NAW-11770,2025-12-01,FY25 Q4,Southwest,E-commerce,Main Street Frets,Riley Stone,Aurora Dreadnought,Guitar,Spruce/Mahogany,27,1273.02,0,34371.54,19935.49,14436.05,Medium,Artist clinic follow-up
NAW-11771,2025-12-01,FY25 Q4,Southwest,E-commerce,Lakeside Strings,Riley Stone,Aurora Dreadnought,Guitar,Spruce/Mahogany,32,1234.83,0.03,39514.56,22918.44,16596.12,Low,Dealer replenishment
NAW-11772,2025-12-01,FY25 Q4,Southwest,Dealer,Desert Tone Co.,Elliot Chen,Aurora Dreadnought,Guitar,Spruce/Mahogany,24,1273.02,0,30552.48,17720.44,12832.04,Medium,Back-to-school promotion
NAW-11773,2025-12-01,FY25 Q4,Southwest,Dealer,Bayfront Studio Gear,Priya Shah,Humidifier Kit,Accessory,Care,106,28.42,0,3012.52,1295.38,1717.14,Medium,Accessory attach opportunity
NAW-11774,2025-12-01,FY25 Q4,Southwest,E-commerce,Bayfront Studio Gear,Elliot Chen,Summit Grand Auditorium,Guitar,Spruce/Walnut,32,1441.66,0.08,46133.12,25834.55,20298.57,Low,Back-to-school promotion
NAW-11775,2025-12-01,FY25 Q4,Southwest,Artist Relations,Blue Ridge Music,Dana Hart,Harbor OM,Guitar,Spruce/Rosewood,13,1805.19,0.03,23467.47,12672.43,10795.04,High,Dealer replenishment
NAW-11776,2025-12-01,FY25 Q4,Southwest,E-commerce,Soundpost Music,Elliot Chen,Hardshell Case,Accessory,Case,93,208.18,0.03,19360.74,12584.48,6776.26,Low,Accessory attach opportunity
NAW-11777,2025-12-01,FY25 Q4,Southwest,Education,Desert Tone Co.,Elliot Chen,Coated Lifespan Strings,Accessory,String set,139,23.52,0,3269.28,1275.02,1994.26,Medium,Back-to-school promotion
NAW-11778,2025-12-01,FY25 Q4,Southwest,Distributor,Bayfront Studio Gear,Dana Hart,Harbor OM,Guitar,Spruce/Rosewood,17,1637.7,0.12,27840.9,15034.09,12806.81,Medium,Dealer replenishment
NAW-11779,2025-12-01,FY25 Q4,Southwest,Artist Relations,Metro Music Supply,Samira Khan,Summit Grand Auditorium,Guitar,Spruce/Walnut,21,1410.32,0.1,29616.72,16585.36,13031.36,Low,Back-to-school promotion
NAW-11780,2025-12-01,FY25 Q4,Southwest,Dealer,Main Street Frets,Taylor Brooks,Hardshell Case,Accessory,Case,143,197.45,0.08,28235.35,18352.98,9882.37,Medium,Artist clinic follow-up
NAW-11781,2025-12-01,FY25 Q4,Southwest,Education,Bayfront Studio Gear,Alex Rivera,Aurora Dreadnought,Guitar,Spruce/Mahogany,23,1120.26,0.12,25765.98,14944.27,10821.71,Low,Dealer replenishment
NAW-11782,2025-12-01,FY25 Q4,Southwest,Distributor,Blue Ridge Music,Riley Stone,Harbor OM,Guitar,Spruce/Rosewood,2,1637.7,0.12,3275.4,1768.72,1506.68,Low,Holiday prebuild
NAW-11783,2025-12-01,FY25 Q4,Southwest,Education,Desert Tone Co.,Riley Stone,Summit Grand Auditorium,Guitar,Spruce/Walnut,7,1441.66,0.08,10091.62,5651.31,4440.31,Low,Dealer replenishment
NAW-11784,2025-12-01,FY25 Q4,Southwest,E-commerce,Soundpost Music,Samira Khan,Northstar Ukulele,Instrument,Mahogany,31,307.82,0.1,9542.42,5820.88,3721.54,High,Holiday prebuild
NAW-11785,2025-12-01,FY25 Q4,Southwest,Artist Relations,Pacific Pick House,Jordan Lee,Phosphor Bronze Strings,Accessory,String set,104,15.21,0.03,1581.84,664.37,917.47,High,Accessory attach opportunity
NAW-11786,2025-12-01,FY25 Q4,Southwest,Dealer,Lakeside Strings,Taylor Brooks,Trail Mini,Guitar,HPL/Sapele,5,489.02,0,2445.1,1564.86,880.24,Medium,Holiday prebuild
NAW-11787,2025-12-01,FY25 Q4,Southwest,Education,Desert Tone Co.,Taylor Brooks,Phosphor Bronze Strings,Accessory,String set,76,14.11,0.1,1072.36,450.39,621.97,Medium,Back-to-school promotion
NAW-11788,2025-12-01,FY25 Q4,Southwest,E-commerce,Desert Tone Co.,Elliot Chen,Aurora Dreadnought,Guitar,Spruce/Mahogany,37,1120.26,0.12,41449.62,24040.78,17408.84,Medium,Holiday prebuild
NAW-11789,2025-12-01,FY25 Q4,Southwest,Distributor,Cedar Hall Music,Priya Shah,Harbor OM,Guitar,Spruce/Rosewood,36,1712.14,0.08,61637.04,33284.0,28353.04,High,Accessory attach opportunity
NAW-11790,2025-12-01,FY25 Q4,Southwest,Education,Prairie Note,Samira Khan,Premium Strap,Accessory,Accessory,114,48.02,0,5474.28,2518.17,2956.11,Medium,Artist clinic follow-up
NAW-11791,2025-12-01,FY25 Q4,Southwest,Artist Relations,Prairie Note,Dana Hart,Stage Cutaway,Guitar,Spruce/Ovangkol,27,1034.02,0.12,27918.54,16471.94,11446.6,Medium,Artist clinic follow-up
NAW-11792,2025-12-01,FY25 Q4,West,E-commerce,Desert Tone Co.,Riley Stone,Premium Strap,Accessory,Accessory,93,48.29,0.12,4490.97,2065.85,2425.12,Low,Artist clinic follow-up
NAW-11793,2025-12-01,FY25 Q4,West,Artist Relations,Prairie Note,Casey Morgan,Foundry Custom,Guitar,Adirondack/Maple,16,3722.94,0.05,59567.04,29187.85,30379.19,Low,Back-to-school promotion
NAW-11794,2025-12-01,FY25 Q4,West,E-commerce,Main Street Frets,Jordan Lee,Harbor OM,Guitar,Spruce/Rosewood,31,2126.88,0,65933.28,35603.97,30329.31,Low,Artist clinic follow-up
NAW-11795,2025-12-01,FY25 Q4,West,Dealer,Desert Tone Co.,Elliot Chen,Premium Strap,Accessory,Accessory,123,49.39,0.1,6074.97,2794.49,3280.48,Medium,Accessory attach opportunity
NAW-11796,2025-12-01,FY25 Q4,West,Dealer,Soundpost Music,Priya Shah,Northstar Ukulele,Instrument,Mahogany,14,371.34,0.05,5198.76,3171.24,2027.52,High,Holiday prebuild
NAW-11797,2025-12-01,FY25 Q4,West,Dealer,Soundpost Music,Riley Stone,Humidifier Kit,Accessory,Care,72,28.58,0.12,2057.76,884.84,1172.92,Medium,Accessory attach opportunity
NAW-11798,2025-12-01,FY25 Q4,West,Education,Prairie Note,Taylor Brooks,Foundry Custom,Guitar,Adirondack/Maple,24,3448.61,0.12,82766.64,40555.65,42210.99,Medium,Artist clinic follow-up
NAW-11799,2025-12-01,FY25 Q4,West,E-commerce,Desert Tone Co.,Priya Shah,Premium Strap,Accessory,Accessory,117,54.88,0,6420.96,2953.64,3467.32,High,Back-to-school promotion
NAW-11800,2025-12-01,FY25 Q4,West,Distributor,Lakeside Strings,Jordan Lee,Phosphor Bronze Strings,Accessory,String set,22,16.13,0.1,354.86,149.04,205.82,High,Artist clinic follow-up
NAW-11801,2025-12-01,FY25 Q4,West,Education,Copper Canyon Guitars,Priya Shah,Humidifier Kit,Accessory,Care,40,30.86,0.05,1234.4,530.79,703.61,Low,Accessory attach opportunity
NAW-11802,2025-12-01,FY25 Q4,West,Distributor,Cedar Hall Music,Samira Khan,Hardshell Case,Accessory,Case,104,225.66,0.08,23468.64,15254.62,8214.02,Low,Accessory attach opportunity
NAW-11803,2025-12-01,FY25 Q4,West,Distributor,Riverbend Instruments,Riley Stone,Trail Mini,Guitar,HPL/Sapele,25,530.94,0.05,13273.5,8495.04,4778.46,Medium,Dealer replenishment
NAW-11804,2025-12-01,FY25 Q4,West,Distributor,Lakeside Strings,Morgan Evans,Stage Cutaway,Guitar,Spruce/Ovangkol,9,1275.74,0.05,11481.66,6774.18,4707.48,Medium,Accessory attach opportunity
NAW-11805,2025-12-01,FY25 Q4,West,Distributor,Main Street Frets,Alex Rivera,Harbor OM,Guitar,Spruce/Rosewood,30,1871.65,0.12,56149.5,30320.73,25828.77,High,Artist clinic follow-up
NAW-11806,2025-12-01,FY25 Q4,West,Education,Metro Music Supply,Morgan Evans,Trail Mini,Guitar,HPL/Sapele,6,542.11,0.03,3252.66,2081.7,1170.96,High,Accessory attach opportunity
NAW-11807,2025-12-01,FY25 Q4,West,Distributor,Copper Canyon Guitars,Jordan Lee,Aurora Dreadnought,Guitar,Spruce/Mahogany,9,1309.39,0.1,11784.51,6835.02,4949.49,Low,Dealer replenishment
NAW-11808,2025-12-01,FY25 Q4,West,Artist Relations,Cedar Hall Music,Casey Morgan,Phosphor Bronze Strings,Accessory,String set,27,15.77,0.12,425.79,178.83,246.96,Medium,Dealer replenishment
NAW-11809,2025-12-01,FY25 Q4,West,Artist Relations,Main Street Frets,Taylor Brooks,Premium Strap,Accessory,Accessory,154,50.49,0.08,7775.46,3576.71,4198.75,Medium,Artist clinic follow-up
NAW-11810,2025-12-01,FY25 Q4,West,Artist Relations,Main Street Frets,Morgan Evans,Harbor OM,Guitar,Spruce/Rosewood,11,1914.19,0.1,21056.09,11370.29,9685.8,Low,Accessory attach opportunity
NAW-11811,2025-12-01,FY25 Q4,West,E-commerce,Main Street Frets,Casey Morgan,Coated Lifespan Strings,Accessory,String set,95,25.54,0.05,2426.3,946.26,1480.04,Low,Holiday prebuild
NAW-11812,2025-12-01,FY25 Q4,West,Artist Relations,Desert Tone Co.,Casey Morgan,Stage Cutaway,Guitar,Spruce/Ovangkol,38,1342.88,0,51029.44,30107.37,20922.07,Medium,Back-to-school promotion
NAW-11813,2025-12-01,FY25 Q4,West,Artist Relations,Pacific Pick House,Elliot Chen,Premium Strap,Accessory,Accessory,73,50.49,0.08,3685.77,1695.45,1990.32,High,Artist clinic follow-up
NAW-11814,2025-12-01,FY25 Q4,West,Artist Relations,Desert Tone Co.,Morgan Evans,Foundry Custom,Guitar,Adirondack/Maple,2,3918.88,0,7837.76,3840.5,3997.26,Medium,Back-to-school promotion
NAW-11815,2025-12-01,FY25 Q4,West,Artist Relations,Lakeside Strings,Riley Stone,Northstar Ukulele,Instrument,Mahogany,3,359.61,0.08,1078.83,658.09,420.74,Low,Dealer replenishment
NAW-11816,2025-12-01,FY25 Q4,West,Education,Soundpost Music,Elliot Chen,Premium Strap,Accessory,Accessory,25,54.88,0,1372.0,631.12,740.88,High,Dealer replenishment
NAW-11817,2025-12-01,FY25 Q4,West,Education,Lakeside Strings,Elliot Chen,Coated Lifespan Strings,Accessory,String set,118,24.73,0.08,2918.14,1138.07,1780.07,Medium,Accessory attach opportunity
NAW-11818,2025-12-01,FY25 Q4,West,Artist Relations,Lakeside Strings,Riley Stone,Foundry Custom,Guitar,Adirondack/Maple,29,3918.88,0,113647.52,55687.28,57960.24,Low,Artist clinic follow-up
NAW-11819,2025-12-01,FY25 Q4,West,E-commerce,Blue Ridge Music,Morgan Evans,Phosphor Bronze Strings,Accessory,String set,76,17.02,0.05,1293.52,543.28,750.24,Low,Dealer replenishment
NAW-11820,2026-01-01,FY26 Q1,Northeast,Distributor,Riverbend Instruments,Riley Stone,Summit Grand Auditorium,Guitar,Spruce/Walnut,30,1556.53,0.1,46695.9,26149.7,20546.2,High,Artist clinic follow-up
NAW-11821,2026-01-01,FY26 Q1,Northeast,E-commerce,Prairie Note,Riley Stone,Summit Grand Auditorium,Guitar,Spruce/Walnut,28,1591.12,0.08,44551.36,24948.76,19602.6,Low,Dealer replenishment
NAW-11822,2026-01-01,FY26 Q1,Northeast,Artist Relations,Metro Music Supply,Riley Stone,Northstar Ukulele,Instrument,Mahogany,38,339.73,0.1,12909.74,7874.94,5034.8,Low,Back-to-school promotion
NAW-11823,2026-01-01,FY26 Q1,Northeast,E-commerce,Cedar Hall Music,Morgan Evans,Trail Mini,Guitar,HPL/Sapele,36,512.73,0.05,18458.28,11813.3,6644.98,High,Artist clinic follow-up
NAW-11824,2026-01-01,FY26 Q1,Northeast,Dealer,Cedar Hall Music,Jordan Lee,Humidifier Kit,Accessory,Care,103,30.43,0.03,3134.29,1347.74,1786.55,Medium,Artist clinic follow-up
NAW-11825,2026-01-01,FY26 Q1,Northeast,Artist Relations,Soundpost Music,Riley Stone,Phosphor Bronze Strings,Accessory,String set,29,15.92,0.08,461.68,193.91,267.77,High,Accessory attach opportunity
NAW-11826,2026-01-01,FY26 Q1,Northeast,Distributor,Desert Tone Co.,Samira Khan,Foundry Custom,Guitar,Adirondack/Maple,20,3406.07,0.1,68121.4,33379.49,34741.91,Low,Holiday prebuild
NAW-11827,2026-01-01,FY26 Q1,Northeast,Dealer,Main Street Frets,Taylor Brooks,Coated Lifespan Strings,Accessory,String set,93,23.88,0.08,2220.84,866.13,1354.71,Medium,Back-to-school promotion
NAW-11828,2026-01-01,FY26 Q1,Northeast,Artist Relations,Prairie Note,Morgan Evans,Northstar Ukulele,Instrument,Mahogany,37,358.6,0.05,13268.2,8093.6,5174.6,Medium,Back-to-school promotion
NAW-11829,2026-01-01,FY26 Q1,Northeast,E-commerce,Pacific Pick House,Riley Stone,Northstar Ukulele,Instrument,Mahogany,38,377.48,0,14344.24,8749.99,5594.25,Low,Accessory attach opportunity
NAW-11830,2026-01-01,FY26 Q1,Northeast,E-commerce,Copper Canyon Guitars,Jordan Lee,Premium Strap,Accessory,Accessory,113,47.7,0.1,5390.1,2479.45,2910.65,Low,Accessory attach opportunity
NAW-11831,2026-01-01,FY26 Q1,Northeast,E-commerce,Desert Tone Co.,Elliot Chen,Stage Cutaway,Guitar,Spruce/Ovangkol,24,1167.15,0.1,28011.6,16526.84,11484.76,High,Holiday prebuild
NAW-11832,2026-01-01,FY26 Q1,Northeast,Dealer,Copper Canyon Guitars,Samira Khan,Foundry Custom,Guitar,Adirondack/Maple,8,3670.98,0.03,29367.84,14390.24,14977.6,Low,Artist clinic follow-up
NAW-11833,2026-01-01,FY26 Q1,Northeast,Education,Bayfront Studio Gear,Jordan Lee,Humidifier Kit,Accessory,Care,46,30.43,0.03,1399.78,601.91,797.87,Low,Artist clinic follow-up
NAW-11834,2026-01-01,FY26 Q1,Northeast,Distributor,Bayfront Studio Gear,Jordan Lee,Phosphor Bronze Strings,Accessory,String set,108,16.79,0.03,1813.32,761.59,1051.73,Medium,Dealer replenishment
NAW-11835,2026-01-01,FY26 Q1,Northeast,Dealer,Main Street Frets,Samira Khan,Coated Lifespan Strings,Accessory,String set,69,24.66,0.05,1701.54,663.6,1037.94,Medium,Dealer replenishment
NAW-11836,2026-01-01,FY26 Q1,Northeast,Distributor,Lakeside Strings,Morgan Evans,Stage Cutaway,Guitar,Spruce/Ovangkol,37,1257.93,0.03,46543.41,27460.61,19082.8,Medium,Back-to-school promotion
NAW-11837,2026-01-01,FY26 Q1,Northeast,Education,Metro Music Supply,Alex Rivera,Hardshell Case,Accessory,Case,119,208.45,0.12,24805.55,16123.61,8681.94,Low,Back-to-school promotion
NAW-11838,2026-01-01,FY26 Q1,Northeast,Distributor,Pacific Pick House,Morgan Evans,Stage Cutaway,Guitar,Spruce/Ovangkol,2,1296.84,0,2593.68,1530.27,1063.41,Medium,Dealer replenishment
NAW-11839,2026-01-01,FY26 Q1,Northeast,Artist Relations,Soundpost Music,Riley Stone,Aurora Dreadnought,Guitar,Spruce/Mahogany,11,1334.75,0.05,14682.25,8515.71,6166.54,Medium,Holiday prebuild
NAW-11840,2026-01-01,FY26 Q1,Northeast,Dealer,Cedar Hall Music,Priya Shah,Phosphor Bronze Strings,Accessory,String set,146,15.23,0.12,2223.58,933.9,1289.68,Medium,Holiday prebuild
NAW-11841,2026-01-01,FY26 Q1,Northeast,Distributor,Cedar Hall Music,Elliot Chen,Harbor OM,Guitar,Spruce/Rosewood,21,1992.34,0.03,41839.14,22593.14,19246.0,High,Holiday prebuild
NAW-11842,2026-01-01,FY26 Q1,Northeast,E-commerce,Main Street Frets,Elliot Chen,Northstar Ukulele,Instrument,Mahogany,6,358.6,0.05,2151.6,1312.48,839.12,Low,Dealer replenishment
NAW-11843,2026-01-01,FY26 Q1,Northeast,E-commerce,Desert Tone Co.,Jordan Lee,Northstar Ukulele,Instrument,Mahogany,2,347.28,0.08,694.56,423.68,270.88,Low,Back-to-school promotion
NAW-11844,2026-01-01,FY26 Q1,Northeast,Dealer,Bayfront Studio Gear,Samira Khan,Hardshell Case,Accessory,Case,79,225.03,0.05,17777.37,11555.29,6222.08,Medium,Artist clinic follow-up
NAW-11845,2026-01-01,FY26 Q1,Northeast,E-commerce,Bayfront Studio Gear,Taylor Brooks,Humidifier Kit,Accessory,Care,46,31.37,0,1443.02,620.5,822.52,Low,Dealer replenishment
NAW-11846,2026-01-01,FY26 Q1,Northeast,Dealer,Bayfront Studio Gear,Elliot Chen,Coated Lifespan Strings,Accessory,String set,108,22.84,0.12,2466.72,962.02,1504.7,Medium,Artist clinic follow-up
NAW-11847,2026-01-01,FY26 Q1,Northeast,Dealer,Desert Tone Co.,Riley Stone,Northstar Ukulele,Instrument,Mahogany,17,358.6,0.05,6096.2,3718.68,2377.52,Medium,Artist clinic follow-up
NAW-11848,2026-01-01,FY26 Q1,Southeast,Education,Blue Ridge Music,Elliot Chen,Aurora Dreadnought,Guitar,Spruce/Mahogany,5,1167.23,0.1,5836.15,3384.97,2451.18,Low,Artist clinic follow-up
NAW-11849,2026-01-01,FY26 Q1,Southeast,Education,Bayfront Studio Gear,Morgan Evans,Phosphor Bronze Strings,Accessory,String set,71,14.38,0.1,1020.98,428.81,592.17,Low,Dealer replenishment
NAW-11850,2026-01-01,FY26 Q1,Southeast,Artist Relations,Lakeside Strings,Morgan Evans,Aurora Dreadnought,Guitar,Spruce/Mahogany,34,1141.29,0.12,38803.86,22506.24,16297.62,Low,Accessory attach opportunity
NAW-11851,2026-01-01,FY26 Q1,Southeast,Artist Relations,Pacific Pick House,Morgan Evans,Aurora Dreadnought,Guitar,Spruce/Mahogany,36,1141.29,0.12,41086.44,23830.14,17256.3,Medium,Holiday prebuild
NAW-11852,2026-01-01,FY26 Q1,Southeast,Education,Main Street Frets,Priya Shah,Phosphor Bronze Strings,Accessory,String set,135,15.5,0.03,2092.5,878.85,1213.65,Medium,Artist clinic follow-up
NAW-11853,2026-01-01,FY26 Q1,Southeast,Artist Relations,Desert Tone Co.,Elliot Chen,Humidifier Kit,Accessory,Care,67,28.08,0.03,1881.36,808.98,1072.38,Low,Artist clinic follow-up
NAW-11854,2026-01-01,FY26 Q1,Southeast,Artist Relations,Cedar Hall Music,Elliot Chen,Trail Mini,Guitar,HPL/Sapele,37,448.38,0.1,16590.06,10617.64,5972.42,Medium,Dealer replenishment
NAW-11855,2026-01-01,FY26 Q1,Southeast,Artist Relations,Lakeside Strings,Morgan Evans,Harbor OM,Guitar,Spruce/Rosewood,20,1668.45,0.12,33369.0,18019.26,15349.74,Medium,Holiday prebuild
NAW-11856,2026-01-01,FY26 Q1,Southeast,Dealer,Bayfront Studio Gear,Morgan Evans,Aurora Dreadnought,Guitar,Spruce/Mahogany,24,1167.23,0.1,28013.52,16247.84,11765.68,Low,Dealer replenishment
NAW-11857,2026-01-01,FY26 Q1,Southeast,Distributor,Bayfront Studio Gear,Elliot Chen,Aurora Dreadnought,Guitar,Spruce/Mahogany,20,1167.23,0.1,23344.6,13539.87,9804.73,Low,Back-to-school promotion
NAW-11858,2026-01-01,FY26 Q1,Southeast,E-commerce,Soundpost Music,Alex Rivera,Trail Mini,Guitar,HPL/Sapele,9,483.26,0.03,4349.34,2783.58,1565.76,Low,Artist clinic follow-up
NAW-11859,2026-01-01,FY26 Q1,Southeast,Distributor,Blue Ridge Music,Morgan Evans,Aurora Dreadnought,Guitar,Spruce/Mahogany,8,1193.17,0.08,9545.36,5536.31,4009.05,High,Accessory attach opportunity
NAW-11860,2026-01-01,FY26 Q1,Southeast,Dealer,Main Street Frets,Alex Rivera,Hardshell Case,Accessory,Case,160,201.16,0.08,32185.6,20920.64,11264.96,High,Dealer replenishment
NAW-11861,2026-01-01,FY26 Q1,Southeast,Artist Relations,Cedar Hall Music,Casey Morgan,Northstar Ukulele,Instrument,Mahogany,3,313.6,0.1,940.8,573.89,366.91,Medium,Artist clinic follow-up
NAW-11862,2026-01-01,FY26 Q1,Southeast,E-commerce,Cedar Hall Music,Morgan Evans,Trail Mini,Guitar,HPL/Sapele,33,473.29,0.05,15618.57,9995.88,5622.69,Medium,Dealer replenishment
NAW-11863,2026-01-01,FY26 Q1,Southeast,Dealer,Lakeside Strings,Priya Shah,Humidifier Kit,Accessory,Care,62,28.08,0.03,1740.96,748.61,992.35,Medium,Back-to-school promotion
NAW-11864,2026-01-01,FY26 Q1,Southeast,Education,Desert Tone Co.,Dana Hart,Phosphor Bronze Strings,Accessory,String set,121,15.97,0,1932.37,811.6,1120.77,Medium,Artist clinic follow-up
NAW-11865,2026-01-01,FY26 Q1,Southeast,E-commerce,Main Street Frets,Jordan Lee,Northstar Ukulele,Instrument,Mahogany,35,320.57,0.08,11219.95,6844.17,4375.78,High,Artist clinic follow-up
NAW-11866,2026-01-01,FY26 Q1,Southeast,Artist Relations,Desert Tone Co.,Alex Rivera,Humidifier Kit,Accessory,Care,139,25.48,0.12,3541.72,1522.94,2018.78,Medium,Holiday prebuild
NAW-11867,2026-01-01,FY26 Q1,Southeast,Artist Relations,Bayfront Studio Gear,Samira Khan,Coated Lifespan Strings,Accessory,String set,144,23.24,0.03,3346.56,1305.16,2041.4,Medium,Back-to-school promotion
NAW-11868,2026-01-01,FY26 Q1,Southeast,Education,Riverbend Instruments,Jordan Lee,Hardshell Case,Accessory,Case,125,207.72,0.05,25965.0,16877.25,9087.75,Medium,Back-to-school promotion
NAW-11869,2026-01-01,FY26 Q1,Southeast,Dealer,Lakeside Strings,Dana Hart,Phosphor Bronze Strings,Accessory,String set,73,14.7,0.08,1073.1,450.7,622.4,Low,Back-to-school promotion
NAW-11870,2026-01-01,FY26 Q1,Southeast,Education,Main Street Frets,Samira Khan,Foundry Custom,Guitar,Adirondack/Maple,24,3144.06,0.1,75457.44,36974.15,38483.29,Low,Back-to-school promotion
NAW-11871,2026-01-01,FY26 Q1,Southeast,Distributor,Copper Canyon Guitars,Riley Stone,Humidifier Kit,Accessory,Care,143,28.95,0,4139.85,1780.14,2359.71,Medium,Holiday prebuild
NAW-11872,2026-01-01,FY26 Q1,Southeast,Education,Bayfront Studio Gear,Samira Khan,Stage Cutaway,Guitar,Spruce/Ovangkol,14,1101.32,0.08,15418.48,9096.9,6321.58,Low,Holiday prebuild
NAW-11873,2026-01-01,FY26 Q1,Southeast,Dealer,Cedar Hall Music,Morgan Evans,Hardshell Case,Accessory,Case,87,212.09,0.03,18451.83,11993.69,6458.14,Low,Dealer replenishment
NAW-11874,2026-01-01,FY26 Q1,Southeast,Artist Relations,Main Street Frets,Dana Hart,Summit Grand Auditorium,Guitar,Spruce/Walnut,19,1516.62,0.05,28815.78,16136.84,12678.94,High,Artist clinic follow-up
NAW-11875,2026-01-01,FY26 Q1,Southeast,Distributor,Prairie Note,Dana Hart,Hardshell Case,Accessory,Case,80,218.65,0,17492.0,11369.8,6122.2,High,Accessory attach opportunity
NAW-11876,2026-01-01,FY26 Q1,Midwest,Education,Soundpost Music,Taylor Brooks,Summit Grand Auditorium,Guitar,Spruce/Walnut,18,1546.55,0,27837.9,15589.22,12248.68,Medium,Accessory attach opportunity
NAW-11877,2026-01-01,FY26 Q1,Midwest,Dealer,Blue Ridge Music,Samira Khan,Stage Cutaway,Guitar,Spruce/Ovangkol,20,1020.51,0.12,20410.2,12042.02,8368.18,Medium,Dealer replenishment
NAW-11878,2026-01-01,FY26 Q1,Midwest,Artist Relations,Lakeside Strings,Dana Hart,Premium Strap,Accessory,Accessory,113,43.6,0.08,4926.8,2266.33,2660.47,Low,Dealer replenishment
NAW-11879,2026-01-01,FY26 Q1,Midwest,Artist Relations,Riverbend Instruments,Alex Rivera,Aurora Dreadnought,Guitar,Spruce/Mahogany,18,1256.39,0,22615.02,13116.71,9498.31,Low,Artist clinic follow-up
NAW-11880,2026-01-01,FY26 Q1,Midwest,Artist Relations,Copper Canyon Guitars,Samira Khan,Harbor OM,Guitar,Spruce/Rosewood,7,1653.04,0.1,11571.28,6248.49,5322.79,Low,Dealer replenishment
NAW-11881,2026-01-01,FY26 Q1,Midwest,Artist Relations,Pacific Pick House,Jordan Lee,Humidifier Kit,Accessory,Care,68,25.24,0.1,1716.32,738.02,978.3,Low,Artist clinic follow-up
NAW-11882,2026-01-01,FY26 Q1,Midwest,E-commerce,Pacific Pick House,Elliot Chen,Foundry Custom,Guitar,Adirondack/Maple,33,3215.02,0.05,106095.66,51986.87,54108.79,High,Dealer replenishment
NAW-11883,2026-01-01,FY26 Q1,Midwest,E-commerce,Desert Tone Co.,Casey Morgan,Humidifier Kit,Accessory,Care,142,25.24,0.1,3584.08,1541.15,2042.93,Low,Holiday prebuild
NAW-11884,2026-01-01,FY26 Q1,Midwest,Artist Relations,Riverbend Instruments,Dana Hart,Harbor OM,Guitar,Spruce/Rosewood,34,1616.31,0.12,54954.54,29675.45,25279.09,High,Holiday prebuild
NAW-11885,2026-01-01,FY26 Q1,Midwest,Education,Prairie Note,Morgan Evans,Trail Mini,Guitar,HPL/Sapele,16,458.5,0.05,7336.0,4695.04,2640.96,High,Dealer replenishment
NAW-11886,2026-01-01,FY26 Q1,Midwest,Artist Relations,Riverbend Instruments,Taylor Brooks,Stage Cutaway,Guitar,Spruce/Ovangkol,16,1159.67,0,18554.72,10947.28,7607.44,Medium,Dealer replenishment
NAW-11887,2026-01-01,FY26 Q1,Midwest,E-commerce,Soundpost Music,Taylor Brooks,Harbor OM,Guitar,Spruce/Rosewood,30,1836.71,0,55101.3,29754.7,25346.6,Medium,Artist clinic follow-up
NAW-11888,2026-01-01,FY26 Q1,Midwest,Distributor,Riverbend Instruments,Morgan Evans,Coated Lifespan Strings,Accessory,String set,89,21.36,0.08,1901.04,741.41,1159.63,High,Holiday prebuild
NAW-11889,2026-01-01,FY26 Q1,Midwest,Artist Relations,Blue Ridge Music,Dana Hart,Summit Grand Auditorium,Guitar,Spruce/Walnut,18,1360.97,0.12,24497.46,13718.58,10778.88,Low,Artist clinic follow-up
NAW-11890,2026-01-01,FY26 Q1,Midwest,Artist Relations,Pacific Pick House,Casey Morgan,Hardshell Case,Accessory,Case,55,201.23,0.05,11067.65,7193.97,3873.68,Medium,Back-to-school promotion
NAW-11891,2026-01-01,FY26 Q1,Midwest,E-commerce,Main Street Frets,Priya Shah,Northstar Ukulele,Instrument,Mahogany,37,310.55,0.08,11490.35,7009.11,4481.24,Medium,Accessory attach opportunity
NAW-11892,2026-01-01,FY26 Q1,Midwest,Education,Copper Canyon Guitars,Taylor Brooks,Northstar Ukulele,Instrument,Mahogany,21,310.55,0.08,6521.55,3978.15,2543.4,Low,Back-to-school promotion
NAW-11893,2026-01-01,FY26 Q1,Midwest,Distributor,Blue Ridge Music,Riley Stone,Humidifier Kit,Accessory,Care,93,26.65,0.05,2478.45,1065.73,1412.72,Medium,Accessory attach opportunity
NAW-11894,2026-01-01,FY26 Q1,Midwest,E-commerce,Desert Tone Co.,Jordan Lee,Hardshell Case,Accessory,Case,71,194.87,0.08,13835.77,8993.25,4842.52,Medium,Dealer replenishment
NAW-11895,2026-01-01,FY26 Q1,Midwest,Dealer,Copper Canyon Guitars,Samira Khan,Coated Lifespan Strings,Accessory,String set,133,20.43,0.12,2717.19,1059.7,1657.49,Low,Holiday prebuild
NAW-11896,2026-01-01,FY26 Q1,Midwest,Dealer,Pacific Pick House,Taylor Brooks,Foundry Custom,Guitar,Adirondack/Maple,17,3282.71,0.03,55806.07,27344.97,28461.1,Medium,Holiday prebuild
NAW-11897,2026-01-01,FY26 Q1,Midwest,Education,Desert Tone Co.,Morgan Evans,Coated Lifespan Strings,Accessory,String set,72,22.05,0.05,1587.6,619.16,968.44,High,Back-to-school promotion
NAW-11898,2026-01-01,FY26 Q1,Midwest,Dealer,Lakeside Strings,Casey Morgan,Foundry Custom,Guitar,Adirondack/Maple,7,3215.02,0.05,22505.14,11027.52,11477.62,Low,Artist clinic follow-up
NAW-11899,2026-01-01,FY26 Q1,Midwest,Dealer,Blue Ridge Music,Riley Stone,Foundry Custom,Guitar,Adirondack/Maple,5,3384.23,0,16921.15,8291.36,8629.79,Medium,Holiday prebuild
NAW-11900,2026-01-01,FY26 Q1,Midwest,Dealer,Lakeside Strings,Alex Rivera,Trail Mini,Guitar,HPL/Sapele,10,468.15,0.03,4681.5,2996.16,1685.34,Medium,Accessory attach opportunity
NAW-11901,2026-01-01,FY26 Q1,Midwest,E-commerce,Lakeside Strings,Morgan Evans,Trail Mini,Guitar,HPL/Sapele,9,444.02,0.08,3996.18,2557.56,1438.62,Low,Back-to-school promotion
NAW-11902,2026-01-01,FY26 Q1,Midwest,Artist Relations,Metro Music Supply,Casey Morgan,Aurora Dreadnought,Guitar,Spruce/Mahogany,14,1105.63,0.12,15478.82,8977.72,6501.1,High,Artist clinic follow-up
NAW-11903,2026-01-01,FY26 Q1,Midwest,Artist Relations,Pacific Pick House,Samira Khan,Stage Cutaway,Guitar,Spruce/Ovangkol,3,1124.88,0.03,3374.64,1991.04,1383.6,Medium,Holiday prebuild
NAW-11904,2026-01-01,FY26 Q1,Southwest,E-commerce,Riverbend Instruments,Samira Khan,Coated Lifespan Strings,Accessory,String set,61,24.46,0,1492.06,581.9,910.16,Low,Artist clinic follow-up
NAW-11905,2026-01-01,FY26 Q1,Southwest,Distributor,Riverbend Instruments,Taylor Brooks,Coated Lifespan Strings,Accessory,String set,132,24.46,0,3228.72,1259.2,1969.52,Low,Holiday prebuild
NAW-11906,2026-01-01,FY26 Q1,Southwest,Artist Relations,Blue Ridge Music,Samira Khan,Northstar Ukulele,Instrument,Mahogany,19,337.92,0.05,6420.48,3916.49,2503.99,High,Holiday prebuild
NAW-11907,2026-01-01,FY26 Q1,Southwest,Distributor,Metro Music Supply,Dana Hart,Hardshell Case,Accessory,Case,147,216.51,0.03,31826.97,20687.53,11139.44,Medium,Artist clinic follow-up
NAW-11908,2026-01-01,FY26 Q1,Southwest,Dealer,Metro Music Supply,Riley Stone,Foundry Custom,Guitar,Adirondack/Maple,10,3387.87,0.05,33878.7,16600.56,17278.14,Medium,Dealer replenishment
NAW-11909,2026-01-01,FY26 Q1,Southwest,Dealer,Pacific Pick House,Riley Stone,Summit Grand Auditorium,Guitar,Spruce/Walnut,5,1434.14,0.12,7170.7,4015.59,3155.11,Medium,Dealer replenishment
NAW-11910,2026-01-01,FY26 Q1,Southwest,Education,Copper Canyon Guitars,Casey Morgan,Stage Cutaway,Guitar,Spruce/Ovangkol,38,1160.92,0.05,44114.96,26027.83,18087.13,Medium,Dealer replenishment
NAW-11911,2026-01-01,FY26 Q1,Southwest,Artist Relations,Lakeside Strings,Morgan Evans,Premium Strap,Accessory,Accessory,52,45.95,0.08,2389.4,1099.12,1290.28,Low,Accessory attach opportunity
NAW-11912,2026-01-01,FY26 Q1,Southwest,Artist Relations,Cedar Hall Music,Jordan Lee,Humidifier Kit,Accessory,Care,61,28.67,0.03,1748.87,752.01,996.86,Medium,Accessory attach opportunity
NAW-11913,2026-01-01,FY26 Q1,Southwest,Dealer,Main Street Frets,Morgan Evans,Summit Grand Auditorium,Guitar,Spruce/Walnut,33,1466.73,0.1,48402.09,27105.17,21296.92,Low,Artist clinic follow-up
NAW-11914,2026-01-01,FY26 Q1,Southwest,E-commerce,Bayfront Studio Gear,Jordan Lee,Northstar Ukulele,Instrument,Mahogany,36,337.92,0.05,12165.12,7420.72,4744.4,High,Back-to-school promotion
NAW-11915,2026-01-01,FY26 Q1,Southwest,Distributor,Metro Music Supply,Elliot Chen,Harbor OM,Guitar,Spruce/Rosewood,9,1935.46,0,17419.14,9406.34,8012.8,Low,Back-to-school promotion
NAW-11916,2026-01-01,FY26 Q1,Southwest,Dealer,Metro Music Supply,Elliot Chen,Hardshell Case,Accessory,Case,24,196.42,0.12,4714.08,3064.15,1649.93,Low,Holiday prebuild
NAW-11917,2026-01-01,FY26 Q1,Southwest,Artist Relations,Main Street Frets,Priya Shah,Northstar Ukulele,Instrument,Mahogany,31,355.7,0,11026.7,6726.29,4300.41,Low,Artist clinic follow-up
NAW-11918,2026-01-01,FY26 Q1,Southwest,Education,Prairie Note,Priya Shah,Aurora Dreadnought,Guitar,Spruce/Mahogany,15,1165.07,0.12,17476.05,10136.11,7339.94,Medium,Holiday prebuild
NAW-11919,2026-01-01,FY26 Q1,Southwest,Education,Main Street Frets,Priya Shah,Trail Mini,Guitar,HPL/Sapele,17,508.58,0,8645.86,5533.35,3112.51,Medium,Holiday prebuild
NAW-11920,2026-01-01,FY26 Q1,Southwest,Distributor,Copper Canyon Guitars,Casey Morgan,Trail Mini,Guitar,HPL/Sapele,15,508.58,0,7628.7,4882.37,2746.33,Low,Dealer replenishment
NAW-11921,2026-01-01,FY26 Q1,Southwest,Artist Relations,Blue Ridge Music,Samira Khan,Coated Lifespan Strings,Accessory,String set,75,24.46,0,1834.5,715.46,1119.04,Medium,Artist clinic follow-up
NAW-11922,2026-01-01,FY26 Q1,Southwest,E-commerce,Soundpost Music,Alex Rivera,Summit Grand Auditorium,Guitar,Spruce/Walnut,22,1629.7,0,35853.4,20077.9,15775.5,Medium,Holiday prebuild
NAW-11923,2026-01-01,FY26 Q1,Southwest,Education,Main Street Frets,Elliot Chen,Summit Grand Auditorium,Guitar,Spruce/Walnut,4,1466.73,0.1,5866.92,3285.48,2581.44,Low,Back-to-school promotion
NAW-11924,2026-01-01,FY26 Q1,Southwest,E-commerce,Copper Canyon Guitars,Taylor Brooks,Phosphor Bronze Strings,Accessory,String set,83,14.35,0.12,1191.05,500.24,690.81,Low,Dealer replenishment
NAW-11925,2026-01-01,FY26 Q1,Southwest,Distributor,Pacific Pick House,Alex Rivera,Humidifier Kit,Accessory,Care,133,29.56,0,3931.48,1690.54,2240.94,Low,Holiday prebuild
NAW-11926,2026-01-01,FY26 Q1,Southwest,E-commerce,Desert Tone Co.,Alex Rivera,Trail Mini,Guitar,HPL/Sapele,7,493.32,0.03,3453.24,2210.07,1243.17,Low,Back-to-school promotion
NAW-11927,2026-01-01,FY26 Q1,Southwest,Education,Metro Music Supply,Priya Shah,Aurora Dreadnought,Guitar,Spruce/Mahogany,37,1323.94,0,48985.78,28411.75,20574.03,Low,Accessory attach opportunity
NAW-11928,2026-01-01,FY26 Q1,Southwest,Artist Relations,Main Street Frets,Elliot Chen,Trail Mini,Guitar,HPL/Sapele,21,467.89,0.08,9825.69,6288.44,3537.25,Medium,Artist clinic follow-up
NAW-11929,2026-01-01,FY26 Q1,Southwest,Distributor,Lakeside Strings,Samira Khan,Humidifier Kit,Accessory,Care,158,26.6,0.1,4202.8,1807.2,2395.6,Low,Accessory attach opportunity
NAW-11930,2026-01-01,FY26 Q1,Southwest,Artist Relations,Riverbend Instruments,Morgan Evans,Premium Strap,Accessory,Accessory,66,43.95,0.12,2900.7,1334.32,1566.38,Medium,Dealer replenishment
NAW-11931,2026-01-01,FY26 Q1,Southwest,Artist Relations,Bayfront Studio Gear,Priya Shah,Phosphor Bronze Strings,Accessory,String set,136,14.68,0.1,1996.48,838.52,1157.96,Medium,Artist clinic follow-up
NAW-11932,2026-01-01,FY26 Q1,West,Distributor,Cedar Hall Music,Jordan Lee,Hardshell Case,Accessory,Case,61,255.09,0,15560.49,10114.32,5446.17,Medium,Accessory attach opportunity
NAW-11933,2026-01-01,FY26 Q1,West,Distributor,Cedar Hall Music,Dana Hart,Phosphor Bronze Strings,Accessory,String set,70,18.08,0.03,1265.6,531.55,734.05,Medium,Artist clinic follow-up
NAW-11934,2026-01-01,FY26 Q1,West,E-commerce,Riverbend Instruments,Riley Stone,Harbor OM,Guitar,Spruce/Rosewood,4,1946.52,0.12,7786.08,4204.48,3581.6,Medium,Holiday prebuild
NAW-11935,2026-01-01,FY26 Q1,West,Distributor,Pacific Pick House,Taylor Brooks,Humidifier Kit,Accessory,Care,145,32.77,0.03,4751.65,2043.21,2708.44,Low,Dealer replenishment
NAW-11936,2026-01-01,FY26 Q1,West,Artist Relations,Soundpost Music,Elliot Chen,Foundry Custom,Guitar,Adirondack/Maple,18,3668.07,0.1,66025.26,32352.38,33672.88,Medium,Artist clinic follow-up
NAW-11937,2026-01-01,FY26 Q1,West,E-commerce,Riverbend Instruments,Dana Hart,Hardshell Case,Accessory,Case,82,247.44,0.03,20290.08,13188.55,7101.53,Medium,Holiday prebuild
NAW-11938,2026-01-01,FY26 Q1,West,E-commerce,Blue Ridge Music,Jordan Lee,Phosphor Bronze Strings,Accessory,String set,57,18.08,0.03,1030.56,432.84,597.72,Low,Accessory attach opportunity
NAW-11939,2026-01-01,FY26 Q1,West,Education,Soundpost Music,Morgan Evans,Foundry Custom,Guitar,Adirondack/Maple,17,3586.56,0.12,60971.52,29876.04,31095.48,Medium,Holiday prebuild
NAW-11940,2026-01-01,FY26 Q1,West,Dealer,Metro Music Supply,Samira Khan,Phosphor Bronze Strings,Accessory,String set,91,16.77,0.1,1526.07,640.95,885.12,Medium,Holiday prebuild
NAW-11941,2026-01-01,FY26 Q1,West,Dealer,Main Street Frets,Morgan Evans,Humidifier Kit,Accessory,Care,151,32.09,0.05,4845.59,2083.6,2761.99,Medium,Artist clinic follow-up
NAW-11942,2026-01-01,FY26 Q1,West,Dealer,Metro Music Supply,Riley Stone,Harbor OM,Guitar,Spruce/Rosewood,2,2101.36,0.05,4202.72,2269.47,1933.25,Medium,Artist clinic follow-up
NAW-11943,2026-01-01,FY26 Q1,West,Distributor,Main Street Frets,Taylor Brooks,Harbor OM,Guitar,Spruce/Rosewood,35,2035.0,0.08,71225.0,38461.5,32763.5,Low,Back-to-school promotion
NAW-11944,2026-01-01,FY26 Q1,West,Dealer,Cedar Hall Music,Samira Khan,Premium Strap,Accessory,Accessory,99,54.22,0.05,5367.78,2469.18,2898.6,Low,Back-to-school promotion
NAW-11945,2026-01-01,FY26 Q1,West,Artist Relations,Copper Canyon Guitars,Priya Shah,Foundry Custom,Guitar,Adirondack/Maple,30,3668.07,0.1,110042.1,53920.63,56121.47,Low,Dealer replenishment
NAW-11946,2026-01-01,FY26 Q1,West,Artist Relations,Desert Tone Co.,Riley Stone,Coated Lifespan Strings,Accessory,String set,56,26.56,0.05,1487.36,580.07,907.29,Low,Accessory attach opportunity
NAW-11947,2026-01-01,FY26 Q1,West,Distributor,Prairie Note,Riley Stone,Phosphor Bronze Strings,Accessory,String set,100,18.08,0.03,1808.0,759.36,1048.64,Medium,Holiday prebuild
NAW-11948,2026-01-01,FY26 Q1,West,Dealer,Metro Music Supply,Elliot Chen,Humidifier Kit,Accessory,Care,48,31.08,0.08,1491.84,641.49,850.35,Low,Back-to-school promotion
NAW-11949,2026-01-01,FY26 Q1,West,Dealer,Main Street Frets,Priya Shah,Summit Grand Auditorium,Guitar,Spruce/Walnut,3,1862.52,0,5587.56,3129.03,2458.53,Low,Dealer replenishment
NAW-11950,2026-01-01,FY26 Q1,West,Artist Relations,Bayfront Studio Gear,Riley Stone,Foundry Custom,Guitar,Adirondack/Maple,35,3668.07,0.1,128382.45,62907.4,65475.05,High,Dealer replenishment
NAW-11951,2026-01-01,FY26 Q1,West,Artist Relations,Lakeside Strings,Riley Stone,Summit Grand Auditorium,Guitar,Spruce/Walnut,19,1676.26,0.1,31848.94,17835.41,14013.53,Low,Dealer replenishment
NAW-11952,2026-01-01,FY26 Q1,West,E-commerce,Lakeside Strings,Taylor Brooks,Humidifier Kit,Accessory,Care,70,31.08,0.08,2175.6,935.51,1240.09,Low,Dealer replenishment
NAW-11953,2026-01-01,FY26 Q1,West,Artist Relations,Bayfront Studio Gear,Alex Rivera,Northstar Ukulele,Instrument,Mahogany,23,373.99,0.08,8601.77,5247.08,3354.69,Medium,Holiday prebuild
NAW-11954,2026-01-01,FY26 Q1,West,Education,Copper Canyon Guitars,Samira Khan,Humidifier Kit,Accessory,Care,155,32.09,0.05,4973.95,2138.8,2835.15,High,Back-to-school promotion
NAW-11955,2026-01-01,FY26 Q1,West,Artist Relations,Cedar Hall Music,Casey Morgan,Summit Grand Auditorium,Guitar,Spruce/Walnut,3,1676.26,0.1,5028.78,2816.12,2212.66,High,Holiday prebuild
NAW-11956,2026-01-01,FY26 Q1,West,Distributor,Cedar Hall Music,Morgan Evans,Coated Lifespan Strings,Accessory,String set,63,26.56,0.05,1673.28,652.58,1020.7,High,Dealer replenishment
NAW-11957,2026-01-01,FY26 Q1,West,Education,Lakeside Strings,Alex Rivera,Aurora Dreadnought,Guitar,Spruce/Mahogany,28,1361.77,0.1,38129.56,22115.14,16014.42,Low,Holiday prebuild
NAW-11958,2026-01-01,FY26 Q1,West,E-commerce,Bayfront Studio Gear,Taylor Brooks,Trail Mini,Guitar,HPL/Sapele,18,552.17,0.05,9939.06,6361.0,3578.06,High,Back-to-school promotion
NAW-11959,2026-01-01,FY26 Q1,West,E-commerce,Riverbend Instruments,Samira Khan,Summit Grand Auditorium,Guitar,Spruce/Walnut,33,1639.01,0.12,54087.33,30288.9,23798.43,Low,Holiday prebuild
NAW-11960,2026-02-01,FY26 Q1,Northeast,Artist Relations,Copper Canyon Guitars,Dana Hart,Foundry Custom,Guitar,Adirondack/Maple,4,3774.34,0.03,15097.36,7397.71,7699.65,Medium,Back-to-school promotion
NAW-11961,2026-02-01,FY26 Q1,Northeast,E-commerce,Lakeside Strings,Elliot Chen,Coated Lifespan Strings,Accessory,String set,135,26.69,0,3603.15,1405.23,2197.92,Low,Artist clinic follow-up
NAW-11962,2026-02-01,FY26 Q1,Northeast,E-commerce,Desert Tone Co.,Riley Stone,Summit Grand Auditorium,Guitar,Spruce/Walnut,6,1778.17,0,10669.02,5974.65,4694.37,Medium,Back-to-school promotion
NAW-11963,2026-02-01,FY26 Q1,Northeast,E-commerce,Copper Canyon Guitars,Elliot Chen,Phosphor Bronze Strings,Accessory,String set,77,17.79,0,1369.83,575.33,794.5,Low,Back-to-school promotion
NAW-11964,2026-02-01,FY26 Q1,Northeast,Dealer,Riverbend Instruments,Morgan Evans,Harbor OM,Guitar,Spruce/Rosewood,35,2111.79,0,73912.65,39912.83,33999.82,Low,Holiday prebuild
NAW-11965,2026-02-01,FY26 Q1,Northeast,Distributor,Prairie Note,Samira Khan,Premium Strap,Accessory,Accessory,144,50.13,0.08,7218.72,3320.61,3898.11,High,Holiday prebuild
NAW-11966,2026-02-01,FY26 Q1,Northeast,E-commerce,Main Street Frets,Priya Shah,Humidifier Kit,Accessory,Care,78,29.02,0.1,2263.56,973.33,1290.23,High,Back-to-school promotion
NAW-11967,2026-02-01,FY26 Q1,Northeast,Distributor,Copper Canyon Guitars,Dana Hart,Harbor OM,Guitar,Spruce/Rosewood,34,2111.79,0,71800.86,38772.46,33028.4,Low,Artist clinic follow-up
NAW-11968,2026-02-01,FY26 Q1,Northeast,Education,Main Street Frets,Riley Stone,Coated Lifespan Strings,Accessory,String set,88,25.35,0.05,2230.8,870.01,1360.79,Medium,Accessory attach opportunity
NAW-11969,2026-02-01,FY26 Q1,Northeast,Artist Relations,Lakeside Strings,Casey Morgan,Humidifier Kit,Accessory,Care,59,28.38,0.12,1674.42,720.0,954.42,Low,Holiday prebuild
NAW-11970,2026-02-01,FY26 Q1,Northeast,E-commerce,Cedar Hall Music,Casey Morgan,Hardshell Case,Accessory,Case,160,224.06,0.08,35849.6,23302.24,12547.36,Low,Accessory attach opportunity
NAW-11971,2026-02-01,FY26 Q1,Northeast,Artist Relations,Blue Ridge Music,Dana Hart,Aurora Dreadnought,Guitar,Spruce/Mahogany,9,1401.22,0.03,12610.98,7314.37,5296.61,Medium,Dealer replenishment
NAW-11972,2026-02-01,FY26 Q1,Northeast,Artist Relations,Main Street Frets,Riley Stone,Premium Strap,Accessory,Accessory,87,54.49,0,4740.63,2180.69,2559.94,High,Dealer replenishment
NAW-11973,2026-02-01,FY26 Q1,Northeast,Distributor,Metro Music Supply,Taylor Brooks,Aurora Dreadnought,Guitar,Spruce/Mahogany,21,1444.56,0,30335.76,17594.74,12741.02,Low,Accessory attach opportunity
NAW-11974,2026-02-01,FY26 Q1,Northeast,Artist Relations,Riverbend Instruments,Taylor Brooks,Northstar Ukulele,Instrument,Mahogany,28,368.7,0.05,10323.6,6297.4,4026.2,Medium,Back-to-school promotion
NAW-11975,2026-02-01,FY26 Q1,Northeast,E-commerce,Bayfront Studio Gear,Alex Rivera,Aurora Dreadnought,Guitar,Spruce/Mahogany,28,1328.99,0.08,37211.72,21582.8,15628.92,Low,Accessory attach opportunity
NAW-11976,2026-02-01,FY26 Q1,Northeast,Distributor,Bayfront Studio Gear,Samira Khan,Humidifier Kit,Accessory,Care,134,30.64,0.05,4105.76,1765.48,2340.28,Low,Holiday prebuild
NAW-11977,2026-02-01,FY26 Q1,Northeast,Artist Relations,Bayfront Studio Gear,Casey Morgan,Harbor OM,Guitar,Spruce/Rosewood,6,2111.79,0,12670.74,6842.2,5828.54,Medium,Back-to-school promotion
NAW-11978,2026-02-01,FY26 Q1,Northeast,Dealer,Pacific Pick House,Taylor Brooks,Foundry Custom,Guitar,Adirondack/Maple,37,3579.79,0.08,132452.23,64901.59,67550.64,Medium,Accessory attach opportunity
NAW-11979,2026-02-01,FY26 Q1,Northeast,Education,Lakeside Strings,Morgan Evans,Harbor OM,Guitar,Spruce/Rosewood,19,1942.85,0.08,36914.15,19933.64,16980.51,Medium,Back-to-school promotion
NAW-11980,2026-02-01,FY26 Q1,Northeast,Artist Relations,Lakeside Strings,Taylor Brooks,Coated Lifespan Strings,Accessory,String set,101,26.69,0,2695.69,1051.32,1644.37,Medium,Accessory attach opportunity
NAW-11981,2026-02-01,FY26 Q1,Northeast,Artist Relations,Riverbend Instruments,Priya Shah,Northstar Ukulele,Instrument,Mahogany,18,388.11,0,6985.98,4261.45,2724.53,Low,Artist clinic follow-up
NAW-11982,2026-02-01,FY26 Q1,Northeast,Dealer,Copper Canyon Guitars,Riley Stone,Aurora Dreadnought,Guitar,Spruce/Mahogany,21,1401.22,0.03,29425.62,17066.86,12358.76,High,Holiday prebuild
NAW-11983,2026-02-01,FY26 Q1,Northeast,Education,Blue Ridge Music,Morgan Evans,Hardshell Case,Accessory,Case,75,224.06,0.08,16804.5,10922.93,5881.57,Low,Holiday prebuild
NAW-11984,2026-02-01,FY26 Q1,Northeast,Artist Relations,Prairie Note,Casey Morgan,Premium Strap,Accessory,Accessory,160,47.95,0.12,7672.0,3529.12,4142.88,Low,Dealer replenishment
NAW-11985,2026-02-01,FY26 Q1,Northeast,Artist Relations,Pacific Pick House,Morgan Evans,Northstar Ukulele,Instrument,Mahogany,32,368.7,0.05,11798.4,7197.02,4601.38,Medium,Holiday prebuild
NAW-11986,2026-02-01,FY26 Q1,Northeast,E-commerce,Pacific Pick House,Elliot Chen,Coated Lifespan Strings,Accessory,String set,54,25.35,0.05,1368.9,533.87,835.03,Medium,Artist clinic follow-up
NAW-11987,2026-02-01,FY26 Q1,Northeast,Education,Metro Music Supply,Samira Khan,Harbor OM,Guitar,Spruce/Rosewood,36,2111.79,0,76024.44,41053.2,34971.24,Medium,Dealer replenishment
NAW-11988,2026-02-01,FY26 Q1,Southeast,E-commerce,Main Street Frets,Casey Morgan,Hardshell Case,Accessory,Case,157,224.81,0,35295.17,22941.86,12353.31,Low,Dealer replenishment
NAW-11989,2026-02-01,FY26 Q1,Southeast,E-commerce,Soundpost Music,Morgan Evans,Coated Lifespan Strings,Accessory,String set,135,24.64,0,3326.4,1297.3,2029.1,Low,Accessory attach opportunity
NAW-11990,2026-02-01,FY26 Q1,Southeast,Education,Riverbend Instruments,Riley Stone,Trail Mini,Guitar,HPL/Sapele,9,496.86,0.03,4471.74,2861.91,1609.83,Low,Accessory attach opportunity
NAW-11991,2026-02-01,FY26 Q1,Southeast,Artist Relations,Prairie Note,Alex Rivera,Aurora Dreadnought,Guitar,Spruce/Mahogany,25,1226.76,0.08,30669.0,17788.02,12880.98,Medium,Artist clinic follow-up
NAW-11992,2026-02-01,FY26 Q1,Southeast,Artist Relations,Prairie Note,Morgan Evans,Harbor OM,Guitar,Spruce/Rosewood,3,1754.41,0.1,5263.23,2842.14,2421.09,High,Artist clinic follow-up
NAW-11993,2026-02-01,FY26 Q1,Southeast,Distributor,Pacific Pick House,Alex Rivera,Aurora Dreadnought,Guitar,Spruce/Mahogany,4,1226.76,0.08,4907.04,2846.08,2060.96,Low,Back-to-school promotion
NAW-11994,2026-02-01,FY26 Q1,Southeast,E-commerce,Blue Ridge Music,Casey Morgan,Phosphor Bronze Strings,Accessory,String set,115,15.11,0.08,1737.65,729.81,1007.84,Medium,Back-to-school promotion
NAW-11995,2026-02-01,FY26 Q1,Southeast,E-commerce,Main Street Frets,Jordan Lee,Northstar Ukulele,Instrument,Mahogany,20,329.59,0.08,6591.8,4021.0,2570.8,High,Back-to-school promotion
NAW-11996,2026-02-01,FY26 Q1,Southeast,E-commerce,Bayfront Studio Gear,Dana Hart,Stage Cutaway,Guitar,Spruce/Ovangkol,10,1193.86,0.03,11938.6,7043.77,4894.83,Medium,Accessory attach opportunity
NAW-11997,2026-02-01,FY26 Q1,Southeast,Education,Bayfront Studio Gear,Elliot Chen,Aurora Dreadnought,Guitar,Spruce/Mahogany,18,1173.42,0.12,21121.56,12250.5,8871.06,High,Artist clinic follow-up
NAW-11998,2026-02-01,FY26 Q1,Southeast,Education,Bayfront Studio Gear,Dana Hart,Hardshell Case,Accessory,Case,144,197.83,0.12,28487.52,18516.89,9970.63,Medium,Artist clinic follow-up
NAW-11999,2026-02-01,FY26 Q1,Southeast,E-commerce,Blue Ridge Music,Dana Hart,Humidifier Kit,Accessory,Care,118,28.28,0.05,3337.04,1434.93,1902.11,Medium,Back-to-school promotion
NAW-12000,2026-02-01,FY26 Q1,Southeast,E-commerce,Cedar Hall Music,Casey Morgan,Summit Grand Auditorium,Guitar,Spruce/Walnut,34,1559.32,0.05,53016.88,29689.45,23327.43,Medium,Artist clinic follow-up
NAW-12001,2026-02-01,FY26 Q1,Southeast,Distributor,Blue Ridge Music,Priya Shah,Summit Grand Auditorium,Guitar,Spruce/Walnut,20,1592.15,0.03,31843.0,17832.08,14010.92,Low,Back-to-school promotion
NAW-12002,2026-02-01,FY26 Q1,Southeast,Education,Pacific Pick House,Dana Hart,Coated Lifespan Strings,Accessory,String set,59,22.17,0.1,1308.03,510.13,797.9,Medium,Artist clinic follow-up
NAW-12003,2026-02-01,FY26 Q1,Southeast,Education,Bayfront Studio Gear,Elliot Chen,Hardshell Case,Accessory,Case,135,197.83,0.12,26707.05,17359.58,9347.47,High,Artist clinic follow-up
NAW-12004,2026-02-01,FY26 Q1,Southeast,Education,Soundpost Music,Dana Hart,Coated Lifespan Strings,Accessory,String set,84,23.4,0.05,1965.6,766.58,1199.02,Medium,Artist clinic follow-up
NAW-12005,2026-02-01,FY26 Q1,Southeast,Artist Relations,Bayfront Studio Gear,Elliot Chen,Humidifier Kit,Accessory,Care,34,28.28,0.05,961.52,413.45,548.07,Medium,Dealer replenishment
NAW-12006,2026-02-01,FY26 Q1,Southeast,Distributor,Blue Ridge Music,Riley Stone,Foundry Custom,Guitar,Adirondack/Maple,20,3412.17,0.05,68243.4,33439.27,34804.13,Medium,Back-to-school promotion
NAW-12007,2026-02-01,FY26 Q1,Southeast,E-commerce,Soundpost Music,Casey Morgan,Northstar Ukulele,Instrument,Mahogany,20,340.34,0.05,6806.8,4152.15,2654.65,Low,Dealer replenishment
NAW-12008,2026-02-01,FY26 Q1,Southeast,E-commerce,Lakeside Strings,Samira Khan,Hardshell Case,Accessory,Case,135,218.06,0.03,29438.1,19134.76,10303.34,Low,Artist clinic follow-up
NAW-12009,2026-02-01,FY26 Q1,Southeast,Education,Riverbend Instruments,Priya Shah,Northstar Ukulele,Instrument,Mahogany,26,347.5,0.03,9035.0,5511.35,3523.65,Low,Back-to-school promotion
NAW-12010,2026-02-01,FY26 Q1,Southeast,Dealer,Prairie Note,Dana Hart,Harbor OM,Guitar,Spruce/Rosewood,20,1754.41,0.1,35088.2,18947.63,16140.57,Medium,Accessory attach opportunity
NAW-12011,2026-02-01,FY26 Q1,Southeast,Distributor,Cedar Hall Music,Dana Hart,Harbor OM,Guitar,Spruce/Rosewood,17,1851.88,0.05,31481.96,17000.26,14481.7,Low,Dealer replenishment
NAW-12012,2026-02-01,FY26 Q1,Southeast,Education,Metro Music Supply,Casey Morgan,Hardshell Case,Accessory,Case,90,224.81,0,20232.9,13151.39,7081.51,Medium,Holiday prebuild
NAW-12013,2026-02-01,FY26 Q1,Southeast,Dealer,Desert Tone Co.,Taylor Brooks,Foundry Custom,Guitar,Adirondack/Maple,6,3160.75,0.12,18964.5,9292.6,9671.9,Low,Dealer replenishment
NAW-12014,2026-02-01,FY26 Q1,Southeast,E-commerce,Pacific Pick House,Samira Khan,Premium Strap,Accessory,Accessory,156,44.26,0.12,6904.56,3176.1,3728.46,Low,Dealer replenishment
NAW-12015,2026-02-01,FY26 Q1,Southeast,Education,Riverbend Instruments,Priya Shah,Stage Cutaway,Guitar,Spruce/Ovangkol,14,1193.86,0.03,16714.04,9861.28,6852.76,Medium,Artist clinic follow-up
NAW-12016,2026-02-01,FY26 Q1,Midwest,Distributor,Main Street Frets,Riley Stone,Humidifier Kit,Accessory,Care,50,25.38,0.12,1269.0,545.67,723.33,Medium,Accessory attach opportunity
NAW-12017,2026-02-01,FY26 Q1,Midwest,Education,Pacific Pick House,Priya Shah,Phosphor Bronze Strings,Accessory,String set,100,15.12,0.05,1512.0,635.04,876.96,Medium,Artist clinic follow-up
NAW-12018,2026-02-01,FY26 Q1,Midwest,Artist Relations,Prairie Note,Riley Stone,Northstar Ukulele,Instrument,Mahogany,10,319.29,0.08,3192.9,1947.67,1245.23,Low,Back-to-school promotion
NAW-12019,2026-02-01,FY26 Q1,Midwest,Distributor,Copper Canyon Guitars,Taylor Brooks,Harbor OM,Guitar,Spruce/Rosewood,17,1737.35,0.08,29534.95,15948.87,13586.08,High,Back-to-school promotion
NAW-12020,2026-02-01,FY26 Q1,Midwest,Artist Relations,Blue Ridge Music,Riley Stone,Coated Lifespan Strings,Accessory,String set,130,22.67,0.05,2947.1,1149.37,1797.73,Low,Artist clinic follow-up
NAW-12021,2026-02-01,FY26 Q1,Midwest,Distributor,Prairie Note,Casey Morgan,Hardshell Case,Accessory,Case,125,191.65,0.12,23956.25,15571.56,8384.69,Low,Accessory attach opportunity
NAW-12022,2026-02-01,FY26 Q1,Midwest,Distributor,Soundpost Music,Elliot Chen,Premium Strap,Accessory,Accessory,74,44.83,0.08,3317.42,1526.01,1791.41,Medium,Dealer replenishment
NAW-12023,2026-02-01,FY26 Q1,Midwest,E-commerce,Main Street Frets,Elliot Chen,Aurora Dreadnought,Guitar,Spruce/Mahogany,25,1291.77,0,32294.25,18730.67,13563.58,Low,Holiday prebuild
NAW-12024,2026-02-01,FY26 Q1,Midwest,Distributor,Prairie Note,Casey Morgan,Hardshell Case,Accessory,Case,26,200.36,0.08,5209.36,3386.08,1823.28,Medium,Back-to-school promotion
NAW-12025,2026-02-01,FY26 Q1,Midwest,Dealer,Prairie Note,Alex Rivera,Phosphor Bronze Strings,Accessory,String set,137,15.91,0,2179.67,915.46,1264.21,Medium,Artist clinic follow-up
NAW-12026,2026-02-01,FY26 Q1,Midwest,Education,Lakeside Strings,Riley Stone,Aurora Dreadnought,Guitar,Spruce/Mahogany,5,1253.01,0.03,6265.05,3633.73,2631.32,Medium,Artist clinic follow-up
NAW-12027,2026-02-01,FY26 Q1,Midwest,Education,Desert Tone Co.,Elliot Chen,Northstar Ukulele,Instrument,Mahogany,13,336.65,0.03,4376.45,2669.63,1706.82,High,Back-to-school promotion
NAW-12028,2026-02-01,FY26 Q1,Midwest,Dealer,Soundpost Music,Riley Stone,Hardshell Case,Accessory,Case,41,206.89,0.05,8482.49,5513.62,2968.87,Low,Dealer replenishment
NAW-12029,2026-02-01,FY26 Q1,Midwest,Education,Pacific Pick House,Samira Khan,Summit Grand Auditorium,Guitar,Spruce/Walnut,29,1399.29,0.12,40579.41,22724.47,17854.94,High,Dealer replenishment
NAW-12030,2026-02-01,FY26 Q1,Midwest,E-commerce,Copper Canyon Guitars,Elliot Chen,Humidifier Kit,Accessory,Care,121,28.84,0,3489.64,1500.55,1989.09,High,Back-to-school promotion
NAW-12031,2026-02-01,FY26 Q1,Midwest,Education,Main Street Frets,Alex Rivera,Humidifier Kit,Accessory,Care,79,25.38,0.12,2005.02,862.16,1142.86,Medium,Artist clinic follow-up
NAW-12032,2026-02-01,FY26 Q1,Midwest,E-commerce,Main Street Frets,Morgan Evans,Humidifier Kit,Accessory,Care,133,27.4,0.05,3644.2,1567.01,2077.19,Medium,Holiday prebuild
NAW-12033,2026-02-01,FY26 Q1,Midwest,E-commerce,Metro Music Supply,Priya Shah,Stage Cutaway,Guitar,Spruce/Ovangkol,10,1073.09,0.1,10730.9,6331.23,4399.67,High,Artist clinic follow-up
NAW-12034,2026-02-01,FY26 Q1,Midwest,Education,Lakeside Strings,Riley Stone,Trail Mini,Guitar,HPL/Sapele,9,446.6,0.1,4019.4,2572.42,1446.98,High,Artist clinic follow-up
NAW-12035,2026-02-01,FY26 Q1,Midwest,E-commerce,Prairie Note,Dana Hart,Summit Grand Auditorium,Guitar,Spruce/Walnut,27,1431.09,0.1,38639.43,21638.08,17001.35,Low,Artist clinic follow-up
NAW-12036,2026-02-01,FY26 Q1,Midwest,E-commerce,Metro Music Supply,Priya Shah,Trail Mini,Guitar,HPL/Sapele,31,446.6,0.1,13844.6,8860.54,4984.06,Medium,Accessory attach opportunity
NAW-12037,2026-02-01,FY26 Q1,Midwest,E-commerce,Pacific Pick House,Riley Stone,Foundry Custom,Guitar,Adirondack/Maple,6,3201.16,0.08,19206.96,9411.41,9795.55,Medium,Dealer replenishment
NAW-12038,2026-02-01,FY26 Q1,Midwest,Education,Riverbend Instruments,Morgan Evans,Northstar Ukulele,Instrument,Mahogany,18,319.29,0.08,5747.22,3505.8,2241.42,High,Accessory attach opportunity
NAW-12039,2026-02-01,FY26 Q1,Midwest,Artist Relations,Soundpost Music,Taylor Brooks,Premium Strap,Accessory,Accessory,142,44.83,0.08,6365.86,2928.3,3437.56,Medium,Dealer replenishment
NAW-12040,2026-02-01,FY26 Q1,Midwest,Dealer,Pacific Pick House,Morgan Evans,Aurora Dreadnought,Guitar,Spruce/Mahogany,34,1227.18,0.05,41724.12,24199.99,17524.13,Low,Dealer replenishment
NAW-12041,2026-02-01,FY26 Q1,Midwest,Artist Relations,Lakeside Strings,Riley Stone,Trail Mini,Guitar,HPL/Sapele,21,456.52,0.08,9586.92,6135.63,3451.29,Low,Accessory attach opportunity
NAW-12042,2026-02-01,FY26 Q1,Midwest,Education,Pacific Pick House,Jordan Lee,Northstar Ukulele,Instrument,Mahogany,20,347.06,0,6941.2,4234.13,2707.07,High,Artist clinic follow-up
NAW-12043,2026-02-01,FY26 Q1,Midwest,Artist Relations,Main Street Frets,Samira Khan,Phosphor Bronze Strings,Accessory,String set,136,15.91,0,2163.76,908.78,1254.98,Low,Accessory attach opportunity
NAW-12044,2026-02-01,FY26 Q1,Southwest,Distributor,Main Street Frets,Samira Khan,Phosphor Bronze Strings,Accessory,String set,78,15.43,0.08,1203.54,505.49,698.05,Low,Holiday prebuild
NAW-12045,2026-02-01,FY26 Q1,Southwest,Dealer,Copper Canyon Guitars,Taylor Brooks,Foundry Custom,Guitar,Adirondack/Maple,35,3373.26,0.08,118064.1,57851.41,60212.69,Low,Back-to-school promotion
NAW-12046,2026-02-01,FY26 Q1,Southwest,Artist Relations,Riverbend Instruments,Alex Rivera,Humidifier Kit,Accessory,Care,67,26.74,0.12,1791.58,770.38,1021.2,High,Artist clinic follow-up
NAW-12047,2026-02-01,FY26 Q1,Southwest,Education,Soundpost Music,Alex Rivera,Humidifier Kit,Accessory,Care,118,27.35,0.1,3227.3,1387.74,1839.56,Low,Holiday prebuild
NAW-12048,2026-02-01,FY26 Q1,Southwest,Dealer,Pacific Pick House,Casey Morgan,Summit Grand Auditorium,Guitar,Spruce/Walnut,9,1508.03,0.1,13572.27,7600.47,5971.8,Low,Back-to-school promotion
NAW-12049,2026-02-01,FY26 Q1,Southwest,Artist Relations,Copper Canyon Guitars,Elliot Chen,Northstar Ukulele,Instrument,Mahogany,14,365.72,0,5120.08,3123.25,1996.83,Low,Accessory attach opportunity
NAW-12050,2026-02-01,FY26 Q1,Southwest,Education,Prairie Note,Morgan Evans,Humidifier Kit,Accessory,Care,149,29.48,0.03,4392.52,1888.78,2503.74,Medium,Holiday prebuild
NAW-12051,2026-02-01,FY26 Q1,Southwest,Education,Blue Ridge Music,Alex Rivera,Coated Lifespan Strings,Accessory,String set,24,25.15,0,603.6,235.4,368.2,Low,Accessory attach opportunity
NAW-12052,2026-02-01,FY26 Q1,Southwest,E-commerce,Soundpost Music,Riley Stone,Summit Grand Auditorium,Guitar,Spruce/Walnut,7,1474.52,0.12,10321.64,5780.12,4541.52,Low,Artist clinic follow-up
NAW-12053,2026-02-01,FY26 Q1,Southwest,E-commerce,Metro Music Supply,Morgan Evans,Humidifier Kit,Accessory,Care,105,29.48,0.03,3095.4,1331.02,1764.38,Medium,Accessory attach opportunity
NAW-12054,2026-02-01,FY26 Q1,Southwest,Dealer,Lakeside Strings,Priya Shah,Coated Lifespan Strings,Accessory,String set,54,25.15,0,1358.1,529.66,828.44,High,Dealer replenishment
NAW-12055,2026-02-01,FY26 Q1,Southwest,E-commerce,Copper Canyon Guitars,Priya Shah,Stage Cutaway,Guitar,Spruce/Ovangkol,2,1155.91,0.08,2311.82,1363.97,947.85,Medium,Holiday prebuild
NAW-12056,2026-02-01,FY26 Q1,Southwest,Artist Relations,Pacific Pick House,Elliot Chen,Foundry Custom,Guitar,Adirondack/Maple,20,3483.26,0.05,69665.2,34135.95,35529.25,Low,Artist clinic follow-up
NAW-12057,2026-02-01,FY26 Q1,Southwest,Education,Blue Ridge Music,Casey Morgan,Phosphor Bronze Strings,Accessory,String set,72,14.75,0.12,1062.0,446.04,615.96,Medium,Dealer replenishment
NAW-12058,2026-02-01,FY26 Q1,Southwest,Dealer,Desert Tone Co.,Taylor Brooks,Stage Cutaway,Guitar,Spruce/Ovangkol,10,1256.43,0,12564.3,7412.94,5151.36,Medium,Back-to-school promotion
NAW-12059,2026-02-01,FY26 Q1,Southwest,E-commerce,Lakeside Strings,Alex Rivera,Trail Mini,Guitar,HPL/Sapele,23,522.9,0,12026.7,7697.09,4329.61,High,Back-to-school promotion
NAW-12060,2026-02-01,FY26 Q1,Southwest,Distributor,Prairie Note,Taylor Brooks,Coated Lifespan Strings,Accessory,String set,133,22.13,0.12,2943.29,1147.88,1795.41,High,Accessory attach opportunity
NAW-12061,2026-02-01,FY26 Q1,Southwest,Dealer,Prairie Note,Jordan Lee,Summit Grand Auditorium,Guitar,Spruce/Walnut,4,1508.03,0.1,6032.12,3377.99,2654.13,Medium,Back-to-school promotion
NAW-12062,2026-02-01,FY26 Q1,Southwest,Education,Desert Tone Co.,Alex Rivera,Humidifier Kit,Accessory,Care,22,29.48,0.03,648.56,278.88,369.68,Low,Holiday prebuild
NAW-12063,2026-02-01,FY26 Q1,Southwest,Distributor,Lakeside Strings,Riley Stone,Premium Strap,Accessory,Accessory,124,46.21,0.1,5730.04,2635.82,3094.22,Medium,Back-to-school promotion
NAW-12064,2026-02-01,FY26 Q1,Southwest,Distributor,Desert Tone Co.,Dana Hart,Phosphor Bronze Strings,Accessory,String set,110,15.93,0.05,1752.3,735.97,1016.33,Medium,Artist clinic follow-up
NAW-12065,2026-02-01,FY26 Q1,Southwest,Distributor,Metro Music Supply,Jordan Lee,Harbor OM,Guitar,Spruce/Rosewood,37,1890.46,0.05,69947.02,37771.39,32175.63,Medium,Accessory attach opportunity
NAW-12066,2026-02-01,FY26 Q1,Southwest,E-commerce,Soundpost Music,Dana Hart,Humidifier Kit,Accessory,Care,93,27.35,0.1,2543.55,1093.73,1449.82,High,Holiday prebuild
NAW-12067,2026-02-01,FY26 Q1,Southwest,Artist Relations,Metro Music Supply,Casey Morgan,Phosphor Bronze Strings,Accessory,String set,143,15.93,0.05,2277.99,956.76,1321.23,High,Dealer replenishment
NAW-12068,2026-02-01,FY26 Q1,Southwest,E-commerce,Riverbend Instruments,Jordan Lee,Foundry Custom,Guitar,Adirondack/Maple,35,3226.6,0.12,112931.0,55336.19,57594.81,Medium,Accessory attach opportunity
NAW-12069,2026-02-01,FY26 Q1,Southwest,Distributor,Blue Ridge Music,Morgan Evans,Hardshell Case,Accessory,Case,124,206.54,0.1,25610.96,16647.12,8963.84,High,Artist clinic follow-up
NAW-12070,2026-02-01,FY26 Q1,Southwest,Distributor,Prairie Note,Casey Morgan,Summit Grand Auditorium,Guitar,Spruce/Walnut,8,1675.59,0,13404.72,7506.64,5898.08,High,Holiday prebuild
NAW-12071,2026-02-01,FY26 Q1,Southwest,Education,Desert Tone Co.,Casey Morgan,Aurora Dreadnought,Guitar,Spruce/Mahogany,22,1293.16,0.05,28449.52,16500.72,11948.8,Low,Artist clinic follow-up
NAW-12072,2026-02-01,FY26 Q1,West,Education,Main Street Frets,Jordan Lee,Foundry Custom,Guitar,Adirondack/Maple,27,3771.35,0.1,101826.45,49894.96,51931.49,Low,Dealer replenishment
NAW-12073,2026-02-01,FY26 Q1,West,Artist Relations,Soundpost Music,Riley Stone,Humidifier Kit,Accessory,Care,62,34.73,0,2153.26,925.9,1227.36,Medium,Artist clinic follow-up
NAW-12074,2026-02-01,FY26 Q1,West,Dealer,Metro Music Supply,Riley Stone,Premium Strap,Accessory,Accessory,63,56.92,0.03,3585.96,1649.54,1936.42,Low,Holiday prebuild
NAW-12075,2026-02-01,FY26 Q1,West,Dealer,Copper Canyon Guitars,Taylor Brooks,Coated Lifespan Strings,Accessory,String set,145,27.31,0.05,3959.95,1544.38,2415.57,High,Accessory attach opportunity
NAW-12076,2026-02-01,FY26 Q1,West,E-commerce,Main Street Frets,Alex Rivera,Trail Mini,Guitar,HPL/Sapele,5,597.6,0,2988.0,1912.32,1075.68,Medium,Back-to-school promotion
NAW-12077,2026-02-01,FY26 Q1,West,Education,Blue Ridge Music,Taylor Brooks,Stage Cutaway,Guitar,Spruce/Ovangkol,15,1292.33,0.1,19384.95,11437.12,7947.83,Medium,Accessory attach opportunity
NAW-12078,2026-02-01,FY26 Q1,West,E-commerce,Copper Canyon Guitars,Casey Morgan,Trail Mini,Guitar,HPL/Sapele,18,597.6,0,10756.8,6884.35,3872.45,Medium,Artist clinic follow-up
NAW-12079,2026-02-01,FY26 Q1,West,Dealer,Blue Ridge Music,Alex Rivera,Foundry Custom,Guitar,Adirondack/Maple,18,3855.16,0.08,69392.88,34002.51,35390.37,High,Dealer replenishment
NAW-12080,2026-02-01,FY26 Q1,West,E-commerce,Main Street Frets,Alex Rivera,Trail Mini,Guitar,HPL/Sapele,2,567.72,0.05,1135.44,726.68,408.76,Medium,Back-to-school promotion
NAW-12081,2026-02-01,FY26 Q1,West,E-commerce,Blue Ridge Music,Samira Khan,Summit Grand Auditorium,Guitar,Spruce/Walnut,10,1761.76,0.08,17617.6,9865.86,7751.74,Medium,Accessory attach opportunity
NAW-12082,2026-02-01,FY26 Q1,West,Artist Relations,Desert Tone Co.,Taylor Brooks,Northstar Ukulele,Instrument,Mahogany,21,367.81,0.12,7724.01,4711.65,3012.36,Medium,Dealer replenishment
NAW-12083,2026-02-01,FY26 Q1,West,E-commerce,Desert Tone Co.,Jordan Lee,Hardshell Case,Accessory,Case,119,249.16,0.05,29650.04,19272.53,10377.51,High,Artist clinic follow-up
NAW-12084,2026-02-01,FY26 Q1,West,Dealer,Pacific Pick House,Jordan Lee,Harbor OM,Guitar,Spruce/Rosewood,33,2274.23,0,75049.59,40526.78,34522.81,Medium,Back-to-school promotion
NAW-12085,2026-02-01,FY26 Q1,West,Education,Bayfront Studio Gear,Casey Morgan,Trail Mini,Guitar,HPL/Sapele,10,597.6,0,5976.0,3824.64,2151.36,High,Artist clinic follow-up
NAW-12086,2026-02-01,FY26 Q1,West,E-commerce,Lakeside Strings,Priya Shah,Northstar Ukulele,Instrument,Mahogany,27,417.96,0,11284.92,6883.8,4401.12,High,Accessory attach opportunity
NAW-12087,2026-02-01,FY26 Q1,West,Distributor,Metro Music Supply,Dana Hart,Summit Grand Auditorium,Guitar,Spruce/Walnut,15,1761.76,0.08,26426.4,14798.78,11627.62,Low,Artist clinic follow-up
NAW-12088,2026-02-01,FY26 Q1,West,E-commerce,Desert Tone Co.,Taylor Brooks,Northstar Ukulele,Instrument,Mahogany,22,367.81,0.12,8091.82,4936.01,3155.81,Low,Accessory attach opportunity
NAW-12089,2026-02-01,FY26 Q1,West,Artist Relations,Riverbend Instruments,Elliot Chen,Phosphor Bronze Strings,Accessory,String set,150,17.63,0.08,2644.5,1110.69,1533.81,High,Dealer replenishment
NAW-12090,2026-02-01,FY26 Q1,West,Artist Relations,Bayfront Studio Gear,Morgan Evans,Trail Mini,Guitar,HPL/Sapele,26,597.6,0,15537.6,9944.06,5593.54,Low,Accessory attach opportunity
NAW-12091,2026-02-01,FY26 Q1,West,Distributor,Prairie Note,Taylor Brooks,Trail Mini,Guitar,HPL/Sapele,17,549.79,0.08,9346.43,5981.72,3364.71,Low,Dealer replenishment
NAW-12092,2026-02-01,FY26 Q1,West,Dealer,Pacific Pick House,Morgan Evans,Trail Mini,Guitar,HPL/Sapele,34,549.79,0.08,18692.86,11963.43,6729.43,Low,Holiday prebuild
NAW-12093,2026-02-01,FY26 Q1,West,E-commerce,Bayfront Studio Gear,Elliot Chen,Foundry Custom,Guitar,Adirondack/Maple,6,3771.35,0.1,22628.1,11087.77,11540.33,High,Accessory attach opportunity
NAW-12094,2026-02-01,FY26 Q1,West,Dealer,Pacific Pick House,Casey Morgan,Northstar Ukulele,Instrument,Mahogany,37,397.06,0.05,14691.22,8961.64,5729.58,Low,Dealer replenishment
NAW-12095,2026-02-01,FY26 Q1,West,Distributor,Bayfront Studio Gear,Elliot Chen,Aurora Dreadnought,Guitar,Spruce/Mahogany,6,1477.89,0.05,8867.34,5143.06,3724.28,Medium,Holiday prebuild
NAW-12096,2026-02-01,FY26 Q1,West,E-commerce,Main Street Frets,Morgan Evans,Coated Lifespan Strings,Accessory,String set,70,25.87,0.1,1810.9,706.25,1104.65,Low,Holiday prebuild
NAW-12097,2026-02-01,FY26 Q1,West,Distributor,Copper Canyon Guitars,Priya Shah,Phosphor Bronze Strings,Accessory,String set,85,18.2,0.05,1547.0,649.74,897.26,Low,Artist clinic follow-up
NAW-12098,2026-02-01,FY26 Q1,West,Distributor,Pacific Pick House,Riley Stone,Phosphor Bronze Strings,Accessory,String set,112,18.2,0.05,2038.4,856.13,1182.27,Medium,Back-to-school promotion
NAW-12099,2026-02-01,FY26 Q1,West,Dealer,Copper Canyon Guitars,Casey Morgan,Northstar Ukulele,Instrument,Mahogany,4,397.06,0.05,1588.24,968.83,619.41,Low,Dealer replenishment
NAW-12100,2026-03-01,FY26 Q1,Northeast,Education,Lakeside Strings,Elliot Chen,Hardshell Case,Accessory,Case,29,216.46,0.12,6277.34,4080.27,2197.07,High,Back-to-school promotion
NAW-12101,2026-03-01,FY26 Q1,Northeast,E-commerce,Pacific Pick House,Alex Rivera,Summit Grand Auditorium,Guitar,Spruce/Walnut,4,1652.32,0.08,6609.28,3701.2,2908.08,Medium,Holiday prebuild
NAW-12102,2026-03-01,FY26 Q1,Northeast,E-commerce,Copper Canyon Guitars,Morgan Evans,Northstar Ukulele,Instrument,Mahogany,14,380.24,0.03,5323.36,3247.25,2076.11,Low,Accessory attach opportunity
NAW-12103,2026-03-01,FY26 Q1,Northeast,E-commerce,Prairie Note,Samira Khan,Hardshell Case,Accessory,Case,74,216.46,0.12,16018.04,10411.73,5606.31,Low,Artist clinic follow-up
NAW-12104,2026-03-01,FY26 Q1,Northeast,E-commerce,Soundpost Music,Taylor Brooks,Aurora Dreadnought,Guitar,Spruce/Mahogany,8,1342.31,0.08,10738.48,6228.32,4510.16,Medium,Accessory attach opportunity
NAW-12105,2026-03-01,FY26 Q1,Northeast,Education,Metro Music Supply,Casey Morgan,Harbor OM,Guitar,Spruce/Rosewood,16,1877.0,0.12,30032.0,16217.28,13814.72,Medium,Back-to-school promotion
NAW-12106,2026-03-01,FY26 Q1,Northeast,Artist Relations,Main Street Frets,Morgan Evans,Summit Grand Auditorium,Guitar,Spruce/Walnut,23,1616.4,0.1,37177.2,20819.23,16357.97,Medium,Artist clinic follow-up
NAW-12107,2026-03-01,FY26 Q1,Northeast,Education,Metro Music Supply,Taylor Brooks,Aurora Dreadnought,Guitar,Spruce/Mahogany,15,1386.08,0.05,20791.2,12058.9,8732.3,Medium,Dealer replenishment
NAW-12108,2026-03-01,FY26 Q1,Northeast,Dealer,Soundpost Music,Taylor Brooks,Northstar Ukulele,Instrument,Mahogany,28,352.8,0.1,9878.4,6025.82,3852.58,High,Accessory attach opportunity
NAW-12109,2026-03-01,FY26 Q1,Northeast,Artist Relations,Soundpost Music,Elliot Chen,Northstar Ukulele,Instrument,Mahogany,17,344.96,0.12,5864.32,3577.24,2287.08,Low,Artist clinic follow-up
NAW-12110,2026-03-01,FY26 Q1,Northeast,Education,Pacific Pick House,Dana Hart,Coated Lifespan Strings,Accessory,String set,49,26.96,0,1321.04,515.21,805.83,Low,Artist clinic follow-up
NAW-12111,2026-03-01,FY26 Q1,Northeast,Education,Main Street Frets,Taylor Brooks,Northstar Ukulele,Instrument,Mahogany,21,352.8,0.1,7408.8,4519.37,2889.43,Low,Dealer replenishment
NAW-12112,2026-03-01,FY26 Q1,Northeast,Dealer,Riverbend Instruments,Taylor Brooks,Coated Lifespan Strings,Accessory,String set,151,26.15,0.03,3948.65,1539.97,2408.68,Medium,Artist clinic follow-up
NAW-12113,2026-03-01,FY26 Q1,Northeast,Artist Relations,Bayfront Studio Gear,Alex Rivera,Summit Grand Auditorium,Guitar,Spruce/Walnut,20,1580.48,0.12,31609.6,17701.38,13908.22,Medium,Holiday prebuild
NAW-12114,2026-03-01,FY26 Q1,Northeast,E-commerce,Copper Canyon Guitars,Elliot Chen,Harbor OM,Guitar,Spruce/Rosewood,26,1962.32,0.08,51020.32,27550.97,23469.35,Medium,Holiday prebuild
NAW-12115,2026-03-01,FY26 Q1,Northeast,Education,Metro Music Supply,Alex Rivera,Hardshell Case,Accessory,Case,33,216.46,0.12,7143.18,4643.07,2500.11,Medium,Accessory attach opportunity
NAW-12116,2026-03-01,FY26 Q1,Northeast,E-commerce,Pacific Pick House,Priya Shah,Hardshell Case,Accessory,Case,48,245.98,0,11807.04,7674.58,4132.46,Low,Back-to-school promotion
NAW-12117,2026-03-01,FY26 Q1,Northeast,Education,Soundpost Music,Alex Rivera,Trail Mini,Guitar,HPL/Sapele,35,543.66,0.03,19028.1,12177.98,6850.12,High,Dealer replenishment
NAW-12118,2026-03-01,FY26 Q1,Northeast,Education,Riverbend Instruments,Morgan Evans,Humidifier Kit,Accessory,Care,62,29.32,0.1,1817.84,781.67,1036.17,High,Holiday prebuild
NAW-12119,2026-03-01,FY26 Q1,Northeast,Artist Relations,Riverbend Instruments,Alex Rivera,Trail Mini,Guitar,HPL/Sapele,10,560.48,0,5604.8,3587.07,2017.73,Medium,Artist clinic follow-up
NAW-12120,2026-03-01,FY26 Q1,Northeast,E-commerce,Desert Tone Co.,Taylor Brooks,Foundry Custom,Guitar,Adirondack/Maple,23,3615.67,0.08,83160.41,40748.6,42411.81,Medium,Dealer replenishment
NAW-12121,2026-03-01,FY26 Q1,Northeast,E-commerce,Metro Music Supply,Taylor Brooks,Hardshell Case,Accessory,Case,41,245.98,0,10085.18,6555.37,3529.81,Medium,Back-to-school promotion
NAW-12122,2026-03-01,FY26 Q1,Northeast,Dealer,Blue Ridge Music,Taylor Brooks,Stage Cutaway,Guitar,Spruce/Ovangkol,23,1279.38,0.05,29425.74,17361.19,12064.55,Low,Back-to-school promotion
NAW-12123,2026-03-01,FY26 Q1,Northeast,Dealer,Metro Music Supply,Casey Morgan,Summit Grand Auditorium,Guitar,Spruce/Walnut,34,1742.12,0.03,59232.08,33169.96,26062.12,Medium,Artist clinic follow-up
NAW-12124,2026-03-01,FY26 Q1,Northeast,Artist Relations,Metro Music Supply,Dana Hart,Phosphor Bronze Strings,Accessory,String set,40,17.43,0.03,697.2,292.82,404.38,High,Accessory attach opportunity
NAW-12125,2026-03-01,FY26 Q1,Northeast,Distributor,Blue Ridge Music,Riley Stone,Foundry Custom,Guitar,Adirondack/Maple,33,3812.17,0.03,125801.61,61642.79,64158.82,Medium,Holiday prebuild
NAW-12126,2026-03-01,FY26 Q1,Northeast,E-commerce,Pacific Pick House,Morgan Evans,Coated Lifespan Strings,Accessory,String set,126,24.26,0.1,3056.76,1192.14,1864.62,Low,Holiday prebuild
NAW-12127,2026-03-01,FY26 Q1,Northeast,Dealer,Desert Tone Co.,Casey Morgan,Phosphor Bronze Strings,Accessory,String set,140,16.53,0.08,2314.2,971.96,1342.24,Low,Back-to-school promotion
NAW-12128,2026-03-01,FY26 Q1,Southeast,Distributor,Riverbend Instruments,Elliot Chen,Humidifier Kit,Accessory,Care,103,28.56,0.05,2941.68,1264.92,1676.76,Low,Accessory attach opportunity
NAW-12129,2026-03-01,FY26 Q1,Southeast,Dealer,Copper Canyon Guitars,Morgan Evans,Phosphor Bronze Strings,Accessory,String set,140,16.09,0.03,2252.6,946.09,1306.51,Low,Back-to-school promotion
NAW-12130,2026-03-01,FY26 Q1,Southeast,Dealer,Blue Ridge Music,Casey Morgan,Stage Cutaway,Guitar,Spruce/Ovangkol,34,1243.12,0,42266.08,24936.99,17329.09,Medium,Holiday prebuild
NAW-12131,2026-03-01,FY26 Q1,Southeast,Artist Relations,Cedar Hall Music,Dana Hart,Foundry Custom,Guitar,Adirondack/Maple,7,3518.93,0.03,24632.51,12069.93,12562.58,High,Accessory attach opportunity
NAW-12132,2026-03-01,FY26 Q1,Southeast,Dealer,Main Street Frets,Alex Rivera,Harbor OM,Guitar,Spruce/Rosewood,2,1811.37,0.08,3622.74,1956.28,1666.46,Medium,Accessory attach opportunity
NAW-12133,2026-03-01,FY26 Q1,Southeast,Distributor,Prairie Note,Samira Khan,Aurora Dreadnought,Guitar,Spruce/Mahogany,24,1212.12,0.1,29090.88,16872.71,12218.17,Low,Accessory attach opportunity
NAW-12134,2026-03-01,FY26 Q1,Southeast,Education,Bayfront Studio Gear,Samira Khan,Stage Cutaway,Guitar,Spruce/Ovangkol,26,1205.83,0.03,31351.58,18497.43,12854.15,Medium,Accessory attach opportunity
NAW-12135,2026-03-01,FY26 Q1,Southeast,Distributor,Prairie Note,Samira Khan,Trail Mini,Guitar,HPL/Sapele,19,475.97,0.08,9043.43,5787.8,3255.63,Medium,Dealer replenishment
NAW-12136,2026-03-01,FY26 Q1,Southeast,Education,Soundpost Music,Priya Shah,Harbor OM,Guitar,Spruce/Rosewood,14,1870.44,0.05,26186.16,14140.53,12045.63,Low,Back-to-school promotion
NAW-12137,2026-03-01,FY26 Q1,Southeast,Dealer,Prairie Note,Casey Morgan,Harbor OM,Guitar,Spruce/Rosewood,33,1968.88,0,64973.04,35085.44,29887.6,Low,Dealer replenishment
NAW-12138,2026-03-01,FY26 Q1,Southeast,E-commerce,Copper Canyon Guitars,Riley Stone,Phosphor Bronze Strings,Accessory,String set,75,15.26,0.08,1144.5,480.69,663.81,Low,Dealer replenishment
NAW-12139,2026-03-01,FY26 Q1,Southeast,Dealer,Prairie Note,Morgan Evans,Foundry Custom,Guitar,Adirondack/Maple,5,3337.54,0.08,16687.7,8176.97,8510.73,Low,Holiday prebuild
NAW-12140,2026-03-01,FY26 Q1,Southeast,E-commerce,Bayfront Studio Gear,Morgan Evans,Hardshell Case,Accessory,Case,97,227.06,0,22024.82,14316.13,7708.69,Medium,Artist clinic follow-up
NAW-12141,2026-03-01,FY26 Q1,Southeast,Distributor,Pacific Pick House,Dana Hart,Phosphor Bronze Strings,Accessory,String set,116,16.59,0,1924.44,808.26,1116.18,Low,Accessory attach opportunity
NAW-12142,2026-03-01,FY26 Q1,Southeast,Dealer,Main Street Frets,Morgan Evans,Humidifier Kit,Accessory,Care,43,30.07,0,1293.01,555.99,737.02,Medium,Dealer replenishment
NAW-12143,2026-03-01,FY26 Q1,Southeast,Dealer,Pacific Pick House,Priya Shah,Aurora Dreadnought,Guitar,Spruce/Mahogany,24,1185.19,0.12,28444.56,16497.84,11946.72,Low,Artist clinic follow-up
NAW-12144,2026-03-01,FY26 Q1,Southeast,Artist Relations,Prairie Note,Taylor Brooks,Humidifier Kit,Accessory,Care,95,26.46,0.12,2513.7,1080.89,1432.81,High,Dealer replenishment
NAW-12145,2026-03-01,FY26 Q1,Southeast,Artist Relations,Copper Canyon Guitars,Dana Hart,Premium Strap,Accessory,Accessory,142,48.26,0.05,6852.92,3152.34,3700.58,Medium,Accessory attach opportunity
NAW-12146,2026-03-01,FY26 Q1,Southeast,Distributor,Riverbend Instruments,Taylor Brooks,Premium Strap,Accessory,Accessory,40,49.28,0.03,1971.2,906.75,1064.45,Low,Back-to-school promotion
NAW-12147,2026-03-01,FY26 Q1,Southeast,Dealer,Copper Canyon Guitars,Dana Hart,Foundry Custom,Guitar,Adirondack/Maple,12,3518.93,0.03,42227.16,20691.31,21535.85,Medium,Artist clinic follow-up
NAW-12148,2026-03-01,FY26 Q1,Southeast,Dealer,Blue Ridge Music,Elliot Chen,Summit Grand Auditorium,Guitar,Spruce/Walnut,9,1657.84,0,14920.56,8355.51,6565.05,Low,Accessory attach opportunity
NAW-12149,2026-03-01,FY26 Q1,Southeast,E-commerce,Riverbend Instruments,Elliot Chen,Coated Lifespan Strings,Accessory,String set,94,24.14,0.03,2269.16,884.97,1384.19,Medium,Back-to-school promotion
NAW-12150,2026-03-01,FY26 Q1,Southeast,E-commerce,Desert Tone Co.,Priya Shah,Humidifier Kit,Accessory,Care,157,27.66,0.08,4342.62,1867.33,2475.29,High,Back-to-school promotion
NAW-12151,2026-03-01,FY26 Q1,Southeast,E-commerce,Main Street Frets,Morgan Evans,Phosphor Bronze Strings,Accessory,String set,77,16.59,0,1277.43,536.52,740.91,Low,Accessory attach opportunity
NAW-12152,2026-03-01,FY26 Q1,Southeast,Dealer,Prairie Note,Riley Stone,Hardshell Case,Accessory,Case,109,227.06,0,24749.54,16087.2,8662.34,Medium,Dealer replenishment
NAW-12153,2026-03-01,FY26 Q1,Southeast,E-commerce,Copper Canyon Guitars,Dana Hart,Stage Cutaway,Guitar,Spruce/Ovangkol,5,1093.95,0.12,5469.75,3227.15,2242.6,Low,Artist clinic follow-up
NAW-12154,2026-03-01,FY26 Q1,Southeast,Distributor,Desert Tone Co.,Priya Shah,Hardshell Case,Accessory,Case,20,215.71,0.05,4314.2,2804.23,1509.97,Low,Back-to-school promotion
NAW-12155,2026-03-01,FY26 Q1,Southeast,Artist Relations,Lakeside Strings,Casey Morgan,Phosphor Bronze Strings,Accessory,String set,56,15.26,0.08,854.56,358.92,495.64,Low,Back-to-school promotion
NAW-12156,2026-03-01,FY26 Q1,Midwest,Education,Prairie Note,Alex Rivera,Northstar Ukulele,Instrument,Mahogany,8,308.47,0.12,2467.76,1505.33,962.43,Medium,Dealer replenishment
NAW-12157,2026-03-01,FY26 Q1,Midwest,Distributor,Lakeside Strings,Dana Hart,Phosphor Bronze Strings,Accessory,String set,48,14.14,0.12,678.72,285.06,393.66,High,Accessory attach opportunity
NAW-12158,2026-03-01,FY26 Q1,Midwest,Distributor,Desert Tone Co.,Jordan Lee,Phosphor Bronze Strings,Accessory,String set,50,15.27,0.05,763.5,320.67,442.83,Medium,Dealer replenishment
NAW-12159,2026-03-01,FY26 Q1,Midwest,Distributor,Riverbend Instruments,Taylor Brooks,Northstar Ukulele,Instrument,Mahogany,11,333.01,0.05,3663.11,2234.5,1428.61,High,Holiday prebuild
NAW-12160,2026-03-01,FY26 Q1,Midwest,Education,Blue Ridge Music,Taylor Brooks,Foundry Custom,Guitar,Adirondack/Maple,29,3162.96,0.1,91725.84,44945.66,46780.18,Low,Holiday prebuild
NAW-12161,2026-03-01,FY26 Q1,Midwest,Distributor,Soundpost Music,Priya Shah,Northstar Ukulele,Instrument,Mahogany,16,350.54,0,5608.64,3421.27,2187.37,High,Back-to-school promotion
NAW-12162,2026-03-01,FY26 Q1,Midwest,Distributor,Pacific Pick House,Samira Khan,Northstar Ukulele,Instrument,Mahogany,34,308.47,0.12,10487.98,6397.67,4090.31,Medium,Back-to-school promotion
NAW-12163,2026-03-01,FY26 Q1,Midwest,Dealer,Soundpost Music,Alex Rivera,Humidifier Kit,Accessory,Care,123,28.25,0.03,3474.75,1494.14,1980.61,Low,Holiday prebuild
NAW-12164,2026-03-01,FY26 Q1,Midwest,E-commerce,Pacific Pick House,Elliot Chen,Aurora Dreadnought,Guitar,Spruce/Mahogany,18,1174.24,0.1,21136.32,12259.07,8877.25,Low,Dealer replenishment
NAW-12165,2026-03-01,FY26 Q1,Midwest,Artist Relations,Prairie Note,Samira Khan,Hardshell Case,Accessory,Case,45,208.97,0.05,9403.65,6112.37,3291.28,High,Artist clinic follow-up
NAW-12166,2026-03-01,FY26 Q1,Midwest,Dealer,Riverbend Instruments,Priya Shah,Trail Mini,Guitar,HPL/Sapele,32,441.05,0.12,14113.6,9032.7,5080.9,Medium,Artist clinic follow-up
NAW-12167,2026-03-01,FY26 Q1,Midwest,Education,Prairie Note,Morgan Evans,Trail Mini,Guitar,HPL/Sapele,15,451.08,0.1,6766.2,4330.37,2435.83,Low,Artist clinic follow-up
NAW-12168,2026-03-01,FY26 Q1,Midwest,Dealer,Cedar Hall Music,Alex Rivera,Coated Lifespan Strings,Accessory,String set,103,21.7,0.1,2235.1,871.69,1363.41,Medium,Dealer replenishment
NAW-12169,2026-03-01,FY26 Q1,Midwest,Distributor,Soundpost Music,Elliot Chen,Hardshell Case,Accessory,Case,29,208.97,0.05,6060.13,3939.08,2121.05,High,Accessory attach opportunity
NAW-12170,2026-03-01,FY26 Q1,Midwest,Education,Desert Tone Co.,Alex Rivera,Phosphor Bronze Strings,Accessory,String set,81,15.27,0.05,1236.87,519.49,717.38,Low,Artist clinic follow-up
NAW-12171,2026-03-01,FY26 Q1,Midwest,Distributor,Cedar Hall Music,Priya Shah,Trail Mini,Guitar,HPL/Sapele,6,476.14,0.05,2856.84,1828.38,1028.46,Low,Accessory attach opportunity
NAW-12172,2026-03-01,FY26 Q1,Midwest,Dealer,Soundpost Music,Elliot Chen,Northstar Ukulele,Instrument,Mahogany,23,340.02,0.03,7820.46,4770.48,3049.98,Medium,Artist clinic follow-up
NAW-12173,2026-03-01,FY26 Q1,Midwest,Education,Lakeside Strings,Elliot Chen,Summit Grand Auditorium,Guitar,Spruce/Walnut,27,1525.73,0.05,41194.71,23069.04,18125.67,Low,Back-to-school promotion
NAW-12174,2026-03-01,FY26 Q1,Midwest,E-commerce,Prairie Note,Riley Stone,Foundry Custom,Guitar,Adirondack/Maple,33,3408.96,0.03,112495.68,55122.88,57372.8,Medium,Dealer replenishment
NAW-12175,2026-03-01,FY26 Q1,Midwest,Dealer,Soundpost Music,Priya Shah,Northstar Ukulele,Instrument,Mahogany,30,315.48,0.1,9464.4,5773.28,3691.12,Low,Dealer replenishment
NAW-12176,2026-03-01,FY26 Q1,Midwest,Dealer,Cedar Hall Music,Alex Rivera,Premium Strap,Accessory,Accessory,160,47.74,0.03,7638.4,3513.66,4124.74,Low,Back-to-school promotion
NAW-12177,2026-03-01,FY26 Q1,Midwest,Artist Relations,Lakeside Strings,Taylor Brooks,Coated Lifespan Strings,Accessory,String set,137,21.7,0.1,2972.9,1159.43,1813.47,Low,Artist clinic follow-up
NAW-12178,2026-03-01,FY26 Q1,Midwest,Dealer,Blue Ridge Music,Casey Morgan,Coated Lifespan Strings,Accessory,String set,77,22.18,0.08,1707.86,666.07,1041.79,Medium,Artist clinic follow-up
NAW-12179,2026-03-01,FY26 Q1,Midwest,Artist Relations,Soundpost Music,Taylor Brooks,Foundry Custom,Guitar,Adirondack/Maple,4,3514.4,0,14057.6,6888.22,7169.38,Medium,Holiday prebuild
NAW-12180,2026-03-01,FY26 Q1,Midwest,E-commerce,Desert Tone Co.,Jordan Lee,Premium Strap,Accessory,Accessory,62,47.74,0.03,2959.88,1361.54,1598.34,Low,Back-to-school promotion
NAW-12181,2026-03-01,FY26 Q1,Midwest,Education,Cedar Hall Music,Dana Hart,Northstar Ukulele,Instrument,Mahogany,22,308.47,0.12,6786.34,4139.67,2646.67,Low,Dealer replenishment
NAW-12182,2026-03-01,FY26 Q1,Midwest,Education,Main Street Frets,Casey Morgan,Coated Lifespan Strings,Accessory,String set,75,22.9,0.05,1717.5,669.83,1047.67,Low,Holiday prebuild
NAW-12183,2026-03-01,FY26 Q1,Midwest,Education,Bayfront Studio Gear,Jordan Lee,Harbor OM,Guitar,Spruce/Rosewood,17,1678.47,0.12,28533.99,15408.35,13125.64,Low,Accessory attach opportunity
NAW-12184,2026-03-01,FY26 Q1,Southwest,E-commerce,Cedar Hall Music,Taylor Brooks,Hardshell Case,Accessory,Case,153,213.25,0.08,32627.25,21207.71,11419.54,Low,Holiday prebuild
NAW-12185,2026-03-01,FY26 Q1,Southwest,Education,Riverbend Instruments,Dana Hart,Humidifier Kit,Accessory,Care,119,29.77,0.03,3542.63,1523.33,2019.3,Medium,Back-to-school promotion
NAW-12186,2026-03-01,FY26 Q1,Southwest,Distributor,Bayfront Studio Gear,Alex Rivera,Foundry Custom,Guitar,Adirondack/Maple,36,3592.24,0.03,129320.64,63367.11,65953.53,High,Artist clinic follow-up
NAW-12187,2026-03-01,FY26 Q1,Southwest,Education,Main Street Frets,Alex Rivera,Northstar Ukulele,Instrument,Mahogany,35,339.83,0.08,11894.05,7255.37,4638.68,Low,Dealer replenishment
NAW-12188,2026-03-01,FY26 Q1,Southwest,Artist Relations,Blue Ridge Music,Alex Rivera,Harbor OM,Guitar,Spruce/Rosewood,26,2009.9,0,52257.4,28219.0,24038.4,Low,Dealer replenishment
NAW-12189,2026-03-01,FY26 Q1,Southwest,Education,Desert Tone Co.,Elliot Chen,Trail Mini,Guitar,HPL/Sapele,26,464.76,0.12,12083.76,7733.61,4350.15,High,Accessory attach opportunity
NAW-12190,2026-03-01,FY26 Q1,Southwest,Artist Relations,Prairie Note,Casey Morgan,Northstar Ukulele,Instrument,Mahogany,23,325.06,0.12,7476.38,4560.59,2915.79,Medium,Holiday prebuild
NAW-12191,2026-03-01,FY26 Q1,Southwest,Education,Cedar Hall Music,Alex Rivera,Summit Grand Auditorium,Guitar,Spruce/Walnut,25,1692.38,0,42309.5,23693.32,18616.18,High,Dealer replenishment
NAW-12192,2026-03-01,FY26 Q1,Southwest,E-commerce,Bayfront Studio Gear,Elliot Chen,Northstar Ukulele,Instrument,Mahogany,30,358.3,0.03,10749.0,6556.89,4192.11,Medium,Accessory attach opportunity
NAW-12193,2026-03-01,FY26 Q1,Southwest,Dealer,Metro Music Supply,Riley Stone,Humidifier Kit,Accessory,Care,130,29.77,0.03,3870.1,1664.14,2205.96,Low,Dealer replenishment
NAW-12194,2026-03-01,FY26 Q1,Southwest,Education,Soundpost Music,Samira Khan,Humidifier Kit,Accessory,Care,68,28.24,0.08,1920.32,825.74,1094.58,High,Accessory attach opportunity
NAW-12195,2026-03-01,FY26 Q1,Southwest,Artist Relations,Lakeside Strings,Priya Shah,Aurora Dreadnought,Guitar,Spruce/Mahogany,18,1374.86,0,24747.48,14353.54,10393.94,Medium,Holiday prebuild
NAW-12196,2026-03-01,FY26 Q1,Southwest,Distributor,Copper Canyon Guitars,Dana Hart,Hardshell Case,Accessory,Case,109,203.97,0.12,22232.73,14451.27,7781.46,Low,Back-to-school promotion
NAW-12197,2026-03-01,FY26 Q1,Southwest,E-commerce,Soundpost Music,Elliot Chen,Northstar Ukulele,Instrument,Mahogany,9,339.83,0.08,3058.47,1865.67,1192.8,Low,Holiday prebuild
NAW-12198,2026-03-01,FY26 Q1,Southwest,E-commerce,Copper Canyon Guitars,Elliot Chen,Foundry Custom,Guitar,Adirondack/Maple,2,3518.17,0.05,7036.34,3447.81,3588.53,Medium,Dealer replenishment
NAW-12199,2026-03-01,FY26 Q1,Southwest,Dealer,Lakeside Strings,Morgan Evans,Premium Strap,Accessory,Accessory,82,51.86,0,4252.52,1956.16,2296.36,High,Back-to-school promotion
NAW-12200,2026-03-01,FY26 Q1,Southwest,Artist Relations,Copper Canyon Guitars,Priya Shah,Coated Lifespan Strings,Accessory,String set,31,23.37,0.08,724.47,282.54,441.93,Medium,Artist clinic follow-up
NAW-12201,2026-03-01,FY26 Q1,Southwest,Artist Relations,Blue Ridge Music,Morgan Evans,Coated Lifespan Strings,Accessory,String set,111,24.64,0.03,2735.04,1066.67,1668.37,Medium,Back-to-school promotion
NAW-12202,2026-03-01,FY26 Q1,Southwest,E-commerce,Cedar Hall Music,Dana Hart,Northstar Ukulele,Instrument,Mahogany,9,332.44,0.1,2991.96,1825.1,1166.86,High,Artist clinic follow-up
NAW-12203,2026-03-01,FY26 Q1,Southwest,E-commerce,Soundpost Music,Riley Stone,Hardshell Case,Accessory,Case,98,208.61,0.1,20443.78,13288.46,7155.32,Medium,Accessory attach opportunity
NAW-12204,2026-03-01,FY26 Q1,Southwest,Artist Relations,Metro Music Supply,Riley Stone,Stage Cutaway,Guitar,Spruce/Ovangkol,33,1167.5,0.08,38527.5,22731.23,15796.27,High,Holiday prebuild
NAW-12205,2026-03-01,FY26 Q1,Southwest,Artist Relations,Soundpost Music,Casey Morgan,Coated Lifespan Strings,Accessory,String set,125,22.35,0.12,2793.75,1089.56,1704.19,Medium,Dealer replenishment
NAW-12206,2026-03-01,FY26 Q1,Southwest,Distributor,Prairie Note,Morgan Evans,Stage Cutaway,Guitar,Spruce/Ovangkol,28,1205.57,0.05,33755.96,19916.02,13839.94,High,Dealer replenishment
NAW-12207,2026-03-01,FY26 Q1,Southwest,Distributor,Bayfront Studio Gear,Dana Hart,Humidifier Kit,Accessory,Care,70,29.16,0.05,2041.2,877.72,1163.48,Medium,Back-to-school promotion
NAW-12208,2026-03-01,FY26 Q1,Southwest,Distributor,Blue Ridge Music,Elliot Chen,Trail Mini,Guitar,HPL/Sapele,7,528.14,0,3696.98,2366.07,1330.91,Low,Accessory attach opportunity
NAW-12209,2026-03-01,FY26 Q1,Southwest,Artist Relations,Riverbend Instruments,Jordan Lee,Northstar Ukulele,Instrument,Mahogany,30,358.3,0.03,10749.0,6556.89,4192.11,Medium,Dealer replenishment
NAW-12210,2026-03-01,FY26 Q1,Southwest,Artist Relations,Blue Ridge Music,Morgan Evans,Northstar Ukulele,Instrument,Mahogany,36,332.44,0.1,11967.84,7300.38,4667.46,Low,Dealer replenishment
NAW-12211,2026-03-01,FY26 Q1,Southwest,Artist Relations,Prairie Note,Casey Morgan,Coated Lifespan Strings,Accessory,String set,80,22.86,0.1,1828.8,713.23,1115.57,Low,Artist clinic follow-up
NAW-12212,2026-03-01,FY26 Q1,West,E-commerce,Lakeside Strings,Jordan Lee,Phosphor Bronze Strings,Accessory,String set,45,18.39,0.05,827.55,347.57,479.98,Medium,Holiday prebuild
NAW-12213,2026-03-01,FY26 Q1,West,Dealer,Riverbend Instruments,Priya Shah,Premium Strap,Accessory,Accessory,24,52.16,0.12,1251.84,575.85,675.99,Medium,Holiday prebuild
NAW-12214,2026-03-01,FY26 Q1,West,Artist Relations,Metro Music Supply,Riley Stone,Foundry Custom,Guitar,Adirondack/Maple,37,4105.42,0.03,151900.54,74431.26,77469.28,High,Holiday prebuild
NAW-12215,2026-03-01,FY26 Q1,West,Dealer,Pacific Pick House,Jordan Lee,Northstar Ukulele,Instrument,Mahogany,28,388.38,0.08,10874.64,6633.53,4241.11,Medium,Dealer replenishment
NAW-12216,2026-03-01,FY26 Q1,West,Dealer,Riverbend Instruments,Priya Shah,Humidifier Kit,Accessory,Care,35,32.27,0.08,1129.45,485.66,643.79,Low,Back-to-school promotion
NAW-12217,2026-03-01,FY26 Q1,West,E-commerce,Prairie Note,Riley Stone,Phosphor Bronze Strings,Accessory,String set,149,19.35,0,2883.15,1210.92,1672.23,High,Dealer replenishment
NAW-12218,2026-03-01,FY26 Q1,West,Dealer,Bayfront Studio Gear,Riley Stone,Harbor OM,Guitar,Spruce/Rosewood,14,2113.27,0.08,29585.78,15976.32,13609.46,Low,Holiday prebuild
NAW-12219,2026-03-01,FY26 Q1,West,Dealer,Main Street Frets,Priya Shah,Trail Mini,Guitar,HPL/Sapele,4,603.59,0,2414.36,1545.19,869.17,High,Artist clinic follow-up
NAW-12220,2026-03-01,FY26 Q1,West,Distributor,Pacific Pick House,Morgan Evans,Harbor OM,Guitar,Spruce/Rosewood,28,2113.27,0.08,59171.56,31952.64,27218.92,Low,Accessory attach opportunity
NAW-12221,2026-03-01,FY26 Q1,West,Distributor,Bayfront Studio Gear,Riley Stone,Harbor OM,Guitar,Spruce/Rosewood,27,2228.12,0.03,60159.24,32485.99,27673.25,Medium,Accessory attach opportunity
NAW-12222,2026-03-01,FY26 Q1,West,E-commerce,Blue Ridge Music,Taylor Brooks,Trail Mini,Guitar,HPL/Sapele,9,555.3,0.08,4997.7,3198.53,1799.17,Low,Accessory attach opportunity
NAW-12223,2026-03-01,FY26 Q1,West,E-commerce,Pacific Pick House,Morgan Evans,Coated Lifespan Strings,Accessory,String set,159,27.58,0.05,4385.22,1710.24,2674.98,Low,Accessory attach opportunity
NAW-12224,2026-03-01,FY26 Q1,West,Education,Metro Music Supply,Taylor Brooks,Coated Lifespan Strings,Accessory,String set,158,28.16,0.03,4449.28,1735.22,2714.06,Medium,Accessory attach opportunity
NAW-12225,2026-03-01,FY26 Q1,West,Distributor,Main Street Frets,Taylor Brooks,Phosphor Bronze Strings,Accessory,String set,101,17.03,0.12,1720.03,722.41,997.62,Medium,Accessory attach opportunity
NAW-12226,2026-03-01,FY26 Q1,West,Artist Relations,Main Street Frets,Alex Rivera,Hardshell Case,Accessory,Case,102,264.9,0,27019.8,17562.87,9456.93,Low,Back-to-school promotion
NAW-12227,2026-03-01,FY26 Q1,West,Dealer,Prairie Note,Samira Khan,Humidifier Kit,Accessory,Care,52,33.32,0.05,1732.64,745.04,987.6,Medium,Back-to-school promotion
NAW-12228,2026-03-01,FY26 Q1,West,Dealer,Prairie Note,Samira Khan,Coated Lifespan Strings,Accessory,String set,138,26.13,0.1,3605.94,1406.32,2199.62,Low,Dealer replenishment
NAW-12229,2026-03-01,FY26 Q1,West,Education,Lakeside Strings,Jordan Lee,Premium Strap,Accessory,Accessory,74,52.16,0.12,3859.84,1775.53,2084.31,Medium,Holiday prebuild
NAW-12230,2026-03-01,FY26 Q1,West,E-commerce,Prairie Note,Samira Khan,Harbor OM,Guitar,Spruce/Rosewood,27,2067.33,0.1,55817.91,30141.67,25676.24,Medium,Artist clinic follow-up
NAW-12231,2026-03-01,FY26 Q1,West,Education,Lakeside Strings,Priya Shah,Coated Lifespan Strings,Accessory,String set,147,26.13,0.1,3841.11,1498.03,2343.08,Medium,Artist clinic follow-up
NAW-12232,2026-03-01,FY26 Q1,West,Education,Cedar Hall Music,Casey Morgan,Aurora Dreadnought,Guitar,Spruce/Mahogany,13,1382.72,0.12,17975.36,10425.71,7549.65,Low,Dealer replenishment
NAW-12233,2026-03-01,FY26 Q1,West,Distributor,Copper Canyon Guitars,Riley Stone,Phosphor Bronze Strings,Accessory,String set,160,17.81,0.08,2849.6,1196.83,1652.77,Low,Artist clinic follow-up
NAW-12234,2026-03-01,FY26 Q1,West,Education,Blue Ridge Music,Priya Shah,Stage Cutaway,Guitar,Spruce/Ovangkol,23,1305.28,0.1,30021.44,17712.65,12308.79,Low,Dealer replenishment
NAW-12235,2026-03-01,FY26 Q1,West,Artist Relations,Pacific Pick House,Jordan Lee,Coated Lifespan Strings,Accessory,String set,130,26.71,0.08,3472.3,1354.2,2118.1,Low,Holiday prebuild
NAW-12236,2026-03-01,FY26 Q1,West,Distributor,Soundpost Music,Riley Stone,Trail Mini,Guitar,HPL/Sapele,36,531.16,0.12,19121.76,12237.93,6883.83,High,Accessory attach opportunity
NAW-12237,2026-03-01,FY26 Q1,West,Artist Relations,Blue Ridge Music,Samira Khan,Coated Lifespan Strings,Accessory,String set,68,25.55,0.12,1737.4,677.59,1059.81,Low,Dealer replenishment
NAW-12238,2026-03-01,FY26 Q1,West,Dealer,Riverbend Instruments,Priya Shah,Northstar Ukulele,Instrument,Mahogany,10,409.49,0.03,4094.9,2497.89,1597.01,Low,Back-to-school promotion
NAW-12239,2026-03-01,FY26 Q1,West,E-commerce,Bayfront Studio Gear,Elliot Chen,Foundry Custom,Guitar,Adirondack/Maple,38,3809.15,0.1,144747.7,70926.37,73821.33,Low,Dealer replenishment
NAW-12240,2026-04-01,FY26 Q2,Northeast,Dealer,Bayfront Studio Gear,Riley Stone,Humidifier Kit,Accessory,Care,97,31.28,0.03,3034.16,1304.69,1729.47,Low,Holiday prebuild
NAW-12241,2026-04-01,FY26 Q2,Northeast,Dealer,Blue Ridge Music,Alex Rivera,Aurora Dreadnought,Guitar,Spruce/Mahogany,6,1401.22,0.03,8407.32,4876.25,3531.07,Medium,Back-to-school promotion
NAW-12242,2026-04-01,FY26 Q2,Northeast,Artist Relations,Copper Canyon Guitars,Priya Shah,Trail Mini,Guitar,HPL/Sapele,11,527.17,0.05,5798.87,3711.28,2087.59,High,Artist clinic follow-up
NAW-12243,2026-04-01,FY26 Q2,Northeast,Education,Prairie Note,Jordan Lee,Premium Strap,Accessory,Accessory,143,52.86,0.03,7558.98,3477.13,4081.85,Low,Holiday prebuild
NAW-12244,2026-04-01,FY26 Q2,Northeast,Education,Pacific Pick House,Riley Stone,Northstar Ukulele,Instrument,Mahogany,28,349.3,0.1,9780.4,5966.04,3814.36,Low,Back-to-school promotion
NAW-12245,2026-04-01,FY26 Q2,Northeast,Distributor,Main Street Frets,Riley Stone,Northstar Ukulele,Instrument,Mahogany,36,368.7,0.05,13273.2,8096.65,5176.55,Low,Holiday prebuild
NAW-12246,2026-04-01,FY26 Q2,Northeast,E-commerce,Lakeside Strings,Morgan Evans,Harbor OM,Guitar,Spruce/Rosewood,10,2048.44,0.03,20484.4,11061.58,9422.82,Medium,Accessory attach opportunity
NAW-12247,2026-04-01,FY26 Q2,Northeast,E-commerce,Prairie Note,Morgan Evans,Phosphor Bronze Strings,Accessory,String set,45,17.79,0,800.55,336.23,464.32,Low,Dealer replenishment
NAW-12248,2026-04-01,FY26 Q2,Northeast,Education,Lakeside Strings,Alex Rivera,Hardshell Case,Accessory,Case,28,236.23,0.03,6614.44,4299.39,2315.05,High,Accessory attach opportunity
NAW-12249,2026-04-01,FY26 Q2,Northeast,E-commerce,Metro Music Supply,Priya Shah,Stage Cutaway,Guitar,Spruce/Ovangkol,33,1200.02,0.1,39600.66,23364.39,16236.27,Low,Artist clinic follow-up
NAW-12250,2026-04-01,FY26 Q2,Northeast,Distributor,Pacific Pick House,Casey Morgan,Northstar Ukulele,Instrument,Mahogany,28,341.53,0.12,9562.84,5833.33,3729.51,Medium,Artist clinic follow-up
NAW-12251,2026-04-01,FY26 Q2,Northeast,Dealer,Soundpost Music,Morgan Evans,Northstar Ukulele,Instrument,Mahogany,36,357.06,0.08,12854.16,7841.04,5013.12,Low,Artist clinic follow-up
NAW-12252,2026-04-01,FY26 Q2,Northeast,Distributor,Riverbend Instruments,Priya Shah,Trail Mini,Guitar,HPL/Sapele,31,499.42,0.1,15482.02,9908.49,5573.53,Low,Holiday prebuild
NAW-12253,2026-04-01,FY26 Q2,Northeast,E-commerce,Prairie Note,Dana Hart,Northstar Ukulele,Instrument,Mahogany,21,376.46,0.03,7905.66,4822.45,3083.21,Medium,Dealer replenishment
NAW-12254,2026-04-01,FY26 Q2,Northeast,Artist Relations,Copper Canyon Guitars,Alex Rivera,Northstar Ukulele,Instrument,Mahogany,18,388.11,0,6985.98,4261.45,2724.53,Low,Back-to-school promotion
NAW-12255,2026-04-01,FY26 Q2,Northeast,Distributor,Blue Ridge Music,Casey Morgan,Northstar Ukulele,Instrument,Mahogany,31,341.53,0.12,10587.43,6458.33,4129.1,Medium,Dealer replenishment
NAW-12256,2026-04-01,FY26 Q2,Northeast,Dealer,Riverbend Instruments,Casey Morgan,Hardshell Case,Accessory,Case,92,214.31,0.12,19716.52,12815.74,6900.78,Low,Artist clinic follow-up
NAW-12257,2026-04-01,FY26 Q2,Northeast,Education,Metro Music Supply,Dana Hart,Coated Lifespan Strings,Accessory,String set,84,24.55,0.08,2062.2,804.26,1257.94,Low,Dealer replenishment
NAW-12258,2026-04-01,FY26 Q2,Northeast,Distributor,Riverbend Instruments,Casey Morgan,Summit Grand Auditorium,Guitar,Spruce/Walnut,29,1600.36,0.1,46410.44,25989.85,20420.59,High,Artist clinic follow-up
NAW-12259,2026-04-01,FY26 Q2,Northeast,Distributor,Copper Canyon Guitars,Elliot Chen,Trail Mini,Guitar,HPL/Sapele,29,554.91,0,16092.39,10299.13,5793.26,Low,Dealer replenishment
NAW-12260,2026-04-01,FY26 Q2,Northeast,Dealer,Copper Canyon Guitars,Samira Khan,Trail Mini,Guitar,HPL/Sapele,30,510.52,0.08,15315.6,9801.98,5513.62,High,Artist clinic follow-up
NAW-12261,2026-04-01,FY26 Q2,Northeast,Distributor,Desert Tone Co.,Dana Hart,Trail Mini,Guitar,HPL/Sapele,15,510.52,0.08,7657.8,4900.99,2756.81,Medium,Holiday prebuild
NAW-12262,2026-04-01,FY26 Q2,Northeast,Artist Relations,Lakeside Strings,Alex Rivera,Stage Cutaway,Guitar,Spruce/Ovangkol,19,1266.68,0.05,24066.92,14199.48,9867.44,Medium,Artist clinic follow-up
NAW-12263,2026-04-01,FY26 Q2,Northeast,E-commerce,Copper Canyon Guitars,Taylor Brooks,Humidifier Kit,Accessory,Care,146,29.02,0.1,4236.92,1821.88,2415.04,High,Holiday prebuild
NAW-12264,2026-04-01,FY26 Q2,Northeast,Artist Relations,Desert Tone Co.,Morgan Evans,Trail Mini,Guitar,HPL/Sapele,30,488.32,0.12,14649.6,9375.74,5273.86,High,Holiday prebuild
NAW-12265,2026-04-01,FY26 Q2,Northeast,Education,Soundpost Music,Priya Shah,Foundry Custom,Guitar,Adirondack/Maple,34,3774.34,0.03,128327.56,62880.5,65447.06,Medium,Back-to-school promotion
NAW-12266,2026-04-01,FY26 Q2,Northeast,Artist Relations,Lakeside Strings,Alex Rivera,Premium Strap,Accessory,Accessory,159,52.86,0.03,8404.74,3866.18,4538.56,Low,Back-to-school promotion
NAW-12267,2026-04-01,FY26 Q2,Northeast,E-commerce,Pacific Pick House,Alex Rivera,Humidifier Kit,Accessory,Care,28,29.67,0.08,830.76,357.23,473.53,Medium,Holiday prebuild
NAW-12268,2026-04-01,FY26 Q2,Southeast,Dealer,Pacific Pick House,Jordan Lee,Trail Mini,Guitar,HPL/Sapele,31,496.86,0.03,15402.66,9857.7,5544.96,Medium,Holiday prebuild
NAW-12269,2026-04-01,FY26 Q2,Southeast,E-commerce,Riverbend Instruments,Riley Stone,Humidifier Kit,Accessory,Care,25,26.79,0.1,669.75,287.99,381.76,Low,Holiday prebuild
NAW-12270,2026-04-01,FY26 Q2,Southeast,Distributor,Soundpost Music,Alex Rivera,Summit Grand Auditorium,Guitar,Spruce/Walnut,18,1592.15,0.03,28658.7,16048.87,12609.83,High,Accessory attach opportunity
NAW-12271,2026-04-01,FY26 Q2,Southeast,E-commerce,Desert Tone Co.,Riley Stone,Trail Mini,Guitar,HPL/Sapele,11,512.23,0,5634.53,3606.1,2028.43,Low,Accessory attach opportunity
NAW-12272,2026-04-01,FY26 Q2,Southeast,E-commerce,Cedar Hall Music,Taylor Brooks,Humidifier Kit,Accessory,Care,115,26.79,0.1,3080.85,1324.77,1756.08,Low,Accessory attach opportunity
NAW-12273,2026-04-01,FY26 Q2,Southeast,Distributor,Lakeside Strings,Morgan Evans,Premium Strap,Accessory,Accessory,40,47.78,0.05,1911.2,879.15,1032.05,Low,Holiday prebuild
NAW-12274,2026-04-01,FY26 Q2,Southeast,Distributor,Main Street Frets,Casey Morgan,Stage Cutaway,Guitar,Spruce/Ovangkol,35,1193.86,0.03,41785.1,24653.21,17131.89,High,Accessory attach opportunity
NAW-12275,2026-04-01,FY26 Q2,Southeast,Distributor,Lakeside Strings,Jordan Lee,Stage Cutaway,Guitar,Spruce/Ovangkol,20,1107.71,0.1,22154.2,13070.98,9083.22,Medium,Back-to-school promotion
NAW-12276,2026-04-01,FY26 Q2,Southeast,Education,Soundpost Music,Elliot Chen,Stage Cutaway,Guitar,Spruce/Ovangkol,15,1230.79,0,18461.85,10892.49,7569.36,Medium,Dealer replenishment
NAW-12277,2026-04-01,FY26 Q2,Southeast,Distributor,Cedar Hall Music,Casey Morgan,Premium Strap,Accessory,Accessory,93,50.3,0,4677.9,2151.83,2526.07,Medium,Holiday prebuild
NAW-12278,2026-04-01,FY26 Q2,Southeast,Artist Relations,Lakeside Strings,Casey Morgan,Summit Grand Auditorium,Guitar,Spruce/Walnut,20,1559.32,0.05,31186.4,17464.38,13722.02,Medium,Accessory attach opportunity
NAW-12279,2026-04-01,FY26 Q2,Southeast,Distributor,Bayfront Studio Gear,Samira Khan,Hardshell Case,Accessory,Case,150,218.06,0.03,32709.0,21260.85,11448.15,Low,Accessory attach opportunity
NAW-12280,2026-04-01,FY26 Q2,Southeast,Artist Relations,Main Street Frets,Casey Morgan,Coated Lifespan Strings,Accessory,String set,104,23.4,0.05,2433.6,949.1,1484.5,Low,Accessory attach opportunity
NAW-12281,2026-04-01,FY26 Q2,Southeast,Distributor,Riverbend Instruments,Samira Khan,Northstar Ukulele,Instrument,Mahogany,7,358.25,0,2507.75,1529.73,978.02,Medium,Accessory attach opportunity
NAW-12282,2026-04-01,FY26 Q2,Southeast,Distributor,Lakeside Strings,Taylor Brooks,Phosphor Bronze Strings,Accessory,String set,154,14.78,0.1,2276.12,955.97,1320.15,Low,Holiday prebuild
NAW-12283,2026-04-01,FY26 Q2,Southeast,Dealer,Metro Music Supply,Dana Hart,Harbor OM,Guitar,Spruce/Rosewood,32,1754.41,0.1,56141.12,30316.2,25824.92,Low,Holiday prebuild
NAW-12284,2026-04-01,FY26 Q2,Southeast,Distributor,Main Street Frets,Jordan Lee,Aurora Dreadnought,Guitar,Spruce/Mahogany,28,1333.44,0,37336.32,21655.07,15681.25,Low,Back-to-school promotion
NAW-12285,2026-04-01,FY26 Q2,Southeast,Distributor,Cedar Hall Music,Samira Khan,Phosphor Bronze Strings,Accessory,String set,35,14.78,0.1,517.3,217.27,300.03,Medium,Artist clinic follow-up
NAW-12286,2026-04-01,FY26 Q2,Southeast,Artist Relations,Copper Canyon Guitars,Casey Morgan,Coated Lifespan Strings,Accessory,String set,108,22.67,0.08,2448.36,954.86,1493.5,Medium,Dealer replenishment
NAW-12287,2026-04-01,FY26 Q2,Southeast,Distributor,Pacific Pick House,Priya Shah,Aurora Dreadnought,Guitar,Spruce/Mahogany,28,1200.09,0.1,33602.52,19489.46,14113.06,High,Back-to-school promotion
NAW-12288,2026-04-01,FY26 Q2,Southeast,Artist Relations,Copper Canyon Guitars,Morgan Evans,Aurora Dreadnought,Guitar,Spruce/Mahogany,38,1266.77,0.05,48137.26,27919.61,20217.65,Medium,Accessory attach opportunity
NAW-12289,2026-04-01,FY26 Q2,Southeast,Artist Relations,Pacific Pick House,Dana Hart,Foundry Custom,Guitar,Adirondack/Maple,25,3484.01,0.03,87100.25,42679.12,44421.13,Medium,Holiday prebuild
NAW-12290,2026-04-01,FY26 Q2,Southeast,E-commerce,Bayfront Studio Gear,Elliot Chen,Summit Grand Auditorium,Guitar,Spruce/Walnut,21,1510.08,0.08,31711.68,17758.54,13953.14,High,Accessory attach opportunity
NAW-12291,2026-04-01,FY26 Q2,Southeast,Education,Riverbend Instruments,Priya Shah,Hardshell Case,Accessory,Case,157,213.57,0.05,33530.49,21794.82,11735.67,Low,Dealer replenishment
NAW-12292,2026-04-01,FY26 Q2,Southeast,Education,Bayfront Studio Gear,Alex Rivera,Aurora Dreadnought,Guitar,Spruce/Mahogany,12,1173.42,0.12,14081.04,8167.0,5914.04,Low,Artist clinic follow-up
NAW-12293,2026-04-01,FY26 Q2,Southeast,Artist Relations,Blue Ridge Music,Riley Stone,Aurora Dreadnought,Guitar,Spruce/Mahogany,28,1266.77,0.05,35469.56,20572.34,14897.22,Low,Holiday prebuild
NAW-12294,2026-04-01,FY26 Q2,Southeast,E-commerce,Lakeside Strings,Riley Stone,Phosphor Bronze Strings,Accessory,String set,57,15.6,0.05,889.2,373.46,515.74,Medium,Accessory attach opportunity
NAW-12295,2026-04-01,FY26 Q2,Southeast,E-commerce,Bayfront Studio Gear,Alex Rivera,Aurora Dreadnought,Guitar,Spruce/Mahogany,18,1333.44,0,24001.92,13921.11,10080.81,Low,Holiday prebuild
NAW-12296,2026-04-01,FY26 Q2,Midwest,E-commerce,Desert Tone Co.,Taylor Brooks,Harbor OM,Guitar,Spruce/Rosewood,35,1888.43,0,66095.05,35691.33,30403.72,Low,Artist clinic follow-up
NAW-12297,2026-04-01,FY26 Q2,Midwest,Dealer,Prairie Note,Riley Stone,Phosphor Bronze Strings,Accessory,String set,56,15.43,0.03,864.08,362.91,501.17,Medium,Dealer replenishment
NAW-12298,2026-04-01,FY26 Q2,Midwest,Education,Metro Music Supply,Elliot Chen,Coated Lifespan Strings,Accessory,String set,58,22.67,0.05,1314.86,512.8,802.06,Low,Back-to-school promotion
NAW-12299,2026-04-01,FY26 Q2,Midwest,Distributor,Bayfront Studio Gear,Taylor Brooks,Northstar Ukulele,Instrument,Mahogany,9,329.7,0.05,2967.3,1810.05,1157.25,Low,Back-to-school promotion
NAW-12300,2026-04-01,FY26 Q2,Midwest,Artist Relations,Prairie Note,Dana Hart,Summit Grand Auditorium,Guitar,Spruce/Walnut,14,1510.59,0.05,21148.26,11843.03,9305.23,High,Holiday prebuild
NAW-12301,2026-04-01,FY26 Q2,Midwest,E-commerce,Metro Music Supply,Priya Shah,Trail Mini,Guitar,HPL/Sapele,5,471.41,0.05,2357.05,1508.51,848.54,Low,Back-to-school promotion
NAW-12302,2026-04-01,FY26 Q2,Midwest,Education,Cedar Hall Music,Dana Hart,Trail Mini,Guitar,HPL/Sapele,5,481.34,0.03,2406.7,1540.29,866.41,High,Back-to-school promotion
NAW-12303,2026-04-01,FY26 Q2,Midwest,Dealer,Desert Tone Co.,Riley Stone,Northstar Ukulele,Instrument,Mahogany,32,319.29,0.08,10217.28,6232.54,3984.74,Low,Artist clinic follow-up
NAW-12304,2026-04-01,FY26 Q2,Midwest,E-commerce,Bayfront Studio Gear,Elliot Chen,Summit Grand Auditorium,Guitar,Spruce/Walnut,38,1590.1,0,60423.8,33837.33,26586.47,Medium,Artist clinic follow-up
NAW-12305,2026-04-01,FY26 Q2,Midwest,Dealer,Desert Tone Co.,Priya Shah,Humidifier Kit,Accessory,Care,75,25.38,0.12,1903.5,818.51,1084.99,Medium,Holiday prebuild
NAW-12306,2026-04-01,FY26 Q2,Midwest,Dealer,Soundpost Music,Jordan Lee,Trail Mini,Guitar,HPL/Sapele,24,436.68,0.12,10480.32,6707.4,3772.92,Medium,Dealer replenishment
NAW-12307,2026-04-01,FY26 Q2,Midwest,Artist Relations,Riverbend Instruments,Dana Hart,Trail Mini,Guitar,HPL/Sapele,8,436.68,0.12,3493.44,2235.8,1257.64,Low,Holiday prebuild
NAW-12308,2026-04-01,FY26 Q2,Midwest,Distributor,Metro Music Supply,Casey Morgan,Humidifier Kit,Accessory,Care,116,27.4,0.05,3178.4,1366.71,1811.69,Low,Dealer replenishment
NAW-12309,2026-04-01,FY26 Q2,Midwest,E-commerce,Blue Ridge Music,Alex Rivera,Coated Lifespan Strings,Accessory,String set,158,21.0,0.12,3318.0,1294.02,2023.98,Medium,Back-to-school promotion
NAW-12310,2026-04-01,FY26 Q2,Midwest,Dealer,Lakeside Strings,Elliot Chen,Humidifier Kit,Accessory,Care,86,27.4,0.05,2356.4,1013.25,1343.15,Medium,Dealer replenishment
NAW-12311,2026-04-01,FY26 Q2,Midwest,Education,Lakeside Strings,Taylor Brooks,Trail Mini,Guitar,HPL/Sapele,5,481.34,0.03,2406.7,1540.29,866.41,Medium,Artist clinic follow-up
NAW-12312,2026-04-01,FY26 Q2,Midwest,E-commerce,Copper Canyon Guitars,Samira Khan,Phosphor Bronze Strings,Accessory,String set,76,15.91,0,1209.16,507.85,701.31,High,Dealer replenishment
NAW-12313,2026-04-01,FY26 Q2,Midwest,Artist Relations,Metro Music Supply,Dana Hart,Stage Cutaway,Guitar,Spruce/Ovangkol,28,1156.55,0.03,32383.4,19106.21,13277.19,High,Accessory attach opportunity
NAW-12314,2026-04-01,FY26 Q2,Midwest,Artist Relations,Copper Canyon Guitars,Jordan Lee,Stage Cutaway,Guitar,Spruce/Ovangkol,12,1096.94,0.08,13163.28,7766.34,5396.94,Low,Accessory attach opportunity
NAW-12315,2026-04-01,FY26 Q2,Midwest,Dealer,Bayfront Studio Gear,Morgan Evans,Trail Mini,Guitar,HPL/Sapele,14,496.22,0,6947.08,4446.13,2500.95,High,Back-to-school promotion
NAW-12316,2026-04-01,FY26 Q2,Midwest,E-commerce,Main Street Frets,Elliot Chen,Hardshell Case,Accessory,Case,151,206.89,0.05,31240.39,20306.25,10934.14,High,Back-to-school promotion
NAW-12317,2026-04-01,FY26 Q2,Midwest,Dealer,Blue Ridge Music,Morgan Evans,Humidifier Kit,Accessory,Care,105,26.53,0.08,2785.65,1197.83,1587.82,Low,Holiday prebuild
NAW-12318,2026-04-01,FY26 Q2,Midwest,Distributor,Desert Tone Co.,Priya Shah,Premium Strap,Accessory,Accessory,56,44.83,0.08,2510.48,1154.82,1355.66,Low,Back-to-school promotion
NAW-12319,2026-04-01,FY26 Q2,Midwest,Education,Pacific Pick House,Samira Khan,Coated Lifespan Strings,Accessory,String set,82,21.48,0.1,1761.36,686.93,1074.43,High,Accessory attach opportunity
NAW-12320,2026-04-01,FY26 Q2,Midwest,Distributor,Copper Canyon Guitars,Morgan Evans,Harbor OM,Guitar,Spruce/Rosewood,21,1888.43,0,39657.03,21414.8,18242.23,High,Artist clinic follow-up
NAW-12321,2026-04-01,FY26 Q2,Midwest,Distributor,Desert Tone Co.,Elliot Chen,Summit Grand Auditorium,Guitar,Spruce/Walnut,15,1399.29,0.12,20989.35,11754.04,9235.31,High,Artist clinic follow-up
NAW-12322,2026-04-01,FY26 Q2,Midwest,Distributor,Lakeside Strings,Riley Stone,Stage Cutaway,Guitar,Spruce/Ovangkol,14,1192.32,0,16692.48,9848.56,6843.92,Medium,Artist clinic follow-up
NAW-12323,2026-04-01,FY26 Q2,Midwest,Artist Relations,Bayfront Studio Gear,Dana Hart,Coated Lifespan Strings,Accessory,String set,138,21.48,0.1,2964.24,1156.05,1808.19,Low,Artist clinic follow-up
NAW-12324,2026-04-01,FY26 Q2,Southwest,Distributor,Desert Tone Co.,Taylor Brooks,Northstar Ukulele,Instrument,Mahogany,7,321.83,0.12,2252.81,1374.21,878.6,Medium,Dealer replenishment
NAW-12325,2026-04-01,FY26 Q2,Southwest,Dealer,Main Street Frets,Casey Morgan,Phosphor Bronze Strings,Accessory,String set,134,16.26,0.03,2178.84,915.11,1263.73,High,Artist clinic follow-up
NAW-12326,2026-04-01,FY26 Q2,Southwest,Dealer,Pacific Pick House,Jordan Lee,Coated Lifespan Strings,Accessory,String set,102,24.4,0.03,2488.8,970.63,1518.17,Low,Dealer replenishment
NAW-12327,2026-04-01,FY26 Q2,Southwest,E-commerce,Pacific Pick House,Alex Rivera,Coated Lifespan Strings,Accessory,String set,143,22.63,0.1,3236.09,1262.08,1974.01,Low,Dealer replenishment
NAW-12328,2026-04-01,FY26 Q2,Southwest,Dealer,Lakeside Strings,Dana Hart,Aurora Dreadnought,Guitar,Spruce/Mahogany,10,1361.22,0,13612.2,7895.08,5717.12,Low,Artist clinic follow-up
NAW-12329,2026-04-01,FY26 Q2,Southwest,Distributor,Metro Music Supply,Dana Hart,Trail Mini,Guitar,HPL/Sapele,7,496.76,0.05,3477.32,2225.48,1251.84,Medium,Dealer replenishment
NAW-12330,2026-04-01,FY26 Q2,Southwest,Artist Relations,Pacific Pick House,Dana Hart,Hardshell Case,Accessory,Case,158,211.13,0.08,33358.54,21683.05,11675.49,High,Dealer replenishment
NAW-12331,2026-04-01,FY26 Q2,Southwest,Distributor,Main Street Frets,Casey Morgan,Premium Strap,Accessory,Accessory,146,51.35,0,7497.1,3448.67,4048.43,Low,Holiday prebuild
NAW-12332,2026-04-01,FY26 Q2,Southwest,E-commerce,Desert Tone Co.,Morgan Evans,Premium Strap,Accessory,Accessory,58,46.21,0.1,2680.18,1232.88,1447.3,High,Back-to-school promotion
NAW-12333,2026-04-01,FY26 Q2,Southwest,E-commerce,Main Street Frets,Samira Khan,Hardshell Case,Accessory,Case,131,229.49,0,30063.19,19541.07,10522.12,High,Back-to-school promotion
NAW-12334,2026-04-01,FY26 Q2,Southwest,Artist Relations,Blue Ridge Music,Taylor Brooks,Humidifier Kit,Accessory,Care,22,29.48,0.03,648.56,278.88,369.68,Low,Holiday prebuild
NAW-12335,2026-04-01,FY26 Q2,Southwest,Dealer,Blue Ridge Music,Jordan Lee,Coated Lifespan Strings,Accessory,String set,107,22.13,0.12,2367.91,923.48,1444.43,Low,Accessory attach opportunity
NAW-12336,2026-04-01,FY26 Q2,Southwest,Artist Relations,Desert Tone Co.,Dana Hart,Aurora Dreadnought,Guitar,Spruce/Mahogany,29,1293.16,0.05,37501.64,21750.95,15750.69,Low,Accessory attach opportunity
NAW-12337,2026-04-01,FY26 Q2,Southwest,Artist Relations,Metro Music Supply,Taylor Brooks,Northstar Ukulele,Instrument,Mahogany,25,329.14,0.1,8228.5,5019.39,3209.11,High,Back-to-school promotion
NAW-12338,2026-04-01,FY26 Q2,Southwest,Artist Relations,Cedar Hall Music,Casey Morgan,Foundry Custom,Guitar,Adirondack/Maple,23,3556.59,0.03,81801.57,40082.77,41718.8,Low,Dealer replenishment
NAW-12339,2026-04-01,FY26 Q2,Southwest,Dealer,Desert Tone Co.,Elliot Chen,Coated Lifespan Strings,Accessory,String set,144,25.15,0,3621.6,1412.42,2209.18,Medium,Dealer replenishment
NAW-12340,2026-04-01,FY26 Q2,Southwest,Dealer,Copper Canyon Guitars,Jordan Lee,Foundry Custom,Guitar,Adirondack/Maple,30,3556.59,0.03,106697.7,52281.87,54415.83,Low,Back-to-school promotion
NAW-12341,2026-04-01,FY26 Q2,Southwest,Artist Relations,Desert Tone Co.,Riley Stone,Foundry Custom,Guitar,Adirondack/Maple,24,3556.59,0.03,85358.16,41825.5,43532.66,Medium,Accessory attach opportunity
NAW-12342,2026-04-01,FY26 Q2,Southwest,Artist Relations,Soundpost Music,Riley Stone,Stage Cutaway,Guitar,Spruce/Ovangkol,18,1155.91,0.08,20806.38,12275.76,8530.62,Low,Back-to-school promotion
NAW-12343,2026-04-01,FY26 Q2,Southwest,Education,Copper Canyon Guitars,Alex Rivera,Trail Mini,Guitar,HPL/Sapele,25,496.76,0.05,12419.0,7948.16,4470.84,Medium,Artist clinic follow-up
NAW-12344,2026-04-01,FY26 Q2,Southwest,Artist Relations,Prairie Note,Samira Khan,Northstar Ukulele,Instrument,Mahogany,6,347.43,0.05,2084.58,1271.59,812.99,Low,Artist clinic follow-up
NAW-12345,2026-04-01,FY26 Q2,Southwest,Education,Desert Tone Co.,Priya Shah,Hardshell Case,Accessory,Case,125,211.13,0.08,26391.25,17154.31,9236.94,Low,Dealer replenishment
NAW-12346,2026-04-01,FY26 Q2,Southwest,Artist Relations,Cedar Hall Music,Casey Morgan,Hardshell Case,Accessory,Case,98,218.01,0.05,21364.98,13887.24,7477.74,Medium,Accessory attach opportunity
NAW-12347,2026-04-01,FY26 Q2,Southwest,Artist Relations,Copper Canyon Guitars,Riley Stone,Foundry Custom,Guitar,Adirondack/Maple,18,3373.26,0.08,60718.68,29752.15,30966.53,Medium,Accessory attach opportunity
NAW-12348,2026-04-01,FY26 Q2,Southwest,Dealer,Main Street Frets,Taylor Brooks,Aurora Dreadnought,Guitar,Spruce/Mahogany,11,1293.16,0.05,14224.76,8250.36,5974.4,Low,Accessory attach opportunity
NAW-12349,2026-04-01,FY26 Q2,Southwest,E-commerce,Desert Tone Co.,Priya Shah,Harbor OM,Guitar,Spruce/Rosewood,28,1751.16,0.12,49032.48,26477.54,22554.94,Low,Dealer replenishment
NAW-12350,2026-04-01,FY26 Q2,Southwest,Artist Relations,Riverbend Instruments,Priya Shah,Hardshell Case,Accessory,Case,92,218.01,0.05,20056.92,13037.0,7019.92,Low,Artist clinic follow-up
NAW-12351,2026-04-01,FY26 Q2,Southwest,Artist Relations,Prairie Note,Casey Morgan,Northstar Ukulele,Instrument,Mahogany,13,354.74,0.03,4611.62,2813.09,1798.53,Low,Back-to-school promotion
NAW-12352,2026-04-01,FY26 Q2,West,Distributor,Prairie Note,Morgan Evans,Hardshell Case,Accessory,Case,66,249.16,0.05,16444.56,10688.96,5755.6,Medium,Accessory attach opportunity
NAW-12353,2026-04-01,FY26 Q2,West,Distributor,Copper Canyon Guitars,Taylor Brooks,Hardshell Case,Accessory,Case,151,241.29,0.08,36434.79,23682.61,12752.18,Medium,Dealer replenishment
NAW-12354,2026-04-01,FY26 Q2,West,E-commerce,Blue Ridge Music,Taylor Brooks,Hardshell Case,Accessory,Case,44,254.41,0.03,11194.04,7276.13,3917.91,Low,Back-to-school promotion
NAW-12355,2026-04-01,FY26 Q2,West,Distributor,Cedar Hall Music,Alex Rivera,Coated Lifespan Strings,Accessory,String set,26,27.31,0.05,710.06,276.92,433.14,Low,Artist clinic follow-up
NAW-12356,2026-04-01,FY26 Q2,West,Artist Relations,Cedar Hall Music,Taylor Brooks,Humidifier Kit,Accessory,Care,53,30.56,0.12,1619.68,696.46,923.22,Low,Artist clinic follow-up
NAW-12357,2026-04-01,FY26 Q2,West,Artist Relations,Riverbend Instruments,Samira Khan,Aurora Dreadnought,Guitar,Spruce/Mahogany,15,1509.01,0.03,22635.15,13128.39,9506.76,Low,Holiday prebuild
NAW-12358,2026-04-01,FY26 Q2,West,E-commerce,Riverbend Instruments,Taylor Brooks,Phosphor Bronze Strings,Accessory,String set,31,17.63,0.08,546.53,229.54,316.99,Low,Back-to-school promotion
NAW-12359,2026-04-01,FY26 Q2,West,Artist Relations,Bayfront Studio Gear,Casey Morgan,Stage Cutaway,Guitar,Spruce/Ovangkol,23,1292.33,0.1,29723.59,17536.92,12186.67,High,Holiday prebuild
NAW-12360,2026-04-01,FY26 Q2,West,Dealer,Main Street Frets,Morgan Evans,Phosphor Bronze Strings,Accessory,String set,37,16.86,0.12,623.82,262.0,361.82,Low,Accessory attach opportunity
NAW-12361,2026-04-01,FY26 Q2,West,Artist Relations,Cedar Hall Music,Jordan Lee,Phosphor Bronze Strings,Accessory,String set,100,18.59,0.03,1859.0,780.78,1078.22,Low,Holiday prebuild
NAW-12362,2026-04-01,FY26 Q2,West,Distributor,Blue Ridge Music,Alex Rivera,Stage Cutaway,Guitar,Spruce/Ovangkol,12,1435.92,0,17231.04,10166.31,7064.73,Medium,Holiday prebuild
NAW-12363,2026-04-01,FY26 Q2,West,Artist Relations,Prairie Note,Samira Khan,Stage Cutaway,Guitar,Spruce/Ovangkol,17,1263.61,0.12,21481.37,12674.01,8807.36,High,Back-to-school promotion
NAW-12364,2026-04-01,FY26 Q2,West,Distributor,Soundpost Music,Riley Stone,Trail Mini,Guitar,HPL/Sapele,38,525.89,0.12,19983.82,12789.64,7194.18,Low,Back-to-school promotion
NAW-12365,2026-04-01,FY26 Q2,West,E-commerce,Main Street Frets,Priya Shah,Aurora Dreadnought,Guitar,Spruce/Mahogany,27,1400.11,0.1,37802.97,21925.72,15877.25,Low,Holiday prebuild
NAW-12366,2026-04-01,FY26 Q2,West,Dealer,Pacific Pick House,Samira Khan,Trail Mini,Guitar,HPL/Sapele,38,579.67,0.03,22027.46,14097.57,7929.89,Medium,Back-to-school promotion
NAW-12367,2026-04-01,FY26 Q2,West,E-commerce,Pacific Pick House,Samira Khan,Aurora Dreadnought,Guitar,Spruce/Mahogany,22,1431.22,0.08,31486.84,18262.37,13224.47,Medium,Holiday prebuild
NAW-12368,2026-04-01,FY26 Q2,West,Dealer,Bayfront Studio Gear,Taylor Brooks,Summit Grand Auditorium,Guitar,Spruce/Walnut,10,1857.51,0.03,18575.1,10402.06,8173.04,Medium,Back-to-school promotion
NAW-12369,2026-04-01,FY26 Q2,West,E-commerce,Desert Tone Co.,Alex Rivera,Coated Lifespan Strings,Accessory,String set,51,25.87,0.1,1319.37,514.55,804.82,Low,Accessory attach opportunity
NAW-12370,2026-04-01,FY26 Q2,West,Dealer,Main Street Frets,Morgan Evans,Premium Strap,Accessory,Accessory,28,58.68,0,1643.04,755.8,887.24,High,Back-to-school promotion
NAW-12371,2026-04-01,FY26 Q2,West,Distributor,Lakeside Strings,Samira Khan,Harbor OM,Guitar,Spruce/Rosewood,35,2001.33,0.12,70046.55,37825.14,32221.41,Low,Back-to-school promotion
NAW-12372,2026-04-01,FY26 Q2,West,Artist Relations,Pacific Pick House,Taylor Brooks,Northstar Ukulele,Instrument,Mahogany,13,397.06,0.05,5161.78,3148.69,2013.09,Low,Accessory attach opportunity
NAW-12373,2026-04-01,FY26 Q2,West,Artist Relations,Copper Canyon Guitars,Priya Shah,Stage Cutaway,Guitar,Spruce/Ovangkol,25,1364.12,0.05,34103.0,20120.77,13982.23,Low,Artist clinic follow-up
NAW-12374,2026-04-01,FY26 Q2,West,E-commerce,Prairie Note,Samira Khan,Premium Strap,Accessory,Accessory,103,52.81,0.1,5439.43,2502.14,2937.29,Low,Holiday prebuild
NAW-12375,2026-04-01,FY26 Q2,West,Dealer,Main Street Frets,Taylor Brooks,Coated Lifespan Strings,Accessory,String set,31,26.44,0.08,819.64,319.66,499.98,Low,Back-to-school promotion
NAW-12376,2026-04-01,FY26 Q2,West,Distributor,Blue Ridge Music,Elliot Chen,Northstar Ukulele,Instrument,Mahogany,5,384.52,0.08,1922.6,1172.79,749.81,Low,Back-to-school promotion
NAW-12377,2026-04-01,FY26 Q2,West,Dealer,Pacific Pick House,Jordan Lee,Premium Strap,Accessory,Accessory,144,53.99,0.08,7774.56,3576.3,4198.26,Low,Artist clinic follow-up
NAW-12378,2026-04-01,FY26 Q2,West,Education,Prairie Note,Alex Rivera,Northstar Ukulele,Instrument,Mahogany,18,397.06,0.05,7147.08,4359.72,2787.36,Low,Holiday prebuild
NAW-12379,2026-04-01,FY26 Q2,West,Distributor,Riverbend Instruments,Priya Shah,Northstar Ukulele,Instrument,Mahogany,9,405.42,0.03,3648.78,2225.76,1423.02,Low,Artist clinic follow-up
NAW-12380,2026-05-01,FY26 Q2,Northeast,Artist Relations,Bayfront Studio Gear,Alex Rivera,Premium Strap,Accessory,Accessory,37,50.35,0.05,1862.95,856.96,1005.99,Low,Artist clinic follow-up
NAW-12381,2026-05-01,FY26 Q2,Northeast,Artist Relations,Lakeside Strings,Dana Hart,Northstar Ukulele,Instrument,Mahogany,9,347.28,0.08,3125.52,1906.57,1218.95,Medium,Dealer replenishment
NAW-12382,2026-05-01,FY26 Q2,Northeast,Dealer,Metro Music Supply,Elliot Chen,Aurora Dreadnought,Guitar,Spruce/Mahogany,4,1236.4,0.12,4945.6,2868.45,2077.15,Low,Holiday prebuild
NAW-12383,2026-05-01,FY26 Q2,Northeast,Distributor,Lakeside Strings,Riley Stone,Humidifier Kit,Accessory,Care,80,28.23,0.1,2258.4,971.11,1287.29,Low,Dealer replenishment
NAW-12384,2026-05-01,FY26 Q2,Northeast,Education,Copper Canyon Guitars,Morgan Evans,Aurora Dreadnought,Guitar,Spruce/Mahogany,3,1264.5,0.1,3793.5,2200.23,1593.27,High,Holiday prebuild
NAW-12385,2026-05-01,FY26 Q2,Northeast,Dealer,Cedar Hall Music,Samira Khan,Foundry Custom,Guitar,Adirondack/Maple,15,3784.52,0,56767.8,27816.22,28951.58,Low,Accessory attach opportunity
NAW-12386,2026-05-01,FY26 Q2,Northeast,Distributor,Desert Tone Co.,Elliot Chen,Coated Lifespan Strings,Accessory,String set,128,25.96,0,3322.88,1295.92,2026.96,Low,Artist clinic follow-up
NAW-12387,2026-05-01,FY26 Q2,Northeast,Distributor,Lakeside Strings,Jordan Lee,Stage Cutaway,Guitar,Spruce/Ovangkol,23,1296.84,0,29827.32,17598.12,12229.2,High,Artist clinic follow-up
NAW-12388,2026-05-01,FY26 Q2,Northeast,Artist Relations,Lakeside Strings,Alex Rivera,Coated Lifespan Strings,Accessory,String set,91,22.84,0.12,2078.44,810.59,1267.85,Medium,Holiday prebuild
NAW-12389,2026-05-01,FY26 Q2,Northeast,Distributor,Main Street Frets,Casey Morgan,Humidifier Kit,Accessory,Care,142,27.6,0.12,3919.2,1685.26,2233.94,High,Dealer replenishment
NAW-12390,2026-05-01,FY26 Q2,Northeast,Artist Relations,Blue Ridge Music,Riley Stone,Phosphor Bronze Strings,Accessory,String set,134,15.58,0.1,2087.72,876.84,1210.88,Low,Holiday prebuild
NAW-12391,2026-05-01,FY26 Q2,Northeast,Artist Relations,Metro Music Supply,Dana Hart,Northstar Ukulele,Instrument,Mahogany,22,332.18,0.12,7307.96,4457.86,2850.1,Low,Artist clinic follow-up
NAW-12392,2026-05-01,FY26 Q2,Northeast,Artist Relations,Prairie Note,Morgan Evans,Stage Cutaway,Guitar,Spruce/Ovangkol,28,1193.09,0.08,33406.52,19709.85,13696.67,Medium,Back-to-school promotion
NAW-12393,2026-05-01,FY26 Q2,Northeast,E-commerce,Desert Tone Co.,Jordan Lee,Humidifier Kit,Accessory,Care,82,31.37,0,2572.34,1106.11,1466.23,Medium,Holiday prebuild
NAW-12394,2026-05-01,FY26 Q2,Northeast,Distributor,Main Street Frets,Priya Shah,Summit Grand Auditorium,Guitar,Spruce/Walnut,21,1729.48,0,36319.08,20338.68,15980.4,Medium,Accessory attach opportunity
NAW-12395,2026-05-01,FY26 Q2,Northeast,E-commerce,Bayfront Studio Gear,Priya Shah,Hardshell Case,Accessory,Case,111,236.87,0,26292.57,17090.17,9202.4,Low,Artist clinic follow-up
NAW-12396,2026-05-01,FY26 Q2,Northeast,Distributor,Pacific Pick House,Jordan Lee,Humidifier Kit,Accessory,Care,115,27.6,0.12,3174.0,1364.82,1809.18,Low,Dealer replenishment
NAW-12397,2026-05-01,FY26 Q2,Northeast,Artist Relations,Copper Canyon Guitars,Priya Shah,Northstar Ukulele,Instrument,Mahogany,4,377.48,0,1509.92,921.05,588.87,Low,Artist clinic follow-up
NAW-12398,2026-05-01,FY26 Q2,Northeast,Artist Relations,Bayfront Studio Gear,Casey Morgan,Coated Lifespan Strings,Accessory,String set,145,25.96,0,3764.2,1468.04,2296.16,Low,Accessory attach opportunity
NAW-12399,2026-05-01,FY26 Q2,Northeast,Distributor,Riverbend Instruments,Elliot Chen,Premium Strap,Accessory,Accessory,44,48.76,0.08,2145.44,986.9,1158.54,Medium,Artist clinic follow-up
NAW-12400,2026-05-01,FY26 Q2,Northeast,Dealer,Main Street Frets,Alex Rivera,Coated Lifespan Strings,Accessory,String set,22,24.66,0.05,542.52,211.58,330.94,Medium,Dealer replenishment
NAW-12401,2026-05-01,FY26 Q2,Northeast,Education,Main Street Frets,Alex Rivera,Phosphor Bronze Strings,Accessory,String set,24,16.44,0.05,394.56,165.72,228.84,Low,Artist clinic follow-up
NAW-12402,2026-05-01,FY26 Q2,Northeast,Distributor,Soundpost Music,Riley Stone,Phosphor Bronze Strings,Accessory,String set,140,17.31,0,2423.4,1017.83,1405.57,High,Artist clinic follow-up
NAW-12403,2026-05-01,FY26 Q2,Northeast,Dealer,Prairie Note,Jordan Lee,Harbor OM,Guitar,Spruce/Rosewood,23,1889.64,0.08,43461.72,23469.33,19992.39,Low,Dealer replenishment
NAW-12404,2026-05-01,FY26 Q2,Northeast,Education,Metro Music Supply,Samira Khan,Trail Mini,Guitar,HPL/Sapele,29,523.53,0.03,15182.37,9716.72,5465.65,Medium,Accessory attach opportunity
NAW-12405,2026-05-01,FY26 Q2,Northeast,Distributor,Bayfront Studio Gear,Casey Morgan,Trail Mini,Guitar,HPL/Sapele,21,474.95,0.12,9973.95,6383.33,3590.62,Low,Back-to-school promotion
NAW-12406,2026-05-01,FY26 Q2,Northeast,E-commerce,Desert Tone Co.,Riley Stone,Coated Lifespan Strings,Accessory,String set,137,22.84,0.12,3129.08,1220.34,1908.74,Medium,Holiday prebuild
NAW-12407,2026-05-01,FY26 Q2,Northeast,Education,Copper Canyon Guitars,Jordan Lee,Summit Grand Auditorium,Guitar,Spruce/Walnut,35,1591.12,0.08,55689.2,31185.95,24503.25,Medium,Back-to-school promotion
NAW-12408,2026-05-01,FY26 Q2,Southeast,E-commerce,Soundpost Music,Priya Shah,Northstar Ukulele,Instrument,Mahogany,2,331.02,0.05,662.04,403.84,258.2,High,Artist clinic follow-up
NAW-12409,2026-05-01,FY26 Q2,Southeast,Dealer,Cedar Hall Music,Taylor Brooks,Coated Lifespan Strings,Accessory,String set,124,22.04,0.08,2732.96,1065.85,1667.11,Low,Dealer replenishment
NAW-12410,2026-05-01,FY26 Q2,Southeast,Education,Desert Tone Co.,Taylor Brooks,Northstar Ukulele,Instrument,Mahogany,8,306.63,0.12,2453.04,1496.35,956.69,High,Accessory attach opportunity
NAW-12411,2026-05-01,FY26 Q2,Southeast,Distributor,Riverbend Instruments,Casey Morgan,Premium Strap,Accessory,Accessory,21,48.92,0,1027.32,472.57,554.75,Low,Holiday prebuild
NAW-12412,2026-05-01,FY26 Q2,Southeast,Distributor,Soundpost Music,Elliot Chen,Aurora Dreadnought,Guitar,Spruce/Mahogany,32,1232.08,0.05,39426.56,22867.4,16559.16,Low,Accessory attach opportunity
NAW-12413,2026-05-01,FY26 Q2,Southeast,E-commerce,Soundpost Music,Morgan Evans,Foundry Custom,Guitar,Adirondack/Maple,14,3493.4,0,48907.6,23964.72,24942.88,Low,Accessory attach opportunity
NAW-12414,2026-05-01,FY26 Q2,Southeast,Artist Relations,Blue Ridge Music,Taylor Brooks,Foundry Custom,Guitar,Adirondack/Maple,15,3493.4,0,52401.0,25676.49,26724.51,Medium,Back-to-school promotion
NAW-12415,2026-05-01,FY26 Q2,Southeast,Dealer,Bayfront Studio Gear,Alex Rivera,Summit Grand Auditorium,Guitar,Spruce/Walnut,9,1436.8,0.1,12931.2,7241.47,5689.73,Medium,Dealer replenishment
NAW-12416,2026-05-01,FY26 Q2,Southeast,Distributor,Desert Tone Co.,Morgan Evans,Summit Grand Auditorium,Guitar,Spruce/Walnut,19,1404.87,0.12,26692.53,14947.82,11744.71,Medium,Artist clinic follow-up
NAW-12417,2026-05-01,FY26 Q2,Southeast,E-commerce,Metro Music Supply,Dana Hart,Stage Cutaway,Guitar,Spruce/Ovangkol,20,1101.32,0.08,22026.4,12995.58,9030.82,Medium,Artist clinic follow-up
NAW-12418,2026-05-01,FY26 Q2,Southeast,E-commerce,Desert Tone Co.,Dana Hart,Harbor OM,Guitar,Spruce/Rosewood,6,1839.08,0.03,11034.48,5958.62,5075.86,Medium,Back-to-school promotion
NAW-12419,2026-05-01,FY26 Q2,Southeast,Artist Relations,Pacific Pick House,Taylor Brooks,Hardshell Case,Accessory,Case,42,207.72,0.05,8724.24,5670.76,3053.48,Medium,Holiday prebuild
NAW-12420,2026-05-01,FY26 Q2,Southeast,Dealer,Lakeside Strings,Priya Shah,Stage Cutaway,Guitar,Spruce/Ovangkol,31,1077.37,0.1,33398.47,19705.1,13693.37,High,Artist clinic follow-up
NAW-12421,2026-05-01,FY26 Q2,Southeast,Distributor,Copper Canyon Guitars,Taylor Brooks,Aurora Dreadnought,Guitar,Spruce/Mahogany,32,1193.17,0.08,38181.44,22145.24,16036.2,High,Holiday prebuild
NAW-12422,2026-05-01,FY26 Q2,Southeast,Dealer,Cedar Hall Music,Samira Khan,Hardshell Case,Accessory,Case,76,207.72,0.05,15786.72,10261.37,5525.35,Low,Back-to-school promotion
NAW-12423,2026-05-01,FY26 Q2,Southeast,Distributor,Pacific Pick House,Dana Hart,Summit Grand Auditorium,Guitar,Spruce/Walnut,32,1468.73,0.08,46999.36,26319.64,20679.72,Medium,Dealer replenishment
NAW-12424,2026-05-01,FY26 Q2,Southeast,Education,Pacific Pick House,Jordan Lee,Humidifier Kit,Accessory,Care,128,26.06,0.1,3335.68,1434.34,1901.34,High,Dealer replenishment
NAW-12425,2026-05-01,FY26 Q2,Southeast,Education,Soundpost Music,Alex Rivera,Premium Strap,Accessory,Accessory,107,45.01,0.08,4816.07,2215.39,2600.68,High,Back-to-school promotion
NAW-12426,2026-05-01,FY26 Q2,Southeast,Distributor,Prairie Note,Elliot Chen,Aurora Dreadnought,Guitar,Spruce/Mahogany,34,1296.92,0,44095.28,25575.26,18520.02,Medium,Dealer replenishment
NAW-12427,2026-05-01,FY26 Q2,Southeast,Education,Metro Music Supply,Morgan Evans,Hardshell Case,Accessory,Case,36,196.78,0.1,7084.08,4604.65,2479.43,Low,Accessory attach opportunity
NAW-12428,2026-05-01,FY26 Q2,Southeast,Dealer,Prairie Note,Jordan Lee,Coated Lifespan Strings,Accessory,String set,21,22.04,0.08,462.84,180.51,282.33,Medium,Dealer replenishment
NAW-12429,2026-05-01,FY26 Q2,Southeast,Artist Relations,Riverbend Instruments,Riley Stone,Trail Mini,Guitar,HPL/Sapele,15,498.2,0,7473.0,4782.72,2690.28,High,Holiday prebuild
NAW-12430,2026-05-01,FY26 Q2,Southeast,Distributor,Lakeside Strings,Alex Rivera,Trail Mini,Guitar,HPL/Sapele,15,458.35,0.08,6875.25,4400.16,2475.09,Medium,Artist clinic follow-up
NAW-12431,2026-05-01,FY26 Q2,Southeast,Dealer,Soundpost Music,Riley Stone,Premium Strap,Accessory,Accessory,107,45.01,0.08,4816.07,2215.39,2600.68,Low,Dealer replenishment
NAW-12432,2026-05-01,FY26 Q2,Southeast,Artist Relations,Pacific Pick House,Priya Shah,Stage Cutaway,Guitar,Spruce/Ovangkol,9,1161.17,0.03,10450.53,6165.81,4284.72,Low,Artist clinic follow-up
NAW-12433,2026-05-01,FY26 Q2,Southeast,Artist Relations,Copper Canyon Guitars,Alex Rivera,Aurora Dreadnought,Guitar,Spruce/Mahogany,7,1258.01,0.03,8806.07,5107.52,3698.55,Medium,Accessory attach opportunity
NAW-12434,2026-05-01,FY26 Q2,Southeast,Artist Relations,Metro Music Supply,Samira Khan,Aurora Dreadnought,Guitar,Spruce/Mahogany,2,1167.23,0.1,2334.46,1353.99,980.47,Low,Back-to-school promotion
NAW-12435,2026-05-01,FY26 Q2,Southeast,Education,Blue Ridge Music,Casey Morgan,Harbor OM,Guitar,Spruce/Rosewood,36,1839.08,0.03,66206.88,35751.72,30455.16,Medium,Artist clinic follow-up
NAW-12436,2026-05-01,FY26 Q2,Midwest,Dealer,Metro Music Supply,Morgan Evans,Hardshell Case,Accessory,Case,33,201.23,0.05,6640.59,4316.38,2324.21,Medium,Accessory attach opportunity
NAW-12437,2026-05-01,FY26 Q2,Midwest,E-commerce,Prairie Note,Riley Stone,Harbor OM,Guitar,Spruce/Rosewood,37,1744.88,0.05,64560.56,34862.7,29697.86,Medium,Dealer replenishment
NAW-12438,2026-05-01,FY26 Q2,Midwest,Education,Metro Music Supply,Dana Hart,Aurora Dreadnought,Guitar,Spruce/Mahogany,8,1256.39,0,10051.12,5829.65,4221.47,Medium,Back-to-school promotion
NAW-12439,2026-05-01,FY26 Q2,Midwest,Dealer,Bayfront Studio Gear,Elliot Chen,Northstar Ukulele,Instrument,Mahogany,11,337.55,0,3713.05,2264.96,1448.09,Low,Accessory attach opportunity
NAW-12440,2026-05-01,FY26 Q2,Midwest,Education,Copper Canyon Guitars,Samira Khan,Coated Lifespan Strings,Accessory,String set,110,22.52,0.03,2477.2,966.11,1511.09,Low,Accessory attach opportunity
NAW-12441,2026-05-01,FY26 Q2,Midwest,Education,Prairie Note,Casey Morgan,Humidifier Kit,Accessory,Care,129,26.65,0.05,3437.85,1478.28,1959.57,Medium,Dealer replenishment
NAW-12442,2026-05-01,FY26 Q2,Midwest,E-commerce,Soundpost Music,Casey Morgan,Summit Grand Auditorium,Guitar,Spruce/Walnut,19,1469.23,0.05,27915.37,15632.61,12282.76,Low,Artist clinic follow-up
NAW-12443,2026-05-01,FY26 Q2,Midwest,Distributor,Lakeside Strings,Jordan Lee,Phosphor Bronze Strings,Accessory,String set,147,15.01,0.03,2206.47,926.72,1279.75,Low,Holiday prebuild
NAW-12444,2026-05-01,FY26 Q2,Midwest,Distributor,Lakeside Strings,Priya Shah,Stage Cutaway,Guitar,Spruce/Ovangkol,27,1043.71,0.1,28180.17,16626.3,11553.87,Medium,Dealer replenishment
NAW-12445,2026-05-01,FY26 Q2,Midwest,Dealer,Blue Ridge Music,Casey Morgan,Trail Mini,Guitar,HPL/Sapele,38,458.5,0.05,17423.0,11150.72,6272.28,Low,Back-to-school promotion
NAW-12446,2026-05-01,FY26 Q2,Midwest,Dealer,Cedar Hall Music,Alex Rivera,Phosphor Bronze Strings,Accessory,String set,60,13.93,0.1,835.8,351.04,484.76,Low,Holiday prebuild
NAW-12447,2026-05-01,FY26 Q2,Midwest,Education,Blue Ridge Music,Alex Rivera,Aurora Dreadnought,Guitar,Spruce/Mahogany,29,1155.88,0.08,33520.52,19441.9,14078.62,High,Accessory attach opportunity
NAW-12448,2026-05-01,FY26 Q2,Midwest,Distributor,Bayfront Studio Gear,Jordan Lee,Humidifier Kit,Accessory,Care,44,26.65,0.05,1172.6,504.22,668.38,High,Accessory attach opportunity
NAW-12449,2026-05-01,FY26 Q2,Midwest,Distributor,Blue Ridge Music,Dana Hart,Harbor OM,Guitar,Spruce/Rosewood,13,1836.71,0,23877.23,12893.7,10983.53,Low,Accessory attach opportunity
NAW-12450,2026-05-01,FY26 Q2,Midwest,Artist Relations,Blue Ridge Music,Alex Rivera,Aurora Dreadnought,Guitar,Spruce/Mahogany,17,1193.57,0.05,20290.69,11768.6,8522.09,Low,Accessory attach opportunity
NAW-12451,2026-05-01,FY26 Q2,Midwest,E-commerce,Blue Ridge Music,Casey Morgan,Summit Grand Auditorium,Guitar,Spruce/Walnut,12,1500.16,0.03,18001.92,10081.08,7920.84,High,Accessory attach opportunity
NAW-12452,2026-05-01,FY26 Q2,Midwest,Dealer,Copper Canyon Guitars,Riley Stone,Trail Mini,Guitar,HPL/Sapele,10,458.5,0.05,4585.0,2934.4,1650.6,Low,Artist clinic follow-up
NAW-12453,2026-05-01,FY26 Q2,Midwest,Dealer,Pacific Pick House,Elliot Chen,Foundry Custom,Guitar,Adirondack/Maple,26,3282.71,0.03,85350.46,41821.73,43528.73,Medium,Holiday prebuild
NAW-12454,2026-05-01,FY26 Q2,Midwest,Artist Relations,Bayfront Studio Gear,Morgan Evans,Stage Cutaway,Guitar,Spruce/Ovangkol,29,1159.67,0,33630.43,19841.95,13788.48,Low,Back-to-school promotion
NAW-12455,2026-05-01,FY26 Q2,Midwest,Artist Relations,Prairie Note,Samira Khan,Summit Grand Auditorium,Guitar,Spruce/Walnut,35,1391.9,0.1,48716.5,27281.24,21435.26,Low,Artist clinic follow-up
NAW-12456,2026-05-01,FY26 Q2,Midwest,E-commerce,Desert Tone Co.,Casey Morgan,Stage Cutaway,Guitar,Spruce/Ovangkol,4,1066.9,0.08,4267.6,2517.88,1749.72,Medium,Back-to-school promotion
NAW-12457,2026-05-01,FY26 Q2,Midwest,Education,Riverbend Instruments,Casey Morgan,Foundry Custom,Guitar,Adirondack/Maple,29,2978.12,0.12,86365.48,42319.09,44046.39,Medium,Artist clinic follow-up
NAW-12458,2026-05-01,FY26 Q2,Midwest,E-commerce,Blue Ridge Music,Riley Stone,Northstar Ukulele,Instrument,Mahogany,37,327.43,0.03,12114.91,7390.1,4724.81,Medium,Dealer replenishment
NAW-12459,2026-05-01,FY26 Q2,Midwest,Dealer,Main Street Frets,Riley Stone,Summit Grand Auditorium,Guitar,Spruce/Walnut,21,1546.55,0,32477.55,18187.43,14290.12,High,Back-to-school promotion
NAW-12460,2026-05-01,FY26 Q2,Midwest,Education,Cedar Hall Music,Priya Shah,Hardshell Case,Accessory,Case,75,186.4,0.12,13980.0,9087.0,4893.0,Medium,Accessory attach opportunity
NAW-12461,2026-05-01,FY26 Q2,Midwest,Dealer,Blue Ridge Music,Samira Khan,Stage Cutaway,Guitar,Spruce/Ovangkol,19,1043.71,0.1,19830.49,11699.99,8130.5,Medium,Holiday prebuild
NAW-12462,2026-05-01,FY26 Q2,Midwest,Education,Prairie Note,Dana Hart,Summit Grand Auditorium,Guitar,Spruce/Walnut,35,1391.9,0.1,48716.5,27281.24,21435.26,High,Dealer replenishment
NAW-12463,2026-05-01,FY26 Q2,Midwest,Artist Relations,Bayfront Studio Gear,Elliot Chen,Trail Mini,Guitar,HPL/Sapele,29,434.37,0.1,12596.73,8061.91,4534.82,Low,Holiday prebuild
NAW-12464,2026-05-01,FY26 Q2,Southwest,Distributor,Metro Music Supply,Elliot Chen,Hardshell Case,Accessory,Case,74,223.2,0,16516.8,10735.92,5780.88,Medium,Artist clinic follow-up
NAW-12465,2026-05-01,FY26 Q2,Southwest,Education,Lakeside Strings,Casey Morgan,Premium Strap,Accessory,Accessory,35,47.44,0.05,1660.4,763.78,896.62,Low,Artist clinic follow-up
NAW-12466,2026-05-01,FY26 Q2,Southwest,Distributor,Soundpost Music,Elliot Chen,Premium Strap,Accessory,Accessory,89,49.94,0,4444.66,2044.54,2400.12,Medium,Back-to-school promotion
NAW-12467,2026-05-01,FY26 Q2,Southwest,Distributor,Blue Ridge Music,Samira Khan,Coated Lifespan Strings,Accessory,String set,80,22.5,0.08,1800.0,702.0,1098.0,Low,Artist clinic follow-up
NAW-12468,2026-05-01,FY26 Q2,Southwest,Education,Lakeside Strings,Alex Rivera,Summit Grand Auditorium,Guitar,Spruce/Walnut,10,1548.22,0.05,15482.2,8670.03,6812.17,Low,Accessory attach opportunity
NAW-12469,2026-05-01,FY26 Q2,Southwest,Dealer,Metro Music Supply,Jordan Lee,Stage Cutaway,Guitar,Spruce/Ovangkol,10,1222.02,0,12220.2,7209.92,5010.28,High,Back-to-school promotion
NAW-12470,2026-05-01,FY26 Q2,Southwest,Education,Soundpost Music,Priya Shah,Coated Lifespan Strings,Accessory,String set,67,22.01,0.1,1474.67,575.12,899.55,Medium,Back-to-school promotion
NAW-12471,2026-05-01,FY26 Q2,Southwest,Dealer,Main Street Frets,Priya Shah,Coated Lifespan Strings,Accessory,String set,139,24.46,0,3399.94,1325.98,2073.96,Medium,Accessory attach opportunity
NAW-12472,2026-05-01,FY26 Q2,Southwest,Artist Relations,Metro Music Supply,Taylor Brooks,Northstar Ukulele,Instrument,Mahogany,31,327.24,0.08,10144.44,6188.11,3956.33,High,Accessory attach opportunity
NAW-12473,2026-05-01,FY26 Q2,Southwest,E-commerce,Cedar Hall Music,Riley Stone,Premium Strap,Accessory,Accessory,79,48.44,0.03,3826.76,1760.31,2066.45,Medium,Back-to-school promotion
NAW-12474,2026-05-01,FY26 Q2,Southwest,Distributor,Main Street Frets,Samira Khan,Trail Mini,Guitar,HPL/Sapele,12,457.72,0.1,5492.64,3515.29,1977.35,Medium,Artist clinic follow-up
NAW-12475,2026-05-01,FY26 Q2,Southwest,E-commerce,Pacific Pick House,Samira Khan,Aurora Dreadnought,Guitar,Spruce/Mahogany,29,1257.74,0.05,36474.46,21155.19,15319.27,Medium,Dealer replenishment
NAW-12476,2026-05-01,FY26 Q2,Southwest,Distributor,Metro Music Supply,Morgan Evans,Premium Strap,Accessory,Accessory,159,47.44,0.05,7542.96,3469.76,4073.2,Low,Accessory attach opportunity
NAW-12477,2026-05-01,FY26 Q2,Southwest,Education,Desert Tone Co.,Jordan Lee,Hardshell Case,Accessory,Case,157,216.51,0.03,33992.07,22094.85,11897.22,Low,Back-to-school promotion
NAW-12478,2026-05-01,FY26 Q2,Southwest,Dealer,Desert Tone Co.,Alex Rivera,Northstar Ukulele,Instrument,Mahogany,4,327.24,0.08,1308.96,798.47,510.49,Medium,Artist clinic follow-up
NAW-12479,2026-05-01,FY26 Q2,Southwest,Distributor,Copper Canyon Guitars,Casey Morgan,Trail Mini,Guitar,HPL/Sapele,37,457.72,0.1,16935.64,10838.81,6096.83,High,Back-to-school promotion
NAW-12480,2026-05-01,FY26 Q2,Southwest,Dealer,Blue Ridge Music,Jordan Lee,Foundry Custom,Guitar,Adirondack/Maple,33,3280.89,0.08,108269.37,53051.99,55217.38,High,Accessory attach opportunity
NAW-12481,2026-05-01,FY26 Q2,Southwest,Dealer,Copper Canyon Guitars,Elliot Chen,Premium Strap,Accessory,Accessory,117,47.44,0.05,5550.48,2553.22,2997.26,Medium,Artist clinic follow-up
NAW-12482,2026-05-01,FY26 Q2,Southwest,Education,Blue Ridge Music,Samira Khan,Aurora Dreadnought,Guitar,Spruce/Mahogany,20,1191.55,0.1,23831.0,13821.98,10009.02,Medium,Accessory attach opportunity
NAW-12483,2026-05-01,FY26 Q2,Southwest,E-commerce,Bayfront Studio Gear,Jordan Lee,Coated Lifespan Strings,Accessory,String set,43,23.24,0.05,999.32,389.73,609.59,Low,Dealer replenishment
NAW-12484,2026-05-01,FY26 Q2,Southwest,E-commerce,Blue Ridge Music,Elliot Chen,Stage Cutaway,Guitar,Spruce/Ovangkol,28,1075.38,0.12,30110.64,17765.28,12345.36,Medium,Accessory attach opportunity
NAW-12485,2026-05-01,FY26 Q2,Southwest,Dealer,Cedar Hall Music,Dana Hart,Aurora Dreadnought,Guitar,Spruce/Mahogany,6,1257.74,0.05,7546.44,4376.94,3169.5,Low,Accessory attach opportunity
NAW-12486,2026-05-01,FY26 Q2,Southwest,Dealer,Blue Ridge Music,Casey Morgan,Humidifier Kit,Accessory,Care,106,28.08,0.05,2976.48,1279.89,1696.59,Low,Dealer replenishment
NAW-12487,2026-05-01,FY26 Q2,Southwest,Education,Riverbend Instruments,Riley Stone,Humidifier Kit,Accessory,Care,155,28.67,0.03,4443.85,1910.86,2532.99,Low,Dealer replenishment
NAW-12488,2026-05-01,FY26 Q2,Southwest,Dealer,Soundpost Music,Dana Hart,Humidifier Kit,Accessory,Care,80,28.67,0.03,2293.6,986.25,1307.35,Medium,Back-to-school promotion
NAW-12489,2026-05-01,FY26 Q2,Southwest,E-commerce,Metro Music Supply,Casey Morgan,Stage Cutaway,Guitar,Spruce/Ovangkol,5,1160.92,0.05,5804.6,3424.71,2379.89,Medium,Artist clinic follow-up
NAW-12490,2026-05-01,FY26 Q2,Southwest,Dealer,Bayfront Studio Gear,Morgan Evans,Summit Grand Auditorium,Guitar,Spruce/Walnut,3,1499.32,0.08,4497.96,2518.86,1979.1,Medium,Accessory attach opportunity
NAW-12491,2026-05-01,FY26 Q2,Southwest,Education,Desert Tone Co.,Casey Morgan,Premium Strap,Accessory,Accessory,46,44.95,0.1,2067.7,951.14,1116.56,Low,Holiday prebuild
NAW-12492,2026-05-01,FY26 Q2,West,Artist Relations,Copper Canyon Guitars,Dana Hart,Foundry Custom,Guitar,Adirondack/Maple,18,3668.07,0.1,66025.26,32352.38,33672.88,High,Dealer replenishment
NAW-12493,2026-05-01,FY26 Q2,West,Education,Lakeside Strings,Taylor Brooks,Aurora Dreadnought,Guitar,Spruce/Mahogany,12,1392.03,0.08,16704.36,9688.53,7015.83,Low,Accessory attach opportunity
NAW-12494,2026-05-01,FY26 Q2,West,Education,Bayfront Studio Gear,Jordan Lee,Premium Strap,Accessory,Accessory,59,50.23,0.12,2963.57,1363.24,1600.33,Medium,Artist clinic follow-up
NAW-12495,2026-05-01,FY26 Q2,West,Dealer,Lakeside Strings,Jordan Lee,Stage Cutaway,Guitar,Spruce/Ovangkol,38,1284.87,0.08,48825.06,28806.79,20018.27,Low,Artist clinic follow-up
NAW-12496,2026-05-01,FY26 Q2,West,Distributor,Metro Music Supply,Jordan Lee,Premium Strap,Accessory,Accessory,18,57.08,0,1027.44,472.62,554.82,Low,Accessory attach opportunity
NAW-12497,2026-05-01,FY26 Q2,West,E-commerce,Cedar Hall Music,Morgan Evans,Stage Cutaway,Guitar,Spruce/Ovangkol,7,1256.94,0.1,8798.58,5191.16,3607.42,Low,Dealer replenishment
NAW-12498,2026-05-01,FY26 Q2,West,Artist Relations,Copper Canyon Guitars,Samira Khan,Foundry Custom,Guitar,Adirondack/Maple,20,3749.58,0.08,74991.6,36745.88,38245.72,Medium,Holiday prebuild
NAW-12499,2026-05-01,FY26 Q2,West,Dealer,Prairie Note,Taylor Brooks,Premium Strap,Accessory,Accessory,133,51.37,0.1,6832.21,3142.82,3689.39,Low,Artist clinic follow-up
NAW-12500,2026-05-01,FY26 Q2,West,E-commerce,Prairie Note,Casey Morgan,Hardshell Case,Accessory,Case,98,234.68,0.08,22998.64,14949.12,8049.52,Low,Dealer replenishment
NAW-12501,2026-05-01,FY26 Q2,West,Distributor,Cedar Hall Music,Dana Hart,Summit Grand Auditorium,Guitar,Spruce/Walnut,35,1676.26,0.1,58669.1,32854.7,25814.4,Low,Dealer replenishment
NAW-12502,2026-05-01,FY26 Q2,West,E-commerce,Prairie Note,Alex Rivera,Northstar Ukulele,Instrument,Mahogany,4,406.52,0,1626.08,991.91,634.17,Low,Holiday prebuild
NAW-12503,2026-05-01,FY26 Q2,West,Distributor,Lakeside Strings,Jordan Lee,Foundry Custom,Guitar,Adirondack/Maple,21,3668.07,0.1,77029.47,37744.44,39285.03,Low,Back-to-school promotion
NAW-12504,2026-05-01,FY26 Q2,West,Distributor,Main Street Frets,Jordan Lee,Foundry Custom,Guitar,Adirondack/Maple,38,3871.85,0.05,147130.3,72093.85,75036.45,Low,Accessory attach opportunity
NAW-12505,2026-05-01,FY26 Q2,West,Artist Relations,Desert Tone Co.,Jordan Lee,Stage Cutaway,Guitar,Spruce/Ovangkol,9,1396.6,0,12569.4,7415.95,5153.45,High,Accessory attach opportunity
NAW-12506,2026-05-01,FY26 Q2,West,Education,Prairie Note,Alex Rivera,Trail Mini,Guitar,HPL/Sapele,12,523.11,0.1,6277.32,4017.48,2259.84,Medium,Accessory attach opportunity
NAW-12507,2026-05-01,FY26 Q2,West,E-commerce,Lakeside Strings,Casey Morgan,Trail Mini,Guitar,HPL/Sapele,15,581.24,0,8718.6,5579.9,3138.7,Medium,Dealer replenishment
NAW-12508,2026-05-01,FY26 Q2,West,Distributor,Pacific Pick House,Priya Shah,Premium Strap,Accessory,Accessory,84,55.36,0.03,4650.24,2139.11,2511.13,Medium,Accessory attach opportunity
NAW-12509,2026-05-01,FY26 Q2,West,Dealer,Soundpost Music,Priya Shah,Trail Mini,Guitar,HPL/Sapele,10,581.24,0,5812.4,3719.94,2092.46,Low,Accessory attach opportunity
NAW-12510,2026-05-01,FY26 Q2,West,E-commerce,Cedar Hall Music,Elliot Chen,Coated Lifespan Strings,Accessory,String set,66,26.56,0.05,1752.96,683.65,1069.31,Medium,Accessory attach opportunity
NAW-12511,2026-05-01,FY26 Q2,West,Education,Riverbend Instruments,Priya Shah,Phosphor Bronze Strings,Accessory,String set,24,18.08,0.03,433.92,182.25,251.67,Low,Back-to-school promotion
NAW-12512,2026-05-01,FY26 Q2,West,Distributor,Main Street Frets,Casey Morgan,Aurora Dreadnought,Guitar,Spruce/Mahogany,5,1467.68,0.03,7338.4,4256.27,3082.13,Medium,Dealer replenishment
NAW-12513,2026-05-01,FY26 Q2,West,Dealer,Bayfront Studio Gear,Riley Stone,Stage Cutaway,Guitar,Spruce/Ovangkol,25,1354.7,0.03,33867.5,19981.83,13885.67,Low,Back-to-school promotion
NAW-12514,2026-05-01,FY26 Q2,West,E-commerce,Copper Canyon Guitars,Riley Stone,Summit Grand Auditorium,Guitar,Spruce/Walnut,36,1676.26,0.1,60345.36,33793.4,26551.96,Medium,Artist clinic follow-up
NAW-12515,2026-05-01,FY26 Q2,West,Education,Cedar Hall Music,Jordan Lee,Summit Grand Auditorium,Guitar,Spruce/Walnut,22,1713.51,0.08,37697.22,21110.44,16586.78,High,Dealer replenishment
NAW-12516,2026-05-01,FY26 Q2,West,E-commerce,Lakeside Strings,Priya Shah,Stage Cutaway,Guitar,Spruce/Ovangkol,25,1256.94,0.1,31423.5,18539.87,12883.63,Medium,Holiday prebuild
NAW-12517,2026-05-01,FY26 Q2,West,Dealer,Prairie Note,Alex Rivera,Stage Cutaway,Guitar,Spruce/Ovangkol,6,1256.94,0.1,7541.64,4449.57,3092.07,High,Accessory attach opportunity
NAW-12518,2026-05-01,FY26 Q2,West,Artist Relations,Soundpost Music,Alex Rivera,Trail Mini,Guitar,HPL/Sapele,6,552.17,0.05,3313.02,2120.33,1192.69,High,Artist clinic follow-up
NAW-12519,2026-05-01,FY26 Q2,West,E-commerce,Bayfront Studio Gear,Casey Morgan,Trail Mini,Guitar,HPL/Sapele,8,511.49,0.12,4091.92,2618.83,1473.09,Medium,Holiday prebuild
